-- MySQL dump 10.11
--
-- Host: localhost    Database: resman2
-- ------------------------------------------------------
-- Server version	5.0.77-log

/*!40101 SET @OLD_CHARACTER_SET_CLIENT=@@CHARACTER_SET_CLIENT */;
/*!40101 SET @OLD_CHARACTER_SET_RESULTS=@@CHARACTER_SET_RESULTS */;
/*!40101 SET @OLD_COLLATION_CONNECTION=@@COLLATION_CONNECTION */;
/*!40101 SET NAMES utf8 */;
/*!40103 SET @OLD_TIME_ZONE=@@TIME_ZONE */;
/*!40103 SET TIME_ZONE='+00:00' */;
/*!40014 SET @OLD_UNIQUE_CHECKS=@@UNIQUE_CHECKS, UNIQUE_CHECKS=0 */;
/*!40014 SET @OLD_FOREIGN_KEY_CHECKS=@@FOREIGN_KEY_CHECKS, FOREIGN_KEY_CHECKS=0 */;
/*!40101 SET @OLD_SQL_MODE=@@SQL_MODE, SQL_MODE='NO_AUTO_VALUE_ON_ZERO' */;
/*!40111 SET @OLD_SQL_NOTES=@@SQL_NOTES, SQL_NOTES=0 */;

--
-- Table structure for table `base_unit`
--

DROP TABLE IF EXISTS `base_unit`;
SET @saved_cs_client     = @@character_set_client;
SET character_set_client = utf8;
CREATE TABLE `base_unit` (
  `base_unit_id` int(10) unsigned NOT NULL auto_increment,
  `base_unit` varchar(40) NOT NULL,
  PRIMARY KEY  (`base_unit_id`),
  UNIQUE KEY `unique_base_unit_1` (`base_unit_id`)
) ENGINE=InnoDB AUTO_INCREMENT=5 DEFAULT CHARSET=utf8;
SET character_set_client = @saved_cs_client;

--
-- Dumping data for table `base_unit`
--

LOCK TABLES `base_unit` WRITE;
/*!40000 ALTER TABLE `base_unit` DISABLE KEYS */;
INSERT INTO `base_unit` VALUES (1,'KL'),(2,'m3'),(3,'STB'),(4,'SCF');
/*!40000 ALTER TABLE `base_unit` ENABLE KEYS */;
UNLOCK TABLES;

--
-- Table structure for table `field`
--

DROP TABLE IF EXISTS `field`;
SET @saved_cs_client     = @@character_set_client;
SET character_set_client = utf8;
CREATE TABLE `field` (
  `field_id` int(10) unsigned NOT NULL auto_increment,
  `field` varchar(40) NOT NULL default '' COMMENT '全角文字を入力しないこと',
  `field_zen` varchar(40) NOT NULL default '' COMMENT 'なるだけ全角文字のみ入力すること',
  `date_field_aban` date default NULL COMMENT '採収終了となった日付',
  `date_added` date default NULL,
  `date_removed` date default NULL,
  `field_north` int(10) unsigned NOT NULL default '0' COMMENT '北に位置するほど小さい値になる',
  PRIMARY KEY  (`field_id`),
  UNIQUE KEY `field_id` (`field_id`),
  UNIQUE KEY `field` (`field`),
) ENGINE=InnoDB AUTO_INCREMENT=50 DEFAULT CHARSET=utf8;
SET character_set_client = @saved_cs_client;

--
-- Dumping data for table `field`
--

LOCK TABLES `field` WRITE;
/*!40000 ALTER TABLE `field` DISABLE KEYS */;
INSERT INTO `field` VALUES (1,'Yufutsu','勇払',NULL,NULL,NULL,140,1),(2,'Akebono Asasou','あけぼの浅層',NULL,NULL,NULL,150,1),(3,'Sarukawa','申川',NULL,NULL,NULL,320,3),(4,'Fukubezawa','福米沢',NULL,NULL,NULL,330,3),(5,'Fukukawa','福川',NULL,NULL,NULL,340,6),(6,'Nishi-Ohgata','西大潟',NULL,NULL,NULL,350,6),(7,'Yoshino','美野',NULL,NULL,NULL,360,6),(8,'Yurihara','由利原',NULL,NULL,NULL,440,4),(9,'Ayukawa','鮎川',NULL,NULL,NULL,460,4),(10,'Amarume','余目',NULL,NULL,NULL,480,5),(11,'Hirakida','平木田',NULL,NULL,NULL,720,14),(12,'Shiunji','紫雲寺',NULL,NULL,NULL,740,7),(13,'Shintainai','新胎内',NULL,NULL,NULL,760,14),(14,'Higashi-Niigata','東新潟',NULL,NULL,NULL,840,8),(15,'Mitsuke','見附',NULL,NULL,NULL,940,9),(16,'Fujikawa','藤川',NULL,NULL,NULL,1040,10),(17,'Kumoide','雲出',NULL,NULL,NULL,1140,11),(18,'Yoshii','吉井',NULL,NULL,NULL,1240,12),(19,'Katakai','片貝',NULL,NULL,NULL,1340,13),(20,'Iwafune-Oki','岩船沖',NULL,NULL,NULL,2100,15),(21,'Aga-Oki','阿賀沖','2000-04-01',NULL,NULL,2200,15),(22,'Biratori','平取','1986-04-01',NULL,NULL,210,14),(23,'Barato','茨戸','1986-04-01',NULL,NULL,220,2),(24,'Hashimoto','橋本','1986-04-01',NULL,NULL,510,6),(25,'Watanabe','渡部','1986-04-01',NULL,NULL,520,14),(26,'Katanishi','潟西','1986-04-01',NULL,NULL,530,14),(27,'Tsuchizaki-Oki','土崎沖','1986-04-01',NULL,NULL,540,6),(28,'Kitamichikawa-Oki','北道川沖','1986-04-01',NULL,NULL,550,14),(29,'Shimohama','下浜','1986-04-01',NULL,NULL,560,6),(30,'Futada','二田','1986-04-01',NULL,NULL,570,14),(31,'Kitakonoura','北金浦','1986-04-01',NULL,NULL,580,14),(32,'Nishioguni','西小国','1986-04-01',NULL,NULL,590,14),(33,'Daihangou','大飯郷','1986-04-01',NULL,NULL,600,14),(34,'Mega','女鹿','1986-04-01',NULL,NULL,610,14),(35,'Fukura','吹浦','1986-04-01',NULL,NULL,620,6),(36,'Oishi','生石','1986-04-01',NULL,NULL,630,14),(37,'Seki','関','1986-04-01',NULL,NULL,640,14),(38,'Minamisuibara','南水原','1986-04-01',NULL,NULL,1500,14),(39,'Higashisanjou','東三条','1986-04-01',NULL,NULL,1510,14),(40,'Honjouji','本成寺','1986-04-01',NULL,NULL,1520,14),(41,'Kurosaka','黒坂','1986-04-01',NULL,NULL,1530,14),(42,'Nagasawa','長沢','1986-04-01',NULL,NULL,1540,14),(43,'Ohkouzu','大河津','1986-04-01',NULL,NULL,1550,14),(44,'Tamugiyama','田麦山','1986-04-01',NULL,NULL,1560,14),(45,'Serita','芹田','1986-04-01',NULL,NULL,1570,14),(46,'Nakanomiya','中之宮','1986-04-01',NULL,NULL,1580,14),(47,'Bessho','別所','1986-04-01',NULL,NULL,1590,14),(48,'Maya','馬屋','1986-04-01',NULL,NULL,1600,14),(49,'Sekihara','関原','1986-04-01',NULL,NULL,1610,14);
/*!40000 ALTER TABLE `field` ENABLE KEYS */;
UNLOCK TABLES;

--
-- Table structure for table `fluid`
--

DROP TABLE IF EXISTS `fluid`;
SET @saved_cs_client     = @@character_set_client;
SET character_set_client = utf8;
CREATE TABLE `fluid` (
  `fluid_id` int(10) unsigned NOT NULL auto_increment,
  `fluid` varchar(20) NOT NULL default '' COMMENT '全角文字を入力しないこと',
  `fluid_zen` varchar(20) NOT NULL default '' COMMENT 'なるだけ全角文字のみ入力すること',
  `fluid_order` int(10) NOT NULL,
  PRIMARY KEY  (`fluid_id`),
  UNIQUE KEY `fluid_id` (`fluid_id`),
  UNIQUE KEY `fluid` (`fluid`),
  UNIQUE KEY `fluid_zen` (`fluid_zen`)
) ENGINE=InnoDB AUTO_INCREMENT=6 DEFAULT CHARSET=utf8;
SET character_set_client = @saved_cs_client;

--
-- Dumping data for table `fluid`
--

LOCK TABLES `fluid` WRITE;
/*!40000 ALTER TABLE `fluid` DISABLE KEYS */;
INSERT INTO `fluid` VALUES (1,'oil','原油',100),(2,'gas','ガス',200),(3,'condensate','コンデンセート',300),(4,'injected gas','圧入ガス',400),(5,'water','水',500);
/*!40000 ALTER TABLE `fluid` ENABLE KEYS */;
UNLOCK TABLES;

--
-- Table structure for table `reserve`
--

DROP TABLE IF EXISTS `reserve`;
SET @saved_cs_client     = @@character_set_client;
SET character_set_client = utf8;
CREATE TABLE `reserve` (
  `synthetic_id` int(10) unsigned NOT NULL auto_increment,
  `reserve_id` int(10) unsigned NOT NULL,
  `fluid_id` int(10) unsigned NOT NULL default '0',
  `reserve` decimal(15,2) default NULL,
  `unit_id` int(10) unsigned NOT NULL default '0',
  PRIMARY KEY  (`synthetic_id`),
  UNIQUE KEY `reserve_fluid` (`reserve_id`,`fluid_id`),
  KEY `fluid_id` (`fluid_id`),
  KEY `unit_id` (`unit_id`),
  CONSTRAINT `reserve_ibfk_2` FOREIGN KEY (`fluid_id`) REFERENCES `fluid` (`fluid_id`) ON UPDATE CASCADE,
  CONSTRAINT `reserve_ibfk_3` FOREIGN KEY (`unit_id`) REFERENCES `unit` (`unit_id`) ON UPDATE CASCADE,
  CONSTRAINT `reserve_ibfk_4` FOREIGN KEY (`reserve_id`) REFERENCES `reserve_header` (`reserve_id`) ON DELETE CASCADE ON UPDATE CASCADE
) ENGINE=InnoDB AUTO_INCREMENT=6945 DEFAULT CHARSET=utf8;
SET character_set_client = @saved_cs_client;

--
-- Dumping data for table `reserve`
--

LOCK TABLES `reserve` WRITE;
/*!40000 ALTER TABLE `reserve` DISABLE KEYS */;
INSERT INTO `reserve` VALUES (1,1,1,'160841.41',1),(2,1,2,'29205.59',2),(3,2,1,'606469.00',1),(4,2,2,'67715.00',2),(5,3,1,'58301.00',1),(6,3,2,'9123.00',2),(7,4,1,'479320.00',1),(8,4,2,'45463.00',2),(9,5,1,'9435.00',1),(10,5,2,'568.00',2),(11,6,1,'413818.00',1),(12,6,2,'19731.87',2),(13,7,1,'334400.00',1),(14,7,2,'20665.00',2),(15,8,1,'7872.00',1),(16,8,2,'948.00',2),(17,9,1,'32459.17',1),(18,9,2,'4646.00',2),(19,10,1,'36812.31',1),(20,10,2,'5423.30',2),(21,11,1,'18737.08',1),(22,11,2,'1936.06',2),(23,12,1,'12240.63',1),(24,12,2,'1229.12',2),(25,13,1,'3498.06',1),(26,13,2,'459.00',2),(27,14,1,'2544.00',1),(28,14,2,'310.00',2),(29,15,1,'8340.00',1),(30,15,2,'945.00',2),(31,16,1,'228144.16',1),(32,16,2,'26189.00',2),(33,17,1,'68548.00',1),(34,17,2,'7548.00',2),(35,18,1,'62793.00',1),(36,18,2,'6368.00',2),(37,19,1,'546984.00',1),(38,19,2,'59846.83',2),(39,20,1,'43252.00',1),(40,20,2,'9437.00',2),(41,21,1,'65912.00',1),(42,21,2,'4399.00',2),(43,22,1,'13546.00',1),(44,22,2,'1432.00',2),(45,23,1,'161706.00',1),(46,23,2,'24249.00',2),(47,24,1,'0.00',1),(48,24,2,'1448.00',2),(49,25,1,'125924.00',1),(50,25,2,'16794.00',2),(51,26,1,'153074.00',1),(52,26,2,'13622.00',2),(53,27,1,'182656.00',1),(54,27,2,'15287.00',2),(55,28,1,'10415.00',1),(56,28,2,'1204.00',2),(57,29,1,'0.00',1),(58,29,2,'6428.00',2),(59,30,1,'0.00',1),(60,30,2,'18926.00',2),(61,31,1,'0.00',1),(62,31,2,'1454.00',2),(63,32,1,'1129.00',1),(64,32,2,'17712.00',2),(65,33,1,'8510.00',1),(66,33,2,'1600.00',2),(67,34,1,'8641.00',1),(68,34,2,'57641.00',2),(69,35,1,'12741.50',1),(70,35,2,'123890.00',2),(71,36,1,'94600.00',1),(72,36,2,'18200.00',2),(73,37,1,'49097.00',1),(74,37,2,'32559.00',2),(75,38,1,'454309.97',1),(76,38,2,'65882.00',2),(77,39,1,'279453.22',1),(78,39,2,'157539.01',2),(79,40,1,'6144.00',1),(80,40,2,'9505.00',2),(81,41,1,'304885.81',1),(82,41,2,'168236.99',2),(83,42,1,'303505.00',1),(84,42,2,'93070.86',2),(85,43,1,'94380.00',1),(86,43,2,'17433.00',2),(87,44,1,'0.00',1),(88,44,2,'17053.00',2),(89,45,1,'0.00',1),(90,45,2,'12800.00',2),(91,46,1,'43558.59',1),(92,46,2,'2613.52',2),(93,47,1,'0.00',1),(94,47,2,'0.00',2),(95,48,1,'0.00',1),(96,48,2,'0.00',2),(97,49,1,'0.00',1),(98,49,2,'0.00',2),(99,50,1,'345.00',1),(100,50,2,'20.70',2),(101,51,1,'390605.19',1),(102,51,2,'15624.21',2),(103,52,1,'202800.00',1),(104,52,2,'8112.00',2),(105,53,1,'0.00',1),(106,53,2,'0.00',2),(107,54,1,'21800.83',1),(108,54,2,'2180.08',2),(109,55,1,'15307.69',1),(110,55,2,'1530.77',2),(111,56,1,'10902.92',1),(112,56,2,'1090.29',2),(113,57,1,'2499.37',1),(114,57,2,'249.94',2),(115,58,1,'6621.94',1),(116,58,2,'662.19',2),(117,59,1,'4056.00',1),(118,59,2,'405.60',2),(119,60,1,'0.00',1),(120,60,2,'0.00',2),(121,61,1,'41605.85',1),(122,61,2,'2496.35',2),(123,62,1,'28505.00',1),(124,62,2,'2850.00',2),(125,63,1,'5732.00',1),(126,63,2,'573.20',2),(127,64,1,'11700.00',1),(128,64,2,'1435.00',2),(129,65,1,'13961.00',1),(130,65,2,'1396.10',2),(131,66,1,'0.00',1),(132,66,2,'0.00',2),(133,67,1,'0.00',1),(134,67,2,'0.00',2),(135,68,1,'0.00',1),(136,68,2,'0.00',2),(137,69,1,'0.00',1),(138,69,2,'0.00',2),(139,70,1,'0.00',1),(140,70,2,'0.00',2),(141,71,1,'0.00',1),(142,71,2,'0.00',2),(143,72,1,'0.00',1),(144,72,2,'0.00',2),(145,73,1,'0.00',1),(146,73,2,'0.00',2),(147,74,1,'0.00',1),(148,74,2,'0.00',2),(149,75,1,'0.00',1),(150,75,2,'0.00',2),(151,76,1,'0.00',1),(152,76,2,'0.00',2),(153,77,1,'0.00',1),(154,77,2,'0.00',2),(155,78,1,'0.00',1),(156,78,2,'0.00',2),(157,79,1,'0.00',1),(158,79,2,'0.00',2),(159,80,1,'0.00',1),(160,80,2,'0.00',2),(161,81,1,'6074.50',1),(162,81,2,'50950.00',2),(163,82,1,'488240.00',1),(164,82,2,'116302.00',2),(165,83,1,'54600.00',1),(166,83,2,'7400.00',2),(167,84,1,'523563.03',1),(168,84,2,'84862.50',2),(169,85,1,'606881.19',1),(170,85,2,'122957.86',2),(171,86,1,'36.49',1),(172,86,2,'3930.00',2),(173,87,1,'42583.00',1),(174,87,2,'19895.00',2),(175,88,1,'0.00',1),(176,88,2,'0.00',2),(177,89,1,'0.00',1),(178,89,2,'0.00',2),(179,90,1,'0.00',1),(180,90,2,'0.00',2),(181,91,1,'0.00',1),(182,91,2,'0.00',2),(183,92,1,'12218.79',1),(184,92,2,'30720.79',2),(185,93,1,'1636.75',1),(186,93,2,'213.15',2),(187,94,1,'0.00',1),(188,94,2,'1792.07',2),(189,95,1,'1645.40',1),(190,95,2,'37504.32',2),(191,96,1,'0.70',1),(192,96,2,'29432.48',2),(193,97,1,'2408.32',1),(194,97,2,'84017.02',2),(195,98,1,'0.00',1),(196,98,2,'130400.00',2),(197,99,1,'0.00',1),(198,99,2,'289400.00',2),(199,100,1,'0.00',1),(200,100,2,'277900.00',2),(201,101,1,'52400.00',1),(202,101,2,'168400.00',2),(203,102,1,'16326.49',1),(204,102,2,'334296.26',2),(205,103,1,'1818327.00',1),(206,103,2,'652871.49',2),(207,104,1,'288200.00',1),(208,104,2,'1386100.00',2),(209,105,1,'13200.00',1),(210,105,2,'80000.00',2),(211,106,1,'55400.00',1),(212,106,2,'260600.00',2),(213,107,1,'44900.00',1),(214,107,2,'460600.00',2),(215,108,1,'38700.00',1),(216,108,2,'9300.00',2),(217,109,1,'12325.43',1),(218,109,2,'68486.94',2),(219,110,1,'17302.46',1),(220,110,2,'193801.20',2),(221,111,1,'2336520.00',1),(222,111,2,'12016000.00',2),(223,112,1,'31.49',1),(224,112,2,'998000.00',2),(225,113,1,'1402.28',1),(226,113,2,'3699.20',2),(227,114,1,'5047.09',1),(228,114,2,'11487.19',2),(229,115,1,'46779.97',1),(230,115,2,'117911.45',2),(231,116,1,'38052.88',1),(232,116,2,'23827.51',2),(233,117,1,'15874.23',1),(234,117,2,'222537.22',2),(235,119,1,'662800.00',1),(236,119,2,'6323200.00',2),(237,121,1,'0.00',1),(238,121,2,'5408.11',2),(239,122,1,'0.00',1),(240,122,2,'1536.50',2),(241,125,1,'29232.49',1),(242,125,2,'182021.58',2),(243,126,1,'12700.00',1),(244,126,2,'47100.00',2),(245,127,1,'25700.00',1),(246,127,2,'104100.00',2),(247,128,1,'316200.00',1),(248,128,2,'111500.00',2),(249,129,1,'16690.48',1),(250,129,2,'171565.65',2),(251,130,1,'1600.00',1),(252,130,2,'17000.00',2),(253,131,1,'11900.00',1),(254,131,2,'2700.00',2),(255,132,1,'748900.00',1),(256,132,2,'1582500.00',2),(257,133,1,'315800.00',1),(258,133,2,'470200.00',2),(259,134,1,'583200.00',1),(260,134,2,'743500.00',2),(261,135,1,'1261000.00',1),(262,135,2,'4171600.00',2),(263,136,1,'683100.00',1),(264,136,2,'2434100.00',2),(265,137,1,'86195.10',1),(266,137,2,'306371.78',2),(267,138,1,'5300.00',1),(268,138,2,'24000.00',2),(269,139,1,'1446.52',1),(270,139,2,'4999.73',2),(271,140,1,'4711.00',1),(272,140,2,'21272.77',2),(273,141,1,'94.65',1),(274,141,2,'2545.33',2),(275,142,1,'0.00',1),(276,142,2,'73087.39',2),(277,143,1,'0.27',1),(278,143,2,'6418.77',2),(279,144,1,'0.10',1),(280,144,2,'2011.56',2),(281,145,1,'57387.54',1),(282,145,2,'516459.16',2),(283,146,1,'32729.52',1),(284,146,2,'215827.44',2),(285,147,1,'66082.76',1),(286,147,2,'323785.82',2),(287,148,1,'340211.41',1),(288,148,2,'1483944.32',2),(289,149,1,'0.00',1),(290,149,2,'0.00',2),(291,150,1,'0.00',1),(292,150,2,'0.00',2),(293,151,1,'0.00',1),(294,151,2,'0.00',2),(295,152,1,'0.00',1),(296,152,2,'0.00',2),(297,153,1,'0.00',1),(298,153,2,'0.00',2),(299,154,1,'0.00',1),(300,154,2,'0.00',2),(301,155,1,'0.00',1),(302,155,2,'0.00',2),(303,156,1,'0.00',1),(304,156,2,'0.00',2),(305,157,1,'0.00',1),(306,157,2,'0.00',2),(307,158,1,'0.00',1),(308,158,2,'0.00',2),(309,159,1,'0.00',1),(310,159,2,'0.00',2),(311,162,1,'27272.73',1),(312,162,2,'60000.00',2),(313,163,1,'0.00',1),(314,163,2,'0.00',2),(315,164,1,'0.00',1),(316,164,2,'0.00',2),(317,165,1,'0.00',1),(318,165,2,'0.00',2),(319,166,1,'0.00',1),(320,166,2,'0.00',2),(321,167,1,'0.00',1),(322,167,2,'0.00',2),(323,168,1,'0.00',1),(324,168,2,'0.00',2),(325,169,1,'0.00',1),(326,169,2,'0.00',2),(327,170,1,'0.00',1),(328,170,2,'0.00',2),(329,172,1,'209480.00',1),(330,172,2,'1648000.00',2),(331,173,1,'0.00',1),(332,173,2,'0.00',2),(333,174,1,'18971.76',1),(334,174,2,'43561.18',2),(335,175,1,'45222.26',1),(336,175,2,'103820.92',2),(337,176,1,'14251.86',1),(338,176,2,'8213.73',2),(339,177,1,'40361.39',1),(340,177,2,'94190.84',2),(341,181,1,'409612.44',1),(342,181,2,'3770046.29',2),(343,182,1,'0.00',1),(344,182,2,'0.00',2),(345,183,1,'0.00',1),(346,183,2,'0.00',2),(347,184,1,'43900.00',1),(348,184,2,'4600.00',2),(349,185,1,'0.00',1),(350,185,2,'0.00',2),(351,186,1,'426258.00',1),(352,186,2,'313532.99',2),(353,187,1,'114636.00',1),(354,187,2,'76876.00',2),(355,188,1,'143424.00',1),(356,188,2,'103363.00',2),(357,189,1,'28500.00',1),(358,189,2,'239700.00',2),(359,190,1,'0.00',1),(360,190,2,'0.00',2),(361,191,1,'0.00',1),(362,191,2,'0.00',2),(363,192,1,'0.00',1),(364,192,2,'0.00',2),(365,193,1,'0.00',1),(366,193,2,'0.00',2),(367,194,1,'0.00',1),(368,194,2,'0.00',2),(369,195,1,'0.00',1),(370,195,2,'0.00',2),(371,196,1,'0.00',1),(372,196,2,'0.00',2),(373,197,1,'0.00',1),(374,197,2,'5.70',2),(375,198,1,'85025.96',1),(376,198,2,'1202378.20',2),(377,199,1,'8170.51',1),(378,199,2,'200759.81',2),(379,200,1,'273776.50',1),(380,200,2,'223231.98',2),(381,201,1,'722652.06',1),(382,201,2,'107000.40',2),(383,202,1,'1000821.81',1),(384,202,2,'187751.55',2),(385,203,1,'203526.89',1),(386,203,2,'27294.98',2),(387,204,1,'2337336.25',1),(388,204,2,'572328.96',2),(389,205,1,'6027.07',1),(390,205,2,'17748.00',2),(391,206,1,'19707.41',1),(392,206,2,'68122.54',2),(393,207,1,'7884.50',1),(394,207,2,'1321.80',2),(395,208,1,'0.00',1),(396,208,2,'200094.30',2),(397,209,1,'47279.28',1),(398,209,2,'723372.93',2),(399,210,1,'432.56',1),(400,210,2,'27245.00',2),(401,211,1,'9731.75',1),(402,211,2,'6145.49',2),(403,212,1,'-6.21',1),(404,212,2,'-259.25',2),(405,213,1,'41927.07',1),(406,213,2,'6453.81',2),(407,214,1,'-1535.93',1),(408,214,2,'-32.74',2),(409,215,1,'225495.30',1),(410,215,2,'28155.43',2),(411,216,1,'0.00',1),(412,216,2,'0.00',2),(413,217,1,'32591.89',1),(414,217,2,'95968.93',2),(415,218,1,'26887.65',1),(416,218,2,'92942.55',2),(417,219,1,'4530000.00',1),(418,219,2,'12830000.00',2),(419,220,1,'167000.00',1),(420,220,2,'3340.00',2),(421,221,1,'84700.00',1),(422,221,2,'8700.00',2),(423,222,1,'2990000.00',1),(424,222,2,'7220000.00',2),(425,223,1,'252000.00',1),(426,223,2,'5040.00',2),(427,224,1,'0.00',1),(428,224,2,'0.00',2),(429,277,1,'0.00',1),(430,277,2,'0.00',2),(431,280,1,'0.00',1),(432,280,2,'0.00',2),(433,281,1,'0.00',1),(434,281,2,'0.00',2),(435,282,1,'0.00',1),(436,282,2,'0.00',2),(437,283,1,'0.00',1),(438,283,2,'0.00',2),(439,284,1,'0.00',1),(440,284,2,'0.00',2),(441,285,1,'0.00',1),(442,285,2,'0.00',2),(443,286,1,'0.00',1),(444,286,2,'0.00',2),(445,287,1,'0.00',1),(446,287,2,'0.00',2),(447,288,1,'0.00',1),(448,288,2,'0.00',2),(449,289,1,'0.00',1),(450,289,2,'0.00',2),(451,290,1,'144.85',1),(452,290,2,'0.00',2),(453,291,1,'46984.75',1),(454,291,2,'3072.19',2),(455,292,1,'210.25',1),(456,292,2,'17.20',2),(457,293,1,'0.00',1),(458,293,2,'2541.36',2),(459,294,1,'183920.39',1),(460,294,2,'18426.58',2),(461,295,1,'67.17',1),(462,295,2,'7.12',2),(463,296,1,'0.00',1),(464,296,2,'34483.41',2),(465,297,1,'0.00',1),(466,297,2,'0.01',2),(467,298,1,'236.66',1),(468,298,2,'0.00',2),(469,299,1,'0.00',1),(470,299,2,'2356.86',2),(471,300,1,'14.22',1),(472,300,2,'0.00',2),(473,301,1,'0.00',1),(474,301,2,'78.93',2),(475,302,1,'41112.62',1),(476,302,2,'8305.67',2),(477,303,1,'1.31',1),(478,303,2,'44.97',2),(479,304,1,'52.90',1),(480,304,2,'20.54',2),(481,305,1,'8285.60',1),(482,305,2,'51887.75',2),(483,306,1,'0.00',1),(484,306,2,'4917.23',2),(485,307,1,'0.00',1),(486,307,2,'1247.01',2),(487,308,1,'41.86',1),(488,308,2,'75.75',2),(489,309,1,'0.00',1),(490,309,2,'51.24',2),(491,310,1,'6.12',1),(492,310,2,'63.70',2),(493,311,1,'53053.71',1),(494,311,2,'17838.27',2),(495,312,1,'0.00',1),(496,312,2,'1.63',2),(497,313,1,'98.37',1),(498,313,2,'823.44',2),(499,314,1,'0.00',1),(500,314,2,'984.66',2),(501,315,1,'0.00',1),(502,315,2,'15.33',2),(503,316,1,'0.00',1),(504,316,2,'119.18',2),(505,370,1,'3980000.00',1),(506,370,2,'11270000.00',2),(507,371,1,'3540000.00',1),(508,371,2,'8780000.00',2),(509,386,1,'0.00',1),(510,386,2,'1800.00',2),(511,387,1,'0.00',1),(512,387,2,'0.00',2),(513,388,1,'12200.00',1),(514,388,2,'30700.00',2),(515,389,1,'0.00',1),(516,389,2,'0.00',2),(517,390,1,'1600.00',1),(518,390,2,'200.00',2),(519,391,1,'0.00',1),(520,391,2,'0.00',2),(521,392,1,'1600.00',1),(522,392,2,'37500.00',2),(523,393,1,'0.00',1),(524,393,2,'0.00',2),(525,394,1,'0.00',1),(526,394,2,'29400.00',2),(527,395,1,'0.00',1),(528,395,2,'0.00',2),(529,396,1,'2400.00',1),(530,396,2,'84000.00',2),(531,397,1,'0.00',1),(532,397,2,'0.00',2),(533,402,1,'0.00',1),(534,402,2,'289400.00',2),(535,403,1,'0.00',1),(536,403,2,'0.00',2),(537,406,1,'50300.00',1),(538,406,2,'187100.00',2),(539,407,1,'0.00',1),(540,407,2,'0.00',2),(541,408,1,'6400.00',1),(542,408,2,'695300.00',2),(543,409,1,'0.00',1),(544,409,2,'0.00',2),(545,410,1,'6400.00',1),(546,410,2,'97000.00',2),(547,411,1,'0.00',1),(548,411,2,'0.00',2),(549,415,1,'0.00',1),(550,415,2,'0.00',2),(551,422,1,'730900.00',1),(552,422,2,'2529100.00',2),(553,423,1,'18100.00',1),(554,423,2,'144700.00',2),(555,424,1,'1820100.00',1),(556,424,2,'653400.00',2),(557,425,1,'0.00',1),(558,425,2,'0.00',2),(559,426,1,'1400.00',1),(560,426,2,'3700.00',2),(561,427,1,'44900.00',1),(562,427,2,'102800.00',2),(563,448,1,'0.00',1),(564,448,2,'5400.00',2),(565,449,1,'0.00',1),(566,449,2,'0.00',2),(567,450,1,'162500.00',1),(568,450,2,'29400.00',2),(569,451,1,'41900.00',1),(570,451,2,'2500.00',2),(571,452,1,'606500.00',1),(572,452,2,'67700.00',2),(573,453,1,'0.00',1),(574,453,2,'0.00',2),(575,456,1,'479300.00',1),(576,456,2,'45100.00',2),(577,457,1,'0.00',1),(578,457,2,'0.00',2),(579,462,1,'9400.00',1),(580,462,2,'600.00',2),(581,463,1,'300.00',1),(582,463,2,'0.00',2),(583,466,1,'0.00',1),(584,466,2,'0.00',2),(585,467,1,'0.00',1),(586,467,2,'0.00',2),(587,468,1,'825000.00',1),(588,468,2,'45200.00',2),(589,469,1,'86100.00',1),(590,469,2,'4700.00',2),(591,470,1,'32800.00',1),(592,470,2,'4700.00',2),(593,471,1,'21500.00',1),(594,471,2,'2100.00',2),(595,472,1,'37100.00',1),(596,472,2,'5400.00',2),(597,473,1,'15000.00',1),(598,473,2,'1500.00',2),(599,474,1,'19900.00',1),(600,474,2,'2000.00',2),(601,475,1,'9800.00',1),(602,475,2,'1000.00',2),(603,476,1,'12700.00',1),(604,476,2,'1300.00',2),(605,477,1,'2000.00',1),(606,477,2,'200.00',2),(607,478,1,'3300.00',1),(608,478,2,'400.00',2),(609,479,1,'6800.00',1),(610,479,2,'700.00',2),(611,480,1,'2300.00',1),(612,480,2,'200.00',2),(613,481,1,'4300.00',1),(614,481,2,'400.00',2),(615,484,1,'228000.00',1),(616,484,2,'26200.00',2),(617,485,1,'0.00',1),(618,485,2,'0.00',2),(619,486,1,NULL,1),(620,486,2,NULL,2),(621,487,1,'0.00',1),(622,487,2,'0.00',2),(623,488,1,'534500.00',1),(624,488,2,'59600.00',2),(625,489,1,'26500.00',1),(626,489,2,'2600.00',2),(627,490,1,'43300.00',1),(628,490,2,'9200.00',2),(629,491,1,'0.00',1),(630,491,2,'0.00',2),(631,492,1,'9400.00',1),(632,492,2,'66400.00',2),(633,493,1,'500.00',1),(634,493,2,'6100.00',2),(635,494,1,'13200.00',1),(636,494,2,'123900.00',2),(637,495,1,'5600.00',1),(638,495,2,'51000.00',2),(639,496,1,'93600.00',1),(640,496,2,'16900.00',2),(641,497,1,'488200.00',1),(642,497,2,'116300.00',2),(643,500,1,'454500.00',1),(644,500,2,'66500.00',2),(645,501,1,'523400.00',1),(646,501,2,'84200.00',2),(647,502,1,'323600.00',1),(648,502,2,'150700.00',2),(649,503,1,'562800.00',1),(650,503,2,'129800.00',2),(651,504,1,'305600.00',1),(652,504,2,'168500.00',2),(653,505,1,'43500.00',1),(654,505,2,'21600.00',2),(655,506,1,'303500.00',1),(656,506,2,'92700.00',2),(657,507,1,'0.00',1),(658,507,2,'0.00',2),(659,508,1,'153100.00',1),(660,508,2,'13600.00',2),(661,509,1,'0.00',1),(662,509,2,'0.00',2),(663,510,1,'182700.00',1),(664,510,2,'15300.00',2),(665,511,1,'0.00',1),(666,511,2,'0.00',2),(667,512,1,'109700.00',1),(668,512,2,'1325100.00',2),(669,513,1,'59000.00',1),(670,513,2,'714500.00',2),(671,514,1,'6900.00',1),(672,514,2,'124600.00',2),(673,515,1,'0.00',1),(674,515,2,'0.00',2),(675,518,1,'280500.00',1),(676,518,2,'183100.00',2),(677,519,1,'15200.00',1),(678,519,2,'9800.00',2),(679,520,1,'713800.00',1),(680,520,2,'115000.00',2),(681,521,1,'25300.00',1),(682,521,2,'7000.00',2),(683,522,1,'962200.00',1),(684,522,2,'184400.00',2),(685,523,1,'38000.00',1),(686,523,2,'6500.00',2),(687,524,1,'204600.00',1),(688,524,2,'27500.00',2),(689,525,1,'2100.00',1),(690,525,2,'200.00',2),(691,526,1,'2315700.00',1),(692,526,2,'567200.00',2),(693,527,1,'198300.00',1),(694,527,2,'25300.00',2),(695,530,1,'5200.00',1),(696,530,2,'15300.00',2),(697,531,1,'27900.00',1),(698,531,2,'82300.00',2),(699,534,1,'46000.00',1),(700,534,2,'161100.00',2),(701,535,1,'0.00',1),(702,535,2,'0.00',2),(703,544,1,NULL,1),(704,544,2,NULL,2),(705,545,1,NULL,1),(706,545,2,NULL,2),(707,546,1,NULL,1),(708,546,2,NULL,2),(709,547,1,NULL,1),(710,547,2,NULL,2),(711,548,1,NULL,1),(712,548,2,NULL,2),(713,549,1,NULL,1),(714,549,2,NULL,2),(715,550,1,'1105700.00',1),(716,550,2,'10504200.00',2),(717,551,1,'339200.00',1),(718,551,2,'3222200.00',2),(719,552,1,'17400.00',1),(720,552,2,'188400.00',2),(721,553,1,NULL,1),(722,553,2,NULL,2),(723,554,1,'4530000.00',1),(724,554,2,'12830000.00',2),(725,555,1,'4530000.00',1),(726,555,2,'12830000.00',2),(727,556,1,'3980000.00',1),(728,556,2,'11270000.00',2),(729,557,1,'3980000.00',1),(730,557,2,'11270000.00',2),(731,558,1,'3540000.00',1),(732,558,2,'8780000.00',2),(733,559,1,'2990000.00',1),(734,559,2,'7220000.00',2),(735,560,1,'3540000.00',1),(736,560,2,'8780000.00',2),(737,561,1,'2990000.00',1),(738,561,2,'7220000.00',2),(739,562,1,'167000.00',1),(740,562,2,'3340.00',2),(741,563,1,'167000.00',1),(742,563,2,'3340.00',2),(743,564,1,'252000.00',1),(744,564,2,'5040.00',2),(745,565,1,'252000.00',1),(746,565,2,'5040.00',2),(747,566,1,'171000.00',1),(748,566,2,'30100.00',2),(749,567,1,'33400.00',1),(750,567,2,'2000.00',2),(751,568,1,'606500.00',1),(752,568,2,'67700.00',2),(753,569,1,'0.00',1),(754,569,2,'0.00',2),(755,570,1,'58301.00',1),(756,570,2,'9123.00',2),(757,571,1,'58301.00',1),(758,571,2,'9123.00',2),(759,572,1,'0.00',1),(760,572,2,'0.00',2),(761,573,1,'0.00',1),(762,573,2,'0.00',2),(763,574,1,'461500.00',1),(764,574,2,'45500.00',2),(765,575,1,'0.00',1),(766,575,2,'0.00',2),(767,576,1,'9400.00',1),(768,576,2,'600.00',2),(769,577,1,'0.00',1),(770,577,2,'0.00',2),(771,578,1,'825000.00',1),(772,578,2,'45300.00',2),(773,579,1,'86100.00',1),(774,579,2,'4700.00',2),(775,580,1,'0.00',1),(776,580,2,'0.00',2),(777,581,1,'0.00',1),(778,581,2,'0.00',2),(779,582,1,'7872.00',1),(780,582,2,'948.00',2),(781,583,1,'7872.00',1),(782,583,2,'948.00',2),(783,584,1,'0.00',1),(784,584,2,'0.00',2),(785,585,1,'0.00',1),(786,585,2,'0.00',2),(787,586,1,'33700.00',1),(788,586,2,'4800.00',2),(789,587,1,'20500.00',1),(790,587,2,'2100.00',2),(791,588,1,'39300.00',1),(792,588,2,'5600.00',2),(793,589,1,'12800.00',1),(794,589,2,'1300.00',2),(795,590,1,'20500.00',1),(796,590,2,'2100.00',2),(797,591,1,'9200.00',1),(798,591,2,'900.00',2),(799,592,1,'13000.00',1),(800,592,2,'1300.00',2),(801,593,1,'1700.00',1),(802,593,2,'200.00',2),(803,594,1,'3600.00',1),(804,594,2,'400.00',2),(805,595,1,'6500.00',1),(806,595,2,'700.00',2),(807,596,1,'2500.00',1),(808,596,2,'300.00',2),(809,597,1,'4100.00',1),(810,597,2,'400.00',2),(811,598,1,'8340.00',1),(812,598,2,'945.00',2),(813,599,1,'8340.00',1),(814,599,2,'945.00',2),(815,600,1,'0.00',1),(816,600,2,'0.00',2),(817,601,1,'0.00',1),(818,601,2,'0.00',2),(819,602,1,'228000.00',1),(820,602,2,'26200.00',2),(821,603,1,'0.00',1),(822,603,2,'0.00',2),(823,604,1,'68548.00',1),(824,604,2,'7548.00',2),(825,605,1,'72600.00',1),(826,605,2,'7900.00',2),(827,606,1,'5732.00',1),(828,606,2,'573.20',2),(829,607,1,'1600.00',1),(830,607,2,'200.00',2),(831,608,1,'62793.00',1),(832,608,2,'6368.00',2),(833,609,1,'63400.00',1),(834,609,2,'6500.00',2),(835,610,1,'11700.00',1),(836,610,2,'1435.00',2),(837,611,1,'11100.00',1),(838,611,2,'1000.00',2),(839,612,1,'542400.00',1),(840,612,2,'61100.00',2),(841,613,1,'18600.00',1),(842,613,2,'1900.00',2),(843,614,1,'43100.00',1),(844,614,2,'9200.00',2),(845,615,1,'0.00',1),(846,615,2,'0.00',2),(847,616,1,'65912.00',1),(848,616,2,'4399.00',2),(849,617,1,'65912.00',1),(850,617,2,'4399.00',2),(851,618,1,'0.00',1),(852,618,2,'0.00',2),(853,619,1,'0.00',1),(854,619,2,'0.00',2),(855,620,1,'13546.00',1),(856,620,2,'1432.00',2),(857,621,1,'13546.00',1),(858,621,2,'1432.00',2),(859,622,1,'0.00',1),(860,622,2,'0.00',2),(861,623,1,'0.00',1),(862,623,2,'0.00',2),(863,624,1,'161706.00',1),(864,624,2,'24249.00',2),(865,625,1,'161706.00',1),(866,625,2,'24249.00',2),(867,626,1,'0.00',1),(868,626,2,'0.00',2),(869,627,1,'0.00',1),(870,627,2,'0.00',2),(871,628,1,'0.00',1),(872,628,2,'1448.00',2),(873,629,1,'0.00',1),(874,629,2,'1448.00',2),(875,630,1,'0.00',1),(876,630,2,'0.00',2),(877,631,1,'0.00',1),(878,631,2,'0.00',2),(879,632,1,'125924.00',1),(880,632,2,'16794.00',2),(881,633,1,'125924.00',1),(882,633,2,'16794.00',2),(883,634,1,'0.00',1),(884,634,2,'0.00',2),(885,635,1,'0.00',1),(886,635,2,'0.00',2),(887,636,1,'153100.00',1),(888,636,2,'13600.00',2),(889,637,1,'0.00',1),(890,637,2,'0.00',2),(891,638,1,'182700.00',1),(892,638,2,'15300.00',2),(893,639,1,'0.00',1),(894,639,2,'0.00',2),(895,640,1,'10415.00',1),(896,640,2,'1204.00',2),(897,641,1,'10415.00',1),(898,641,2,'1204.00',2),(899,642,1,'0.00',1),(900,642,2,'0.00',2),(901,643,1,'0.00',1),(902,643,2,'0.00',2),(903,644,1,'0.00',1),(904,644,2,'6428.00',2),(905,645,1,'0.00',1),(906,645,2,'6428.00',2),(907,646,1,'0.00',1),(908,646,2,'0.00',2),(909,647,1,'0.00',1),(910,647,2,'0.00',2),(911,648,1,'0.00',1),(912,648,2,'18926.00',2),(913,649,1,'0.00',1),(914,649,2,'18926.00',2),(915,650,1,'0.00',1),(916,650,2,'0.00',2),(917,651,1,'0.00',1),(918,651,2,'0.00',2),(919,652,1,'0.00',1),(920,652,2,'1454.00',2),(921,653,1,'0.00',1),(922,653,2,'1600.00',2),(923,654,1,'0.00',1),(924,654,2,'0.00',2),(925,655,1,'0.00',1),(926,655,2,'0.00',2),(927,656,1,'1129.00',1),(928,656,2,'17712.00',2),(929,657,1,'1129.00',1),(930,657,2,'17712.00',2),(931,658,1,'0.00',1),(932,658,2,'0.00',2),(933,659,1,'0.00',1),(934,659,2,'0.00',2),(935,660,1,'8510.00',1),(936,660,2,'1600.00',2),(937,661,1,'8510.00',1),(938,661,2,'1600.00',2),(939,662,1,'0.00',1),(940,662,2,'0.00',2),(941,663,1,'0.00',1),(942,663,2,'0.00',2),(943,664,1,'9500.00',1),(944,664,2,'66400.00',2),(945,665,1,'500.00',1),(946,665,2,'6100.00',2),(947,666,1,'12100.00',1),(948,666,2,'118700.00',2),(949,667,1,'6700.00',1),(950,667,2,'56100.00',2),(951,668,1,'152900.00',1),(952,668,2,'29800.00',2),(953,669,1,'453400.00',1),(954,669,2,'104000.00',2),(955,670,1,'49097.00',1),(956,670,2,'32559.00',2),(957,671,1,'49097.00',1),(958,671,2,'32559.00',2),(959,672,1,'54600.00',1),(960,672,2,'7400.00',2),(961,673,1,'54600.00',1),(962,673,2,'7400.00',2),(963,674,1,'476300.00',1),(964,674,2,'70000.00',2),(965,675,1,'501600.00',1),(966,675,2,'80700.00',2),(967,676,1,'343700.00',1),(968,676,2,'151800.00',2),(969,677,1,'264600.00',1),(970,677,2,'124400.00',2),(971,678,1,'6144.00',1),(972,678,2,'9505.00',2),(973,679,1,'6144.00',1),(974,679,2,'9505.00',2),(975,680,1,'36.49',1),(976,680,2,'3930.00',2),(977,681,1,'36.49',1),(978,681,2,'3930.00',2),(979,682,1,'328600.00',1),(980,682,2,'178900.00',2),(981,683,1,'25300.00',1),(982,683,2,'13600.00',2),(983,684,1,'312800.00',1),(984,684,2,'97000.00',2),(985,685,1,'0.00',1),(986,685,2,'0.00',2),(987,686,1,'94380.00',1),(988,686,2,'17433.00',2),(989,687,1,'94380.00',1),(990,687,2,'17433.00',2),(991,688,1,'0.00',1),(992,688,2,'0.00',2),(993,689,1,'0.00',1),(994,689,2,'0.00',2),(995,690,1,'0.00',1),(996,690,2,'17053.00',2),(997,691,1,'0.00',1),(998,691,2,'17053.00',2),(999,692,1,'0.00',1),(1000,692,2,'0.00',2),(1001,693,1,'0.00',1),(1002,693,2,'7500.00',2),(1003,694,1,'0.00',1),(1004,694,2,'12800.00',2),(1005,695,1,'0.00',1),(1006,695,2,'12800.00',2),(1007,696,1,'0.00',1),(1008,696,2,'0.00',2),(1009,697,1,'0.00',1),(1010,697,2,'0.00',2),(1011,698,1,'12200.00',1),(1012,698,2,'30700.00',2),(1013,699,1,'0.00',1),(1014,699,2,'0.00',2),(1015,700,1,'1600.00',1),(1016,700,2,'200.00',2),(1017,701,1,'0.00',1),(1018,701,2,'0.00',2),(1019,702,1,'0.00',1),(1020,702,2,'1800.00',2),(1021,703,1,'0.00',1),(1022,703,2,'0.00',2),(1023,704,1,'1600.00',1),(1024,704,2,'37500.00',2),(1025,705,1,'0.00',1),(1026,705,2,'0.00',2),(1027,706,1,'0.00',1),(1028,706,2,'29400.00',2),(1029,707,1,'0.00',1),(1030,707,2,'0.00',2),(1031,708,1,'2400.00',1),(1032,708,2,'84000.00',2),(1033,709,1,'0.00',1),(1034,709,2,'0.00',2),(1035,710,1,'0.00',1),(1036,710,2,'130400.00',2),(1037,711,1,'0.00',1),(1038,711,2,'130400.00',2),(1039,712,1,'0.00',1),(1040,712,2,'0.00',2),(1041,713,1,'0.00',1),(1042,713,2,'0.00',2),(1043,714,1,'0.00',1),(1044,714,2,'289400.00',2),(1045,715,1,'0.00',1),(1046,715,2,'0.00',2),(1047,716,1,'0.00',1),(1048,716,2,'277900.00',2),(1049,717,1,'0.00',1),(1050,717,2,'277900.00',2),(1051,718,1,'0.00',1),(1052,718,2,'0.00',2),(1053,719,1,'0.00',1),(1054,719,2,'0.00',2),(1055,720,1,'50300.00',1),(1056,720,2,'187100.00',2),(1057,721,1,'0.00',1),(1058,721,2,'0.00',2),(1059,722,1,'16326.49',1),(1060,722,2,'334296.26',2),(1061,723,1,'16326.49',1),(1062,723,2,'334296.26',2),(1063,724,1,'0.00',1),(1064,724,2,'0.00',2),(1065,725,1,'0.00',1),(1066,725,2,'0.00',2),(1067,726,1,'94.65',1),(1068,726,2,'2545.33',2),(1069,727,1,'94.65',1),(1070,727,2,'2545.33',2),(1071,728,1,'0.00',1),(1072,728,2,'0.00',2),(1073,729,1,'0.00',1),(1074,729,2,'0.00',2),(1075,730,1,'0.00',1),(1076,730,2,'73087.39',2),(1077,731,1,'0.00',1),(1078,731,2,'73087.39',2),(1079,732,1,'0.00',1),(1080,732,2,'0.00',2),(1081,733,1,'0.00',1),(1082,733,2,'0.00',2),(1083,734,1,'0.27',1),(1084,734,2,'6418.77',2),(1085,735,1,'0.27',1),(1086,735,2,'6418.77',2),(1087,736,1,'0.00',1),(1088,736,2,'0.00',2),(1089,737,1,'0.00',1),(1090,737,2,'0.00',2),(1091,738,1,'0.10',1),(1092,738,2,'2011.56',2),(1093,739,1,'0.10',1),(1094,739,2,'2011.56',2),(1095,740,1,'0.00',1),(1096,740,2,'0.00',2),(1097,741,1,'0.00',1),(1098,741,2,'0.00',2),(1099,742,1,'57387.54',1),(1100,742,2,'516459.16',2),(1101,743,1,'57387.54',1),(1102,743,2,'516459.16',2),(1103,744,1,'0.00',1),(1104,744,2,'0.00',2),(1105,745,1,'0.00',1),(1106,745,2,'0.00',2),(1107,746,1,'32729.52',1),(1108,746,2,'215827.44',2),(1109,747,1,'32729.52',1),(1110,747,2,'215827.44',2),(1111,748,1,'0.00',1),(1112,748,2,'0.00',2),(1113,749,1,'0.00',1),(1114,749,2,'0.00',2),(1115,750,1,'66082.76',1),(1116,750,2,'323785.82',2),(1117,751,1,'66082.76',1),(1118,751,2,'323785.82',2),(1119,752,1,'0.00',1),(1120,752,2,'0.00',2),(1121,753,1,'0.00',1),(1122,753,2,'0.00',2),(1123,754,1,'340211.41',1),(1124,754,2,'1483944.32',2),(1125,755,1,'340211.41',1),(1126,755,2,'1483944.32',2),(1127,756,1,'0.00',1),(1128,756,2,'0.00',2),(1129,757,1,'0.00',1),(1130,757,2,'0.00',2),(1131,758,1,'0.00',1),(1132,758,2,'1536.50',2),(1133,759,1,'0.00',1),(1134,759,2,'1536.50',2),(1135,760,1,'0.00',1),(1136,760,2,'0.00',2),(1137,761,1,'0.00',1),(1138,761,2,'0.00',2),(1139,762,1,'6400.00',1),(1140,762,2,'695300.00',2),(1141,763,1,'6400.00',1),(1142,763,2,'695300.00',2),(1143,764,1,'0.00',1),(1144,764,2,'0.00',2),(1145,765,1,'0.00',1),(1146,765,2,'0.00',2),(1147,766,1,'6400.00',1),(1148,766,2,'97000.00',2),(1149,767,1,'6400.00',1),(1150,767,2,'97000.00',2),(1151,768,1,'0.00',1),(1152,768,2,'0.00',2),(1153,769,1,'0.00',1),(1154,769,2,'0.00',2),(1155,770,1,'29232.49',1),(1156,770,2,'182021.58',2),(1157,771,1,'29232.49',1),(1158,771,2,'182021.58',2),(1159,772,1,'0.00',1),(1160,772,2,'0.00',2),(1161,773,1,'0.00',1),(1162,773,2,'0.00',2),(1163,774,1,'12700.00',1),(1164,774,2,'47100.00',2),(1165,775,1,'12700.00',1),(1166,775,2,'47100.00',2),(1167,776,1,'0.00',1),(1168,776,2,'0.00',2),(1169,777,1,'0.00',1),(1170,777,2,'0.00',2),(1171,778,1,'25700.00',1),(1172,778,2,'104100.00',2),(1173,779,1,'25700.00',1),(1174,779,2,'104100.00',2),(1175,780,1,'0.00',1),(1176,780,2,'0.00',2),(1177,781,1,'0.00',1),(1178,781,2,'0.00',2),(1179,782,1,'316200.00',1),(1180,782,2,'111500.00',2),(1181,783,1,'316200.00',1),(1182,783,2,'111500.00',2),(1183,784,1,'0.00',1),(1184,784,2,'0.00',2),(1185,785,1,'16690.48',1),(1186,785,2,'171565.65',2),(1187,786,1,'16690.48',1),(1188,786,2,'171565.65',2),(1189,787,1,'0.00',1),(1190,787,2,'0.00',2),(1191,788,1,'0.00',1),(1192,788,2,'0.00',2),(1193,789,1,'1600.00',1),(1194,789,2,'17000.00',2),(1195,790,1,'1600.00',1),(1196,790,2,'17000.00',2),(1197,791,1,'0.00',1),(1198,791,2,'0.00',2),(1199,792,1,'0.00',1),(1200,792,2,'0.00',2),(1201,793,1,'11900.00',1),(1202,793,2,'2700.00',2),(1203,794,1,'11900.00',1),(1204,794,2,'2700.00',2),(1205,795,1,'0.00',1),(1206,795,2,'0.00',2),(1207,796,1,'0.00',1),(1208,796,2,'0.00',2),(1209,797,1,'748900.00',1),(1210,797,2,'1582500.00',2),(1211,798,1,'859600.00',1),(1212,798,2,'2297600.00',2),(1213,799,1,'426258.00',1),(1214,799,2,'313532.99',2),(1215,800,1,'638100.00',1),(1216,800,2,'288800.00',2),(1217,801,1,'315800.00',1),(1218,801,2,'470200.00',2),(1219,802,1,'97500.00',1),(1220,802,2,'187000.00',2),(1221,803,1,'114636.00',1),(1222,803,2,'76876.00',2),(1223,804,1,'41700.00',1),(1224,804,2,'17100.00',2),(1225,805,1,'583200.00',1),(1226,805,2,'743500.00',2),(1227,806,1,'568800.00',1),(1228,806,2,'1098100.00',2),(1229,807,1,'143424.00',1),(1230,807,2,'103363.00',2),(1231,808,1,'285700.00',1),(1232,808,2,'117100.00',2),(1233,809,1,'1261000.00',1),(1234,809,2,'4171600.00',2),(1235,810,1,'1261000.00',1),(1236,810,2,'4171600.00',2),(1237,811,1,'0.00',1),(1238,811,2,'0.00',2),(1239,812,1,'0.00',1),(1240,812,2,'0.00',2),(1241,813,1,'730900.00',1),(1242,813,2,'2529100.00',2),(1243,814,1,'18100.00',1),(1244,814,2,'144700.00',2),(1245,815,1,'86195.10',1),(1246,815,2,'306371.78',2),(1247,816,1,'86195.10',1),(1248,816,2,'306371.78',2),(1249,817,1,'0.00',1),(1250,817,2,'0.00',2),(1251,818,1,'0.00',1),(1252,818,2,'0.00',2),(1253,819,1,'5300.00',1),(1254,819,2,'24000.00',2),(1255,820,1,'0.00',1),(1256,820,2,'0.00',2),(1257,821,1,'0.00',1),(1258,821,2,'0.00',2),(1259,822,1,'0.00',1),(1260,822,2,'0.00',2),(1261,823,1,'1446.52',1),(1262,823,2,'4999.73',2),(1263,824,1,'1446.52',1),(1264,824,2,'4999.73',2),(1265,825,1,'0.00',1),(1266,825,2,'0.00',2),(1267,826,1,'0.00',1),(1268,826,2,'0.00',2),(1269,827,1,'4711.00',1),(1270,827,2,'21272.77',2),(1271,828,1,'4711.00',1),(1272,828,2,'21272.77',2),(1273,829,1,'0.00',1),(1274,829,2,'0.00',2),(1275,830,1,'0.00',1),(1276,830,2,'0.00',2),(1277,831,1,'1821900.00',1),(1278,831,2,'654600.00',2),(1279,832,1,'0.00',1),(1280,832,2,'0.00',2),(1281,833,1,'288200.00',1),(1282,833,2,'1386100.00',2),(1283,834,1,'288200.00',1),(1284,834,2,'1386100.00',2),(1285,835,1,'0.00',1),(1286,835,2,'0.00',2),(1287,836,1,'0.00',1),(1288,836,2,'0.00',2),(1289,837,1,'13200.00',1),(1290,837,2,'80000.00',2),(1291,838,1,'13200.00',1),(1292,838,2,'80000.00',2),(1293,839,1,'0.00',1),(1294,839,2,'0.00',2),(1295,840,1,'0.00',1),(1296,840,2,'0.00',2),(1297,841,1,'55400.00',1),(1298,841,2,'260600.00',2),(1299,842,1,'55400.00',1),(1300,842,2,'260600.00',2),(1301,843,1,'0.00',1),(1302,843,2,'0.00',2),(1303,844,1,'0.00',1),(1304,844,2,'0.00',2),(1305,845,1,'44900.00',1),(1306,845,2,'460600.00',2),(1307,846,1,'44400.00',1),(1308,846,2,'428500.00',2),(1309,847,1,'0.00',1),(1310,847,2,'0.00',2),(1311,848,1,'0.00',1),(1312,848,2,'0.00',2),(1313,849,1,'38700.00',1),(1314,849,2,'9300.00',2),(1315,850,1,'38500.00',1),(1316,850,2,'9000.00',2),(1317,851,1,'0.00',1),(1318,851,2,'0.00',2),(1319,852,1,'0.00',1),(1320,852,2,'0.00',2),(1321,853,1,'12325.43',1),(1322,853,2,'68486.94',2),(1323,854,1,'12325.43',1),(1324,854,2,'68486.94',2),(1325,855,1,'0.00',1),(1326,855,2,'0.00',2),(1327,856,1,'0.00',1),(1328,856,2,'0.00',2),(1329,857,1,'17302.46',1),(1330,857,2,'193801.20',2),(1331,858,1,'17302.46',1),(1332,858,2,'193801.20',2),(1333,859,1,'0.00',1),(1334,859,2,'0.00',2),(1335,860,1,'0.00',1),(1336,860,2,'0.00',2),(1337,861,1,'2336520.00',1),(1338,861,2,'12016000.00',2),(1339,862,1,'2336520.00',1),(1340,862,2,'12016000.00',2),(1341,863,1,'209480.00',1),(1342,863,2,'1648000.00',2),(1343,864,1,'209480.00',1),(1344,864,2,'1648000.00',2),(1345,865,1,'31.49',1),(1346,865,2,'998000.00',2),(1347,866,1,'31.49',1),(1348,866,2,'998000.00',2),(1349,867,1,'0.00',1),(1350,867,2,'0.00',2),(1351,868,1,'0.00',1),(1352,868,2,'0.00',2),(1353,869,1,'1400.00',1),(1354,869,2,'3700.00',2),(1355,870,1,'44900.00',1),(1356,870,2,'102800.00',2),(1357,871,1,'5047.09',1),(1358,871,2,'11487.19',2),(1359,872,1,'5047.09',1),(1360,872,2,'11487.19',2),(1361,873,1,'18971.76',1),(1362,873,2,'43561.18',2),(1363,874,1,'18971.76',1),(1364,874,2,'43561.18',2),(1365,875,1,'46779.97',1),(1366,875,2,'117911.45',2),(1367,876,1,'46800.00',1),(1368,876,2,'117900.00',2),(1369,877,1,'40361.39',1),(1370,877,2,'94190.84',2),(1371,878,1,'40361.39',1),(1372,878,2,'94190.84',2),(1373,879,1,'38052.88',1),(1374,879,2,'23827.51',2),(1375,880,1,'38052.88',1),(1376,880,2,'23827.51',2),(1377,881,1,'14251.86',1),(1378,881,2,'8213.73',2),(1379,882,1,'14251.86',1),(1380,882,2,'8213.73',2),(1381,883,1,NULL,1),(1382,883,2,NULL,2),(1383,884,1,NULL,1),(1384,884,2,NULL,2),(1385,885,1,NULL,1),(1386,885,2,NULL,2),(1387,886,1,NULL,1),(1388,886,2,NULL,2),(1389,887,1,NULL,1),(1390,887,2,NULL,2),(1391,888,1,NULL,1),(1392,888,2,NULL,2),(1393,889,1,'0.00',1),(1394,889,2,'5400.00',2),(1395,890,1,'0.00',1),(1396,890,2,'0.00',2),(1397,891,1,'0.00',1),(1398,891,2,'5.70',2),(1399,892,1,'0.00',1),(1400,892,2,'5.70',2),(1401,893,1,'0.00',1),(1402,893,2,'200094.30',2),(1403,894,1,'0.00',1),(1404,894,2,'133000.00',2),(1405,895,1,'109200.00',1),(1406,895,2,'1312600.00',2),(1407,896,1,'60200.00',1),(1408,896,2,'723300.00',2),(1409,897,1,'6400.00',1),(1410,897,2,'105400.00',2),(1411,898,1,'300.00',1),(1412,898,2,'11000.00',2),(1413,899,1,'275100.00',1),(1414,899,2,'170800.00',2),(1415,900,1,'18800.00',1),(1416,900,2,'3800.00',2),(1417,901,1,'710100.00',1),(1418,901,2,'105000.00',2),(1419,902,1,'30400.00',1),(1420,902,2,'3300.00',2),(1421,903,1,'917700.00',1),(1422,903,2,'175200.00',2),(1423,904,1,'30100.00',1),(1424,904,2,'4400.00',2),(1425,905,1,'204500.00',1),(1426,905,2,'27400.00',2),(1427,906,1,'2600.00',1),(1428,906,2,'300.00',2),(1429,907,1,'2288900.00',1),(1430,907,2,'546700.00',2),(1431,908,1,'138900.00',1),(1432,908,2,'38100.00',2),(1433,909,1,'1800.00',1),(1434,909,2,'5400.00',2),(1435,910,1,'32700.00',1),(1436,910,2,'96300.00',2),(1437,911,1,'45200.00',1),(1438,911,2,'157400.00',2),(1439,912,1,'14100.00',1),(1440,912,2,'49200.00',2),(1441,913,1,'7884.50',1),(1442,913,2,'1321.80',2),(1443,914,1,'7884.50',1),(1444,914,2,'1321.80',2),(1445,915,1,'0.00',1),(1446,915,2,'0.00',2),(1447,916,1,'0.00',1),(1448,916,2,'0.00',2),(1449,917,1,'144.85',1),(1450,917,2,'0.00',2),(1451,918,1,'144.85',1),(1452,918,2,'0.00',2),(1453,919,1,'144.85',1),(1454,919,2,'0.00',2),(1455,920,1,'144.85',1),(1456,920,2,'0.00',2),(1457,921,1,'144.85',1),(1458,921,2,'0.00',2),(1459,922,1,'144.85',1),(1460,922,2,'0.00',2),(1461,923,1,'144.85',1),(1462,923,2,'0.00',2),(1463,924,1,'144.85',1),(1464,924,2,'0.00',2),(1465,925,1,'144.85',1),(1466,925,2,'0.00',2),(1467,926,1,'144.85',1),(1468,926,2,'0.00',2),(1469,927,1,'144.85',1),(1470,927,2,'0.00',2),(1471,928,1,'144.85',1),(1472,928,2,'0.00',2),(1473,929,1,'144.85',1),(1474,929,2,'0.00',2),(1475,930,1,'144.85',1),(1476,930,2,'0.00',2),(1477,931,1,'144.85',1),(1478,931,2,'0.00',2),(1479,932,1,'144.85',1),(1480,932,2,'0.00',2),(1481,933,1,'144.85',1),(1482,933,2,'0.00',2),(1483,934,1,'144.85',1),(1484,934,2,'0.00',2),(1485,935,1,'144.85',1),(1486,935,2,'0.00',2),(1487,936,1,'144.85',1),(1488,936,2,'0.00',2),(1489,937,1,'144.85',1),(1490,937,2,'0.00',2),(1491,938,1,'144.85',1),(1492,938,2,'0.00',2),(1493,939,1,'144.85',1),(1494,939,2,'0.00',2),(1495,940,1,'144.85',1),(1496,940,2,'0.00',2),(1497,941,1,'144.85',1),(1498,941,2,'0.00',2),(1499,942,1,'144.85',1),(1500,942,2,'0.00',2),(1501,943,1,'144.85',1),(1502,943,2,'0.00',2),(1503,944,1,'144.85',1),(1504,944,2,'0.00',2),(1505,945,1,'144.85',1),(1506,945,2,'0.00',2),(1507,946,1,'144.85',1),(1508,946,2,'0.00',2),(1509,947,1,'144.85',1),(1510,947,2,'0.00',2),(1511,948,1,'144.85',1),(1512,948,2,'0.00',2),(1513,949,1,'144.85',1),(1514,949,2,'0.00',2),(1515,950,1,'144.85',1),(1516,950,2,'0.00',2),(1517,951,1,'144.85',1),(1518,951,2,'0.00',2),(1519,952,1,'144.85',1),(1520,952,2,'0.00',2),(1521,953,1,'144.85',1),(1522,953,2,'0.00',2),(1523,954,1,'144.85',1),(1524,954,2,'0.00',2),(1525,955,1,'144.85',1),(1526,955,2,'0.00',2),(1527,956,1,'144.85',1),(1528,956,2,'0.00',2),(1529,957,1,'144.85',1),(1530,957,2,'0.00',2),(1531,958,1,'144.85',1),(1532,958,2,'0.00',2),(1533,959,1,'144.85',1),(1534,959,2,'0.00',2),(1535,960,1,'144.85',1),(1536,960,2,'0.00',2),(1537,961,1,'144.85',1),(1538,961,2,'0.00',2),(1539,962,1,'144.85',1),(1540,962,2,'0.00',2),(1541,963,1,'144.85',1),(1542,963,2,'0.00',2),(1543,964,1,'84700.00',1),(1544,964,2,'8700.00',2),(1545,965,1,'84700.00',1),(1546,965,2,'8700.00',2),(1547,966,1,'0.00',1),(1548,966,2,'0.00',2),(1549,967,1,'0.00',1),(1550,967,2,'0.00',2),(1551,968,1,'46984.75',1),(1552,968,2,'3072.19',2),(1553,969,1,'46984.75',1),(1554,969,2,'3072.19',2),(1555,970,1,'46984.75',1),(1556,970,2,'3072.19',2),(1557,971,1,'46984.75',1),(1558,971,2,'3072.19',2),(1559,972,1,'46984.75',1),(1560,972,2,'3072.19',2),(1561,973,1,'46984.75',1),(1562,973,2,'3072.19',2),(1563,974,1,'46984.75',1),(1564,974,2,'3072.19',2),(1565,975,1,'46984.75',1),(1566,975,2,'3072.19',2),(1567,976,1,'46984.75',1),(1568,976,2,'3072.19',2),(1569,977,1,'46984.75',1),(1570,977,2,'3072.19',2),(1571,978,1,'46984.75',1),(1572,978,2,'3072.19',2),(1573,979,1,'46984.75',1),(1574,979,2,'3072.19',2),(1575,980,1,'46984.75',1),(1576,980,2,'3072.19',2),(1577,981,1,'210.25',1),(1578,981,2,'17.20',2),(1579,982,1,'210.25',1),(1580,982,2,'17.20',2),(1581,983,1,'210.25',1),(1582,983,2,'17.20',2),(1583,984,1,'210.25',1),(1584,984,2,'17.20',2),(1585,985,1,'210.25',1),(1586,985,2,'17.20',2),(1587,986,1,'210.25',1),(1588,986,2,'17.20',2),(1589,987,1,'210.25',1),(1590,987,2,'17.20',2),(1591,988,1,'210.25',1),(1592,988,2,'17.20',2),(1593,989,1,'210.25',1),(1594,989,2,'17.20',2),(1595,990,1,'210.25',1),(1596,990,2,'17.20',2),(1597,991,1,'210.25',1),(1598,991,2,'17.20',2),(1599,992,1,'210.25',1),(1600,992,2,'17.20',2),(1601,993,1,'210.25',1),(1602,993,2,'17.20',2),(1603,994,1,'210.25',1),(1604,994,2,'17.20',2),(1605,995,1,'210.25',1),(1606,995,2,'17.20',2),(1607,996,1,'210.25',1),(1608,996,2,'17.20',2),(1609,997,1,'210.25',1),(1610,997,2,'17.20',2),(1611,998,1,'210.25',1),(1612,998,2,'17.20',2),(1613,999,1,'210.25',1),(1614,999,2,'17.20',2),(1615,1000,1,'210.25',1),(1616,1000,2,'17.20',2),(1617,1001,1,'210.25',1),(1618,1001,2,'17.20',2),(1619,1002,1,'210.25',1),(1620,1002,2,'17.20',2),(1621,1003,1,'210.25',1),(1622,1003,2,'17.20',2),(1623,1004,1,'210.25',1),(1624,1004,2,'17.20',2),(1625,1005,1,'210.25',1),(1626,1005,2,'17.20',2),(1627,1006,1,'210.25',1),(1628,1006,2,'17.20',2),(1629,1007,1,'210.25',1),(1630,1007,2,'17.20',2),(1631,1008,1,'210.25',1),(1632,1008,2,'17.20',2),(1633,1009,1,'210.25',1),(1634,1009,2,'17.20',2),(1635,1010,1,'210.25',1),(1636,1010,2,'17.20',2),(1637,1011,1,'210.25',1),(1638,1011,2,'17.20',2),(1639,1012,1,'210.25',1),(1640,1012,2,'17.20',2),(1641,1013,1,'210.25',1),(1642,1013,2,'17.20',2),(1643,1014,1,'210.25',1),(1644,1014,2,'17.20',2),(1645,1015,1,'0.00',1),(1646,1015,2,'2541.36',2),(1647,1016,1,'0.00',1),(1648,1016,2,'2541.36',2),(1649,1017,1,'0.00',1),(1650,1017,2,'2541.36',2),(1651,1018,1,'0.00',1),(1652,1018,2,'2541.36',2),(1653,1019,1,'0.00',1),(1654,1019,2,'2541.36',2),(1655,1020,1,'0.00',1),(1656,1020,2,'2541.36',2),(1657,1021,1,'0.00',1),(1658,1021,2,'2541.36',2),(1659,1022,1,'0.00',1),(1660,1022,2,'2541.36',2),(1661,1023,1,'0.00',1),(1662,1023,2,'2541.36',2),(1663,1024,1,'0.00',1),(1664,1024,2,'2541.36',2),(1665,1025,1,'0.00',1),(1666,1025,2,'2541.36',2),(1667,1026,1,'0.00',1),(1668,1026,2,'2541.36',2),(1669,1027,1,'0.00',1),(1670,1027,2,'2541.36',2),(1671,1028,1,'0.00',1),(1672,1028,2,'2541.36',2),(1673,1029,1,'0.00',1),(1674,1029,2,'2541.36',2),(1675,1030,1,'0.00',1),(1676,1030,2,'2541.36',2),(1677,1031,1,'0.00',1),(1678,1031,2,'2541.36',2),(1679,1032,1,'0.00',1),(1680,1032,2,'2541.36',2),(1681,1033,1,'0.00',1),(1682,1033,2,'2541.36',2),(1683,1034,1,'0.00',1),(1684,1034,2,'2541.36',2),(1685,1035,1,'0.00',1),(1686,1035,2,'2541.36',2),(1687,1036,1,'0.00',1),(1688,1036,2,'2541.36',2),(1689,1037,1,'0.00',1),(1690,1037,2,'2541.36',2),(1691,1038,1,'0.00',1),(1692,1038,2,'2541.36',2),(1693,1039,1,'0.00',1),(1694,1039,2,'2541.36',2),(1695,1040,1,'0.00',1),(1696,1040,2,'2541.36',2),(1697,1041,1,'0.00',1),(1698,1041,2,'2541.36',2),(1699,1042,1,'0.00',1),(1700,1042,2,'2541.36',2),(1701,1043,1,'0.00',1),(1702,1043,2,'2541.36',2),(1703,1044,1,'0.00',1),(1704,1044,2,'2541.36',2),(1705,1045,1,'0.00',1),(1706,1045,2,'2541.36',2),(1707,1046,1,'0.00',1),(1708,1046,2,'2541.36',2),(1709,1047,1,'0.00',1),(1710,1047,2,'2541.36',2),(1711,1048,1,'0.00',1),(1712,1048,2,'2541.36',2),(1713,1049,1,'0.00',1),(1714,1049,2,'2541.36',2),(1715,1050,1,'0.00',1),(1716,1050,2,'2541.36',2),(1717,1051,1,'0.00',1),(1718,1051,2,'2541.36',2),(1719,1052,1,'0.00',1),(1720,1052,2,'2541.36',2),(1721,1053,1,'0.00',1),(1722,1053,2,'2541.36',2),(1723,1054,1,'183920.39',1),(1724,1054,2,'18426.58',2),(1725,1055,1,'183920.39',1),(1726,1055,2,'18426.58',2),(1727,1056,1,'183920.39',1),(1728,1056,2,'18426.58',2),(1729,1057,1,'183920.39',1),(1730,1057,2,'18426.58',2),(1731,1058,1,'183920.39',1),(1732,1058,2,'18426.58',2),(1733,1059,1,'183920.39',1),(1734,1059,2,'18426.58',2),(1735,1060,1,'183920.39',1),(1736,1060,2,'18426.58',2),(1737,1061,1,'183920.39',1),(1738,1061,2,'18426.58',2),(1739,1062,1,'183920.39',1),(1740,1062,2,'18426.58',2),(1741,1063,1,'183920.39',1),(1742,1063,2,'18426.58',2),(1743,1064,1,'183920.39',1),(1744,1064,2,'18426.58',2),(1745,1065,1,'183920.39',1),(1746,1065,2,'18426.58',2),(1747,1066,1,'183920.39',1),(1748,1066,2,'18426.58',2),(1749,1067,1,'183920.39',1),(1750,1067,2,'18426.58',2),(1751,1068,1,'183920.39',1),(1752,1068,2,'18426.58',2),(1753,1069,1,'183920.39',1),(1754,1069,2,'18426.58',2),(1755,1070,1,'183920.39',1),(1756,1070,2,'18426.58',2),(1757,1071,1,'183920.39',1),(1758,1071,2,'18426.58',2),(1759,1072,1,'183920.39',1),(1760,1072,2,'18426.58',2),(1761,1073,1,'183920.39',1),(1762,1073,2,'18426.58',2),(1763,1074,1,'183920.39',1),(1764,1074,2,'18426.58',2),(1765,1075,1,'183920.39',1),(1766,1075,2,'18426.58',2),(1767,1076,1,'183920.39',1),(1768,1076,2,'18426.58',2),(1769,1077,1,'183920.39',1),(1770,1077,2,'18426.58',2),(1771,1078,1,'183920.39',1),(1772,1078,2,'18426.58',2),(1773,1079,1,'183920.39',1),(1774,1079,2,'18426.58',2),(1775,1080,1,'183920.39',1),(1776,1080,2,'18426.58',2),(1777,1081,1,'183920.39',1),(1778,1081,2,'18426.58',2),(1779,1082,1,'67.17',1),(1780,1082,2,'7.12',2),(1781,1083,1,'67.17',1),(1782,1083,2,'7.12',2),(1783,1084,1,'67.17',1),(1784,1084,2,'7.12',2),(1785,1085,1,'67.17',1),(1786,1085,2,'7.12',2),(1787,1086,1,'67.17',1),(1788,1086,2,'7.12',2),(1789,1087,1,'67.17',1),(1790,1087,2,'7.12',2),(1791,1088,1,'67.17',1),(1792,1088,2,'7.12',2),(1793,1089,1,'67.17',1),(1794,1089,2,'7.12',2),(1795,1090,1,'67.17',1),(1796,1090,2,'7.12',2),(1797,1091,1,'67.17',1),(1798,1091,2,'7.12',2),(1799,1092,1,'67.17',1),(1800,1092,2,'7.12',2),(1801,1093,1,'67.17',1),(1802,1093,2,'7.12',2),(1803,1094,1,'67.17',1),(1804,1094,2,'7.12',2),(1805,1095,1,'67.17',1),(1806,1095,2,'7.12',2),(1807,1096,1,'67.17',1),(1808,1096,2,'7.12',2),(1809,1097,1,'67.17',1),(1810,1097,2,'7.12',2),(1811,1098,1,'67.17',1),(1812,1098,2,'7.12',2),(1813,1099,1,'67.17',1),(1814,1099,2,'7.12',2),(1815,1100,1,'67.17',1),(1816,1100,2,'7.12',2),(1817,1101,1,'67.17',1),(1818,1101,2,'7.12',2),(1819,1102,1,'67.17',1),(1820,1102,2,'7.12',2),(1821,1103,1,'67.17',1),(1822,1103,2,'7.12',2),(1823,1104,1,'67.17',1),(1824,1104,2,'7.12',2),(1825,1105,1,'67.17',1),(1826,1105,2,'7.12',2),(1827,1106,1,'67.17',1),(1828,1106,2,'7.12',2),(1829,1107,1,'67.17',1),(1830,1107,2,'7.12',2),(1831,1108,1,'67.17',1),(1832,1108,2,'7.12',2),(1833,1109,1,'67.17',1),(1834,1109,2,'7.12',2),(1835,1110,1,'67.17',1),(1836,1110,2,'7.12',2),(1837,1111,1,'67.17',1),(1838,1111,2,'7.12',2),(1839,1112,1,'67.17',1),(1840,1112,2,'7.12',2),(1841,1113,1,'67.17',1),(1842,1113,2,'7.12',2),(1843,1114,1,'67.17',1),(1844,1114,2,'7.12',2),(1845,1115,1,'67.17',1),(1846,1115,2,'7.12',2),(1847,1116,1,'67.17',1),(1848,1116,2,'7.12',2),(1849,1117,1,'67.17',1),(1850,1117,2,'7.12',2),(1851,1118,1,'67.17',1),(1852,1118,2,'7.12',2),(1853,1119,1,'67.17',1),(1854,1119,2,'7.12',2),(1855,1120,1,'67.17',1),(1856,1120,2,'7.12',2),(1857,1121,1,'67.17',1),(1858,1121,2,'7.12',2),(1859,1122,1,'67.17',1),(1860,1122,2,'7.12',2),(1861,1123,1,'0.00',1),(1862,1123,2,'34483.41',2),(1863,1124,1,'0.00',1),(1864,1124,2,'34483.41',2),(1865,1125,1,'0.00',1),(1866,1125,2,'34483.41',2),(1867,1126,1,'0.00',1),(1868,1126,2,'34483.41',2),(1869,1127,1,'0.00',1),(1870,1127,2,'34483.41',2),(1871,1128,1,'0.00',1),(1872,1128,2,'34483.41',2),(1873,1129,1,'0.00',1),(1874,1129,2,'34483.41',2),(1875,1130,1,'0.00',1),(1876,1130,2,'34483.41',2),(1877,1131,1,'0.00',1),(1878,1131,2,'34483.41',2),(1879,1132,1,'0.00',1),(1880,1132,2,'34483.41',2),(1881,1133,1,'0.00',1),(1882,1133,2,'34483.41',2),(1883,1134,1,'0.00',1),(1884,1134,2,'34483.41',2),(1885,1135,1,'0.00',1),(1886,1135,2,'34483.41',2),(1887,1136,1,'0.00',1),(1888,1136,2,'34483.41',2),(1889,1137,1,'0.00',1),(1890,1137,2,'34483.41',2),(1891,1138,1,'0.00',1),(1892,1138,2,'34483.41',2),(1893,1139,1,'0.00',1),(1894,1139,2,'34483.41',2),(1895,1140,1,'0.00',1),(1896,1140,2,'34483.41',2),(1897,1141,1,'0.00',1),(1898,1141,2,'34483.41',2),(1899,1142,1,'0.00',1),(1900,1142,2,'34483.41',2),(1901,1143,1,'0.00',1),(1902,1143,2,'34483.41',2),(1903,1144,1,'0.00',1),(1904,1144,2,'34483.41',2),(1905,1145,1,'0.00',1),(1906,1145,2,'34483.41',2),(1907,1146,1,'0.00',1),(1908,1146,2,'34483.41',2),(1909,1147,1,'0.00',1),(1910,1147,2,'34483.41',2),(1911,1148,1,'0.00',1),(1912,1148,2,'34483.41',2),(1913,1149,1,'0.00',1),(1914,1149,2,'34483.41',2),(1915,1150,1,'0.00',1),(1916,1150,2,'34483.41',2),(1917,1151,1,'0.00',1),(1918,1151,2,'34483.41',2),(1919,1152,1,'0.00',1),(1920,1152,2,'34483.41',2),(1921,1153,1,'0.00',1),(1922,1153,2,'34483.41',2),(1923,1154,1,'0.00',1),(1924,1154,2,'0.01',2),(1925,1155,1,'0.00',1),(1926,1155,2,'0.01',2),(1927,1156,1,'0.00',1),(1928,1156,2,'0.01',2),(1929,1157,1,'0.00',1),(1930,1157,2,'0.01',2),(1931,1158,1,'0.00',1),(1932,1158,2,'0.01',2),(1933,1159,1,'0.00',1),(1934,1159,2,'0.01',2),(1935,1160,1,'0.00',1),(1936,1160,2,'0.01',2),(1937,1161,1,'0.00',1),(1938,1161,2,'0.01',2),(1939,1162,1,'0.00',1),(1940,1162,2,'0.01',2),(1941,1163,1,'0.00',1),(1942,1163,2,'0.01',2),(1943,1164,1,'0.00',1),(1944,1164,2,'0.01',2),(1945,1165,1,'0.00',1),(1946,1165,2,'0.01',2),(1947,1166,1,'0.00',1),(1948,1166,2,'0.01',2),(1949,1167,1,'0.00',1),(1950,1167,2,'0.01',2),(1951,1168,1,'0.00',1),(1952,1168,2,'0.01',2),(1953,1169,1,'0.00',1),(1954,1169,2,'0.01',2),(1955,1170,1,'0.00',1),(1956,1170,2,'0.01',2),(1957,1171,1,'0.00',1),(1958,1171,2,'0.01',2),(1959,1172,1,'0.00',1),(1960,1172,2,'0.01',2),(1961,1173,1,'0.00',1),(1962,1173,2,'0.01',2),(1963,1174,1,'0.00',1),(1964,1174,2,'0.01',2),(1965,1175,1,'0.00',1),(1966,1175,2,'0.01',2),(1967,1176,1,'0.00',1),(1968,1176,2,'0.01',2),(1969,1177,1,'0.00',1),(1970,1177,2,'0.01',2),(1971,1178,1,'0.00',1),(1972,1178,2,'0.01',2),(1973,1179,1,'0.00',1),(1974,1179,2,'0.01',2),(1975,1180,1,'0.00',1),(1976,1180,2,'0.01',2),(1977,1181,1,'0.00',1),(1978,1181,2,'0.01',2),(1979,1182,1,'0.00',1),(1980,1182,2,'0.01',2),(1981,1183,1,'0.00',1),(1982,1183,2,'0.01',2),(1983,1184,1,'0.00',1),(1984,1184,2,'0.01',2),(1985,1185,1,'0.00',1),(1986,1185,2,'0.01',2),(1987,1186,1,'0.00',1),(1988,1186,2,'0.01',2),(1989,1187,1,'0.00',1),(1990,1187,2,'0.01',2),(1991,1188,1,'0.00',1),(1992,1188,2,'0.01',2),(1993,1189,1,'0.00',1),(1994,1189,2,'0.01',2),(1995,1190,1,'0.00',1),(1996,1190,2,'0.01',2),(1997,1191,1,'0.00',1),(1998,1191,2,'0.01',2),(1999,1192,1,'0.00',1),(2000,1192,2,'0.01',2),(2001,1193,1,'0.00',1),(2002,1193,2,'0.01',2),(2003,1194,1,'0.00',1),(2004,1194,2,'0.01',2),(2005,1195,1,'0.00',1),(2006,1195,2,'0.01',2),(2007,1196,1,'236.66',1),(2008,1196,2,'0.00',2),(2009,1197,1,'236.66',1),(2010,1197,2,'0.00',2),(2011,1198,1,'236.66',1),(2012,1198,2,'0.00',2),(2013,1199,1,'236.66',1),(2014,1199,2,'0.00',2),(2015,1200,1,'236.66',1),(2016,1200,2,'0.00',2),(2017,1201,1,'236.66',1),(2018,1201,2,'0.00',2),(2019,1202,1,'236.66',1),(2020,1202,2,'0.00',2),(2021,1203,1,'236.66',1),(2022,1203,2,'0.00',2),(2023,1204,1,'236.66',1),(2024,1204,2,'0.00',2),(2025,1205,1,'236.66',1),(2026,1205,2,'0.00',2),(2027,1206,1,'236.66',1),(2028,1206,2,'0.00',2),(2029,1207,1,'236.66',1),(2030,1207,2,'0.00',2),(2031,1208,1,'236.66',1),(2032,1208,2,'0.00',2),(2033,1209,1,'236.66',1),(2034,1209,2,'0.00',2),(2035,1210,1,'236.66',1),(2036,1210,2,'0.00',2),(2037,1211,1,'236.66',1),(2038,1211,2,'0.00',2),(2039,1212,1,'236.66',1),(2040,1212,2,'0.00',2),(2041,1213,1,'236.66',1),(2042,1213,2,'0.00',2),(2043,1214,1,'236.66',1),(2044,1214,2,'0.00',2),(2045,1215,1,'236.66',1),(2046,1215,2,'0.00',2),(2047,1216,1,'236.66',1),(2048,1216,2,'0.00',2),(2049,1217,1,'236.66',1),(2050,1217,2,'0.00',2),(2051,1218,1,'236.66',1),(2052,1218,2,'0.00',2),(2053,1219,1,'236.66',1),(2054,1219,2,'0.00',2),(2055,1220,1,'236.66',1),(2056,1220,2,'0.00',2),(2057,1221,1,'236.66',1),(2058,1221,2,'0.00',2),(2059,1222,1,'236.66',1),(2060,1222,2,'0.00',2),(2061,1223,1,'236.66',1),(2062,1223,2,'0.00',2),(2063,1224,1,'236.66',1),(2064,1224,2,'0.00',2),(2065,1225,1,'236.66',1),(2066,1225,2,'0.00',2),(2067,1226,1,'236.66',1),(2068,1226,2,'0.00',2),(2069,1227,1,'236.66',1),(2070,1227,2,'0.00',2),(2071,1228,1,'236.66',1),(2072,1228,2,'0.00',2),(2073,1229,1,'236.66',1),(2074,1229,2,'0.00',2),(2075,1230,1,'236.66',1),(2076,1230,2,'0.00',2),(2077,1231,1,'236.66',1),(2078,1231,2,'0.00',2),(2079,1232,1,'236.66',1),(2080,1232,2,'0.00',2),(2081,1233,1,'236.66',1),(2082,1233,2,'0.00',2),(2083,1234,1,'236.66',1),(2084,1234,2,'0.00',2),(2085,1235,1,'236.66',1),(2086,1235,2,'0.00',2),(2087,1236,1,'236.66',1),(2088,1236,2,'0.00',2),(2089,1237,1,'236.66',1),(2090,1237,2,'0.00',2),(2091,1238,1,'236.66',1),(2092,1238,2,'0.00',2),(2093,1239,1,'236.66',1),(2094,1239,2,'0.00',2),(2095,1240,1,'0.00',1),(2096,1240,2,'2356.86',2),(2097,1241,1,'0.00',1),(2098,1241,2,'2356.86',2),(2099,1242,1,'0.00',1),(2100,1242,2,'2356.86',2),(2101,1243,1,'0.00',1),(2102,1243,2,'2356.86',2),(2103,1244,1,'0.00',1),(2104,1244,2,'2356.86',2),(2105,1245,1,'0.00',1),(2106,1245,2,'2356.86',2),(2107,1246,1,'0.00',1),(2108,1246,2,'2356.86',2),(2109,1247,1,'0.00',1),(2110,1247,2,'2356.86',2),(2111,1248,1,'0.00',1),(2112,1248,2,'2356.86',2),(2113,1249,1,'0.00',1),(2114,1249,2,'2356.86',2),(2115,1250,1,'0.00',1),(2116,1250,2,'2356.86',2),(2117,1251,1,'0.00',1),(2118,1251,2,'2356.86',2),(2119,1252,1,'0.00',1),(2120,1252,2,'2356.86',2),(2121,1253,1,'0.00',1),(2122,1253,2,'2356.86',2),(2123,1254,1,'0.00',1),(2124,1254,2,'2356.86',2),(2125,1255,1,'0.00',1),(2126,1255,2,'2356.86',2),(2127,1256,1,'0.00',1),(2128,1256,2,'2356.86',2),(2129,1257,1,'0.00',1),(2130,1257,2,'2356.86',2),(2131,1258,1,'0.00',1),(2132,1258,2,'2356.86',2),(2133,1259,1,'0.00',1),(2134,1259,2,'2356.86',2),(2135,1260,1,'0.00',1),(2136,1260,2,'2356.86',2),(2137,1261,1,'0.00',1),(2138,1261,2,'2356.86',2),(2139,1262,1,'0.00',1),(2140,1262,2,'2356.86',2),(2141,1263,1,'0.00',1),(2142,1263,2,'2356.86',2),(2143,1264,1,'0.00',1),(2144,1264,2,'2356.86',2),(2145,1265,1,'0.00',1),(2146,1265,2,'2356.86',2),(2147,1266,1,'0.00',1),(2148,1266,2,'2356.86',2),(2149,1267,1,'0.00',1),(2150,1267,2,'2356.86',2),(2151,1268,1,'0.00',1),(2152,1268,2,'2356.86',2),(2153,1269,1,'0.00',1),(2154,1269,2,'2356.86',2),(2155,1270,1,'0.00',1),(2156,1270,2,'2356.86',2),(2157,1271,1,'0.00',1),(2158,1271,2,'2356.86',2),(2159,1272,1,'0.00',1),(2160,1272,2,'2356.86',2),(2161,1273,1,'0.00',1),(2162,1273,2,'2356.86',2),(2163,1274,1,'0.00',1),(2164,1274,2,'2356.86',2),(2165,1275,1,'0.00',1),(2166,1275,2,'2356.86',2),(2167,1276,1,'0.00',1),(2168,1276,2,'2356.86',2),(2169,1277,1,'0.00',1),(2170,1277,2,'2356.86',2),(2171,1278,1,'0.00',1),(2172,1278,2,'2356.86',2),(2173,1279,1,'14.22',1),(2174,1279,2,'0.00',2),(2175,1280,1,'14.22',1),(2176,1280,2,'0.00',2),(2177,1281,1,'14.22',1),(2178,1281,2,'0.00',2),(2179,1282,1,'14.22',1),(2180,1282,2,'0.00',2),(2181,1283,1,'14.22',1),(2182,1283,2,'0.00',2),(2183,1284,1,'14.22',1),(2184,1284,2,'0.00',2),(2185,1285,1,'14.22',1),(2186,1285,2,'0.00',2),(2187,1286,1,'14.22',1),(2188,1286,2,'0.00',2),(2189,1287,1,'14.22',1),(2190,1287,2,'0.00',2),(2191,1288,1,'14.22',1),(2192,1288,2,'0.00',2),(2193,1289,1,'14.22',1),(2194,1289,2,'0.00',2),(2195,1290,1,'14.22',1),(2196,1290,2,'0.00',2),(2197,1291,1,'14.22',1),(2198,1291,2,'0.00',2),(2199,1292,1,'14.22',1),(2200,1292,2,'0.00',2),(2201,1293,1,'14.22',1),(2202,1293,2,'0.00',2),(2203,1294,1,'14.22',1),(2204,1294,2,'0.00',2),(2205,1295,1,'14.22',1),(2206,1295,2,'0.00',2),(2207,1296,1,'14.22',1),(2208,1296,2,'0.00',2),(2209,1297,1,'14.22',1),(2210,1297,2,'0.00',2),(2211,1298,1,'14.22',1),(2212,1298,2,'0.00',2),(2213,1299,1,'14.22',1),(2214,1299,2,'0.00',2),(2215,1300,1,'14.22',1),(2216,1300,2,'0.00',2),(2217,1301,1,'14.22',1),(2218,1301,2,'0.00',2),(2219,1302,1,'14.22',1),(2220,1302,2,'0.00',2),(2221,1303,1,'14.22',1),(2222,1303,2,'0.00',2),(2223,1304,1,'14.22',1),(2224,1304,2,'0.00',2),(2225,1305,1,'14.22',1),(2226,1305,2,'0.00',2),(2227,1306,1,'14.22',1),(2228,1306,2,'0.00',2),(2229,1307,1,'14.22',1),(2230,1307,2,'0.00',2),(2231,1308,1,'14.22',1),(2232,1308,2,'0.00',2),(2233,1309,1,'14.22',1),(2234,1309,2,'0.00',2),(2235,1310,1,'14.22',1),(2236,1310,2,'0.00',2),(2237,1311,1,'14.22',1),(2238,1311,2,'0.00',2),(2239,1312,1,'14.22',1),(2240,1312,2,'0.00',2),(2241,1313,1,'14.22',1),(2242,1313,2,'0.00',2),(2243,1314,1,'14.22',1),(2244,1314,2,'0.00',2),(2245,1315,1,'14.22',1),(2246,1315,2,'0.00',2),(2247,1316,1,'14.22',1),(2248,1316,2,'0.00',2),(2249,1317,1,'14.22',1),(2250,1317,2,'0.00',2),(2251,1318,1,'14.22',1),(2252,1318,2,'0.00',2),(2253,1319,1,'14.22',1),(2254,1319,2,'0.00',2),(2255,1320,1,'14.22',1),(2256,1320,2,'0.00',2),(2257,1321,1,'14.22',1),(2258,1321,2,'0.00',2),(2259,1322,1,'14.22',1),(2260,1322,2,'0.00',2),(2261,1323,1,'14.22',1),(2262,1323,2,'0.00',2),(2263,1324,1,'14.22',1),(2264,1324,2,'0.00',2),(2265,1325,1,'14.22',1),(2266,1325,2,'0.00',2),(2267,1326,1,'14.22',1),(2268,1326,2,'0.00',2),(2269,1327,1,'14.22',1),(2270,1327,2,'0.00',2),(2271,1328,1,'0.00',1),(2272,1328,2,'78.93',2),(2273,1329,1,'0.00',1),(2274,1329,2,'78.93',2),(2275,1330,1,'0.00',1),(2276,1330,2,'78.93',2),(2277,1331,1,'0.00',1),(2278,1331,2,'78.93',2),(2279,1332,1,'0.00',1),(2280,1332,2,'78.93',2),(2281,1333,1,'0.00',1),(2282,1333,2,'78.93',2),(2283,1334,1,'0.00',1),(2284,1334,2,'78.93',2),(2285,1335,1,'0.00',1),(2286,1335,2,'78.93',2),(2287,1336,1,'0.00',1),(2288,1336,2,'78.93',2),(2289,1337,1,'0.00',1),(2290,1337,2,'78.93',2),(2291,1338,1,'0.00',1),(2292,1338,2,'78.93',2),(2293,1339,1,'0.00',1),(2294,1339,2,'78.93',2),(2295,1340,1,'0.00',1),(2296,1340,2,'78.93',2),(2297,1341,1,'0.00',1),(2298,1341,2,'78.93',2),(2299,1342,1,'0.00',1),(2300,1342,2,'78.93',2),(2301,1343,1,'0.00',1),(2302,1343,2,'78.93',2),(2303,1344,1,'0.00',1),(2304,1344,2,'78.93',2),(2305,1345,1,'0.00',1),(2306,1345,2,'78.93',2),(2307,1346,1,'0.00',1),(2308,1346,2,'78.93',2),(2309,1347,1,'0.00',1),(2310,1347,2,'78.93',2),(2311,1348,1,'0.00',1),(2312,1348,2,'78.93',2),(2313,1349,1,'0.00',1),(2314,1349,2,'78.93',2),(2315,1350,1,'0.00',1),(2316,1350,2,'78.93',2),(2317,1351,1,'0.00',1),(2318,1351,2,'78.93',2),(2319,1352,1,'0.00',1),(2320,1352,2,'78.93',2),(2321,1353,1,'0.00',1),(2322,1353,2,'78.93',2),(2323,1354,1,'41112.62',1),(2324,1354,2,'8305.67',2),(2325,1355,1,'41112.62',1),(2326,1355,2,'8305.67',2),(2327,1356,1,'41112.62',1),(2328,1356,2,'8305.67',2),(2329,1357,1,'41112.62',1),(2330,1357,2,'8305.67',2),(2331,1358,1,'41112.62',1),(2332,1358,2,'8305.67',2),(2333,1359,1,'41112.62',1),(2334,1359,2,'8305.67',2),(2335,1360,1,'41112.62',1),(2336,1360,2,'8305.67',2),(2337,1361,1,'41112.62',1),(2338,1361,2,'8305.67',2),(2339,1362,1,'41112.62',1),(2340,1362,2,'8305.67',2),(2341,1363,1,'41112.62',1),(2342,1363,2,'8305.67',2),(2343,1364,1,'41112.62',1),(2344,1364,2,'8305.67',2),(2345,1365,1,'41112.62',1),(2346,1365,2,'8305.67',2),(2347,1366,1,'41112.62',1),(2348,1366,2,'8305.67',2),(2349,1367,1,'41112.62',1),(2350,1367,2,'8305.67',2),(2351,1368,1,'41112.62',1),(2352,1368,2,'8305.67',2),(2353,1369,1,'41112.62',1),(2354,1369,2,'8305.67',2),(2355,1370,1,'41112.62',1),(2356,1370,2,'8305.67',2),(2357,1371,1,'41112.62',1),(2358,1371,2,'8305.67',2),(2359,1372,1,'1.31',1),(2360,1372,2,'44.97',2),(2361,1373,1,'1.31',1),(2362,1373,2,'44.97',2),(2363,1374,1,'1.31',1),(2364,1374,2,'44.97',2),(2365,1375,1,'1.31',1),(2366,1375,2,'44.97',2),(2367,1376,1,'1.31',1),(2368,1376,2,'44.97',2),(2369,1377,1,'1.31',1),(2370,1377,2,'44.97',2),(2371,1378,1,'1.31',1),(2372,1378,2,'44.97',2),(2373,1379,1,'1.31',1),(2374,1379,2,'44.97',2),(2375,1380,1,'1.31',1),(2376,1380,2,'44.97',2),(2377,1381,1,'1.31',1),(2378,1381,2,'44.97',2),(2379,1382,1,'1.31',1),(2380,1382,2,'44.97',2),(2381,1383,1,'1.31',1),(2382,1383,2,'44.97',2),(2383,1384,1,'1.31',1),(2384,1384,2,'44.97',2),(2385,1385,1,'1.31',1),(2386,1385,2,'44.97',2),(2387,1386,1,'1.31',1),(2388,1386,2,'44.97',2),(2389,1387,1,'1.31',1),(2390,1387,2,'44.97',2),(2391,1388,1,'1.31',1),(2392,1388,2,'44.97',2),(2393,1389,1,'1.31',1),(2394,1389,2,'44.97',2),(2395,1390,1,'1.31',1),(2396,1390,2,'44.97',2),(2397,1391,1,'1.31',1),(2398,1391,2,'44.97',2),(2399,1392,1,'1.31',1),(2400,1392,2,'44.97',2),(2401,1393,1,'1.31',1),(2402,1393,2,'44.97',2),(2403,1394,1,'1.31',1),(2404,1394,2,'44.97',2),(2405,1395,1,'1.31',1),(2406,1395,2,'44.97',2),(2407,1396,1,'1.31',1),(2408,1396,2,'44.97',2),(2409,1397,1,'1.31',1),(2410,1397,2,'44.97',2),(2411,1398,1,'1.31',1),(2412,1398,2,'44.97',2),(2413,1399,1,'1.31',1),(2414,1399,2,'44.97',2),(2415,1400,1,'1.31',1),(2416,1400,2,'44.97',2),(2417,1401,1,'1.31',1),(2418,1401,2,'44.97',2),(2419,1402,1,'1.31',1),(2420,1402,2,'44.97',2),(2421,1403,1,'1.31',1),(2422,1403,2,'44.97',2),(2423,1404,1,'1.31',1),(2424,1404,2,'44.97',2),(2425,1405,1,'1.31',1),(2426,1405,2,'44.97',2),(2427,1406,1,'1.31',1),(2428,1406,2,'44.97',2),(2429,1407,1,'1.31',1),(2430,1407,2,'44.97',2),(2431,1408,1,'1.31',1),(2432,1408,2,'44.97',2),(2433,1409,1,'1.31',1),(2434,1409,2,'44.97',2),(2435,1410,1,'1.31',1),(2436,1410,2,'44.97',2),(2437,1411,1,'1.31',1),(2438,1411,2,'44.97',2),(2439,1412,1,'1.31',1),(2440,1412,2,'44.97',2),(2441,1413,1,'1.31',1),(2442,1413,2,'44.97',2),(2443,1414,1,'1.31',1),(2444,1414,2,'44.97',2),(2445,1415,1,'52.90',1),(2446,1415,2,'20.54',2),(2447,1416,1,'52.90',1),(2448,1416,2,'20.54',2),(2449,1417,1,'52.90',1),(2450,1417,2,'20.54',2),(2451,1418,1,'52.90',1),(2452,1418,2,'20.54',2),(2453,1419,1,'52.90',1),(2454,1419,2,'20.54',2),(2455,1420,1,'52.90',1),(2456,1420,2,'20.54',2),(2457,1421,1,'52.90',1),(2458,1421,2,'20.54',2),(2459,1422,1,'52.90',1),(2460,1422,2,'20.54',2),(2461,1423,1,'52.90',1),(2462,1423,2,'20.54',2),(2463,1424,1,'52.90',1),(2464,1424,2,'20.54',2),(2465,1425,1,'52.90',1),(2466,1425,2,'20.54',2),(2467,1426,1,'52.90',1),(2468,1426,2,'20.54',2),(2469,1427,1,'52.90',1),(2470,1427,2,'20.54',2),(2471,1428,1,'52.90',1),(2472,1428,2,'20.54',2),(2473,1429,1,'52.90',1),(2474,1429,2,'20.54',2),(2475,1430,1,'52.90',1),(2476,1430,2,'20.54',2),(2477,1431,1,'52.90',1),(2478,1431,2,'20.54',2),(2479,1432,1,'52.90',1),(2480,1432,2,'20.54',2),(2481,1433,1,'52.90',1),(2482,1433,2,'20.54',2),(2483,1434,1,'52.90',1),(2484,1434,2,'20.54',2),(2485,1435,1,'52.90',1),(2486,1435,2,'20.54',2),(2487,1436,1,'52.90',1),(2488,1436,2,'20.54',2),(2489,1437,1,'52.90',1),(2490,1437,2,'20.54',2),(2491,1438,1,'52.90',1),(2492,1438,2,'20.54',2),(2493,1439,1,'52.90',1),(2494,1439,2,'20.54',2),(2495,1440,1,'52.90',1),(2496,1440,2,'20.54',2),(2497,1441,1,'52.90',1),(2498,1441,2,'20.54',2),(2499,1442,1,'52.90',1),(2500,1442,2,'20.54',2),(2501,1443,1,'52.90',1),(2502,1443,2,'20.54',2),(2503,1444,1,'52.90',1),(2504,1444,2,'20.54',2),(2505,1445,1,'52.90',1),(2506,1445,2,'20.54',2),(2507,1446,1,'52.90',1),(2508,1446,2,'20.54',2),(2509,1447,1,'52.90',1),(2510,1447,2,'20.54',2),(2511,1448,1,'52.90',1),(2512,1448,2,'20.54',2),(2513,1449,1,'52.90',1),(2514,1449,2,'20.54',2),(2515,1450,1,'52.90',1),(2516,1450,2,'20.54',2),(2517,1451,1,'52.90',1),(2518,1451,2,'20.54',2),(2519,1452,1,'52.90',1),(2520,1452,2,'20.54',2),(2521,1453,1,'52.90',1),(2522,1453,2,'20.54',2),(2523,1454,1,'52.90',1),(2524,1454,2,'20.54',2),(2525,1455,1,'8285.60',1),(2526,1455,2,'51887.75',2),(2527,1456,1,'8285.60',1),(2528,1456,2,'51887.75',2),(2529,1457,1,'8285.60',1),(2530,1457,2,'51887.75',2),(2531,1458,1,'8285.60',1),(2532,1458,2,'51887.75',2),(2533,1459,1,'8285.60',1),(2534,1459,2,'51887.75',2),(2535,1460,1,'8285.60',1),(2536,1460,2,'51887.75',2),(2537,1461,1,'8285.60',1),(2538,1461,2,'51887.75',2),(2539,1462,1,'8285.60',1),(2540,1462,2,'51887.75',2),(2541,1463,1,'8285.60',1),(2542,1463,2,'51887.75',2),(2543,1464,1,'8285.60',1),(2544,1464,2,'51887.75',2),(2545,1465,1,'8285.60',1),(2546,1465,2,'51887.75',2),(2547,1466,1,'8285.60',1),(2548,1466,2,'51887.75',2),(2549,1467,1,'8285.60',1),(2550,1467,2,'51887.75',2),(2551,1468,1,'8285.60',1),(2552,1468,2,'51887.75',2),(2553,1469,1,'8285.60',1),(2554,1469,2,'51887.75',2),(2555,1470,1,'8285.60',1),(2556,1470,2,'51887.75',2),(2557,1471,1,'8285.60',1),(2558,1471,2,'51887.75',2),(2559,1472,1,'8285.60',1),(2560,1472,2,'51887.75',2),(2561,1473,1,'8285.60',1),(2562,1473,2,'51887.75',2),(2563,1474,1,'8285.60',1),(2564,1474,2,'51887.75',2),(2565,1475,1,'8285.60',1),(2566,1475,2,'51887.75',2),(2567,1476,1,'8285.60',1),(2568,1476,2,'51887.75',2),(2569,1477,1,'8285.60',1),(2570,1477,2,'51887.75',2),(2571,1478,1,'8285.60',1),(2572,1478,2,'51887.75',2),(2573,1479,1,'8285.60',1),(2574,1479,2,'51887.75',2),(2575,1480,1,'8285.60',1),(2576,1480,2,'51887.75',2),(2577,1481,1,'8285.60',1),(2578,1481,2,'51887.75',2),(2579,1482,1,'8285.60',1),(2580,1482,2,'51887.75',2),(2581,1483,1,'8285.60',1),(2582,1483,2,'51887.75',2),(2583,1484,1,'0.00',1),(2584,1484,2,'4917.23',2),(2585,1485,1,'0.00',1),(2586,1485,2,'4917.23',2),(2587,1486,1,'0.00',1),(2588,1486,2,'4917.23',2),(2589,1487,1,'0.00',1),(2590,1487,2,'4917.23',2),(2591,1488,1,'0.00',1),(2592,1488,2,'4917.23',2),(2593,1489,1,'0.00',1),(2594,1489,2,'4917.23',2),(2595,1490,1,'0.00',1),(2596,1490,2,'4917.23',2),(2597,1491,1,'0.00',1),(2598,1491,2,'4917.23',2),(2599,1492,1,'0.00',1),(2600,1492,2,'4917.23',2),(2601,1493,1,'0.00',1),(2602,1493,2,'4917.23',2),(2603,1494,1,'0.00',1),(2604,1494,2,'4917.23',2),(2605,1495,1,'0.00',1),(2606,1495,2,'4917.23',2),(2607,1496,1,'0.00',1),(2608,1496,2,'4917.23',2),(2609,1497,1,'0.00',1),(2610,1497,2,'4917.23',2),(2611,1498,1,'0.00',1),(2612,1498,2,'4917.23',2),(2613,1499,1,'0.00',1),(2614,1499,2,'4917.23',2),(2615,1500,1,'0.00',1),(2616,1500,2,'4917.23',2),(2617,1501,1,'0.00',1),(2618,1501,2,'4917.23',2),(2619,1502,1,'0.00',1),(2620,1502,2,'4917.23',2),(2621,1503,1,'0.00',1),(2622,1503,2,'4917.23',2),(2623,1504,1,'0.00',1),(2624,1504,2,'4917.23',2),(2625,1505,1,'0.00',1),(2626,1505,2,'4917.23',2),(2627,1506,1,'0.00',1),(2628,1506,2,'4917.23',2),(2629,1507,1,'0.00',1),(2630,1507,2,'4917.23',2),(2631,1508,1,'0.00',1),(2632,1508,2,'4917.23',2),(2633,1509,1,'0.00',1),(2634,1509,2,'4917.23',2),(2635,1510,1,'0.00',1),(2636,1510,2,'4917.23',2),(2637,1511,1,'0.00',1),(2638,1511,2,'4917.23',2),(2639,1512,1,'0.00',1),(2640,1512,2,'4917.23',2),(2641,1513,1,'0.00',1),(2642,1513,2,'4917.23',2),(2643,1514,1,'0.00',1),(2644,1514,2,'4917.23',2),(2645,1515,1,'0.00',1),(2646,1515,2,'4917.23',2),(2647,1516,1,'0.00',1),(2648,1516,2,'4917.23',2),(2649,1517,1,'0.00',1),(2650,1517,2,'4917.23',2),(2651,1518,1,'0.00',1),(2652,1518,2,'4917.23',2),(2653,1519,1,'0.00',1),(2654,1519,2,'4917.23',2),(2655,1520,1,'0.00',1),(2656,1520,2,'4917.23',2),(2657,1521,1,'0.00',1),(2658,1521,2,'4917.23',2),(2659,1522,1,'0.00',1),(2660,1522,2,'4917.23',2),(2661,1523,1,'0.00',1),(2662,1523,2,'4917.23',2),(2663,1524,1,'0.00',1),(2664,1524,2,'4917.23',2),(2665,1525,1,'0.00',1),(2666,1525,2,'1247.01',2),(2667,1526,1,'0.00',1),(2668,1526,2,'1247.01',2),(2669,1527,1,'0.00',1),(2670,1527,2,'1247.01',2),(2671,1528,1,'0.00',1),(2672,1528,2,'1247.01',2),(2673,1529,1,'0.00',1),(2674,1529,2,'1247.01',2),(2675,1530,1,'0.00',1),(2676,1530,2,'1247.01',2),(2677,1531,1,'0.00',1),(2678,1531,2,'1247.01',2),(2679,1532,1,'0.00',1),(2680,1532,2,'1247.01',2),(2681,1533,1,'0.00',1),(2682,1533,2,'1247.01',2),(2683,1534,1,'0.00',1),(2684,1534,2,'1247.01',2),(2685,1535,1,'0.00',1),(2686,1535,2,'1247.01',2),(2687,1536,1,'0.00',1),(2688,1536,2,'1247.01',2),(2689,1537,1,'0.00',1),(2690,1537,2,'1247.01',2),(2691,1538,1,'0.00',1),(2692,1538,2,'1247.01',2),(2693,1539,1,'0.00',1),(2694,1539,2,'1247.01',2),(2695,1540,1,'0.00',1),(2696,1540,2,'1247.01',2),(2697,1541,1,'0.00',1),(2698,1541,2,'1247.01',2),(2699,1542,1,'0.00',1),(2700,1542,2,'1247.01',2),(2701,1543,1,'0.00',1),(2702,1543,2,'1247.01',2),(2703,1544,1,'0.00',1),(2704,1544,2,'1247.01',2),(2705,1545,1,'0.00',1),(2706,1545,2,'1247.01',2),(2707,1546,1,'0.00',1),(2708,1546,2,'1247.01',2),(2709,1547,1,'0.00',1),(2710,1547,2,'1247.01',2),(2711,1548,1,'0.00',1),(2712,1548,2,'1247.01',2),(2713,1549,1,'0.00',1),(2714,1549,2,'1247.01',2),(2715,1550,1,'0.00',1),(2716,1550,2,'1247.01',2),(2717,1551,1,'0.00',1),(2718,1551,2,'1247.01',2),(2719,1552,1,'0.00',1),(2720,1552,2,'1247.01',2),(2721,1553,1,'0.00',1),(2722,1553,2,'1247.01',2),(2723,1554,1,'0.00',1),(2724,1554,2,'1247.01',2),(2725,1555,1,'0.00',1),(2726,1555,2,'1247.01',2),(2727,1556,1,'0.00',1),(2728,1556,2,'1247.01',2),(2729,1557,1,'0.00',1),(2730,1557,2,'1247.01',2),(2731,1558,1,'0.00',1),(2732,1558,2,'1247.01',2),(2733,1559,1,'0.00',1),(2734,1559,2,'1247.01',2),(2735,1560,1,'41.86',1),(2736,1560,2,'75.75',2),(2737,1561,1,'41.86',1),(2738,1561,2,'75.75',2),(2739,1562,1,'41.86',1),(2740,1562,2,'75.75',2),(2741,1563,1,'41.86',1),(2742,1563,2,'75.75',2),(2743,1564,1,'41.86',1),(2744,1564,2,'75.75',2),(2745,1565,1,'41.86',1),(2746,1565,2,'75.75',2),(2747,1566,1,'41.86',1),(2748,1566,2,'75.75',2),(2749,1567,1,'41.86',1),(2750,1567,2,'75.75',2),(2751,1568,1,'41.86',1),(2752,1568,2,'75.75',2),(2753,1569,1,'41.86',1),(2754,1569,2,'75.75',2),(2755,1570,1,'41.86',1),(2756,1570,2,'75.75',2),(2757,1571,1,'41.86',1),(2758,1571,2,'75.75',2),(2759,1572,1,'41.86',1),(2760,1572,2,'75.75',2),(2761,1573,1,'41.86',1),(2762,1573,2,'75.75',2),(2763,1574,1,'41.86',1),(2764,1574,2,'75.75',2),(2765,1575,1,'41.86',1),(2766,1575,2,'75.75',2),(2767,1576,1,'41.86',1),(2768,1576,2,'75.75',2),(2769,1577,1,'41.86',1),(2770,1577,2,'75.75',2),(2771,1578,1,'41.86',1),(2772,1578,2,'75.75',2),(2773,1579,1,'41.86',1),(2774,1579,2,'75.75',2),(2775,1580,1,'41.86',1),(2776,1580,2,'75.75',2),(2777,1581,1,'41.86',1),(2778,1581,2,'75.75',2),(2779,1582,1,'41.86',1),(2780,1582,2,'75.75',2),(2781,1583,1,'41.86',1),(2782,1583,2,'75.75',2),(2783,1584,1,'41.86',1),(2784,1584,2,'75.75',2),(2785,1585,1,'41.86',1),(2786,1585,2,'75.75',2),(2787,1586,1,'41.86',1),(2788,1586,2,'75.75',2),(2789,1587,1,'41.86',1),(2790,1587,2,'75.75',2),(2791,1588,1,'41.86',1),(2792,1588,2,'75.75',2),(2793,1589,1,'41.86',1),(2794,1589,2,'75.75',2),(2795,1590,1,'41.86',1),(2796,1590,2,'75.75',2),(2797,1591,1,'41.86',1),(2798,1591,2,'75.75',2),(2799,1592,1,'41.86',1),(2800,1592,2,'75.75',2),(2801,1593,1,'41.86',1),(2802,1593,2,'75.75',2),(2803,1594,1,'41.86',1),(2804,1594,2,'75.75',2),(2805,1595,1,'41.86',1),(2806,1595,2,'75.75',2),(2807,1596,1,'41.86',1),(2808,1596,2,'75.75',2),(2809,1597,1,'41.86',1),(2810,1597,2,'75.75',2),(2811,1598,1,'41.86',1),(2812,1598,2,'75.75',2),(2813,1599,1,'0.00',1),(2814,1599,2,'51.24',2),(2815,1600,1,'0.00',1),(2816,1600,2,'51.24',2),(2817,1601,1,'0.00',1),(2818,1601,2,'51.24',2),(2819,1602,1,'0.00',1),(2820,1602,2,'51.24',2),(2821,1603,1,'0.00',1),(2822,1603,2,'51.24',2),(2823,1604,1,'0.00',1),(2824,1604,2,'51.24',2),(2825,1605,1,'0.00',1),(2826,1605,2,'51.24',2),(2827,1606,1,'0.00',1),(2828,1606,2,'51.24',2),(2829,1607,1,'0.00',1),(2830,1607,2,'51.24',2),(2831,1608,1,'0.00',1),(2832,1608,2,'51.24',2),(2833,1609,1,'0.00',1),(2834,1609,2,'51.24',2),(2835,1610,1,'0.00',1),(2836,1610,2,'51.24',2),(2837,1611,1,'0.00',1),(2838,1611,2,'51.24',2),(2839,1612,1,'0.00',1),(2840,1612,2,'51.24',2),(2841,1613,1,'0.00',1),(2842,1613,2,'51.24',2),(2843,1614,1,'0.00',1),(2844,1614,2,'51.24',2),(2845,1615,1,'0.00',1),(2846,1615,2,'51.24',2),(2847,1616,1,'0.00',1),(2848,1616,2,'51.24',2),(2849,1617,1,'0.00',1),(2850,1617,2,'51.24',2),(2851,1618,1,'0.00',1),(2852,1618,2,'51.24',2),(2853,1619,1,'0.00',1),(2854,1619,2,'51.24',2),(2855,1620,1,'0.00',1),(2856,1620,2,'51.24',2),(2857,1621,1,'0.00',1),(2858,1621,2,'51.24',2),(2859,1622,1,'0.00',1),(2860,1622,2,'51.24',2),(2861,1623,1,'0.00',1),(2862,1623,2,'51.24',2),(2863,1624,1,'0.00',1),(2864,1624,2,'51.24',2),(2865,1625,1,'0.00',1),(2866,1625,2,'51.24',2),(2867,1626,1,'0.00',1),(2868,1626,2,'51.24',2),(2869,1627,1,'0.00',1),(2870,1627,2,'51.24',2),(2871,1628,1,'0.00',1),(2872,1628,2,'51.24',2),(2873,1629,1,'0.00',1),(2874,1629,2,'51.24',2),(2875,1630,1,'0.00',1),(2876,1630,2,'51.24',2),(2877,1631,1,'6.12',1),(2878,1631,2,'63.70',2),(2879,1632,1,'6.12',1),(2880,1632,2,'63.70',2),(2881,1633,1,'6.12',1),(2882,1633,2,'63.70',2),(2883,1634,1,'6.12',1),(2884,1634,2,'63.70',2),(2885,1635,1,'6.12',1),(2886,1635,2,'63.70',2),(2887,1636,1,'6.12',1),(2888,1636,2,'63.70',2),(2889,1637,1,'6.12',1),(2890,1637,2,'63.70',2),(2891,1638,1,'6.12',1),(2892,1638,2,'63.70',2),(2893,1639,1,'6.12',1),(2894,1639,2,'63.70',2),(2895,1640,1,'6.12',1),(2896,1640,2,'63.70',2),(2897,1641,1,'6.12',1),(2898,1641,2,'63.70',2),(2899,1642,1,'6.12',1),(2900,1642,2,'63.70',2),(2901,1643,1,'6.12',1),(2902,1643,2,'63.70',2),(2903,1644,1,'6.12',1),(2904,1644,2,'63.70',2),(2905,1645,1,'6.12',1),(2906,1645,2,'63.70',2),(2907,1646,1,'6.12',1),(2908,1646,2,'63.70',2),(2909,1647,1,'6.12',1),(2910,1647,2,'63.70',2),(2911,1648,1,'6.12',1),(2912,1648,2,'63.70',2),(2913,1649,1,'6.12',1),(2914,1649,2,'63.70',2),(2915,1650,1,'6.12',1),(2916,1650,2,'63.70',2),(2917,1651,1,'6.12',1),(2918,1651,2,'63.70',2),(2919,1652,1,'6.12',1),(2920,1652,2,'63.70',2),(2921,1653,1,'6.12',1),(2922,1653,2,'63.70',2),(2923,1654,1,'6.12',1),(2924,1654,2,'63.70',2),(2925,1655,1,'6.12',1),(2926,1655,2,'63.70',2),(2927,1656,1,'6.12',1),(2928,1656,2,'63.70',2),(2929,1657,1,'6.12',1),(2930,1657,2,'63.70',2),(2931,1658,1,'6.12',1),(2932,1658,2,'63.70',2),(2933,1659,1,'6.12',1),(2934,1659,2,'63.70',2),(2935,1660,1,'6.12',1),(2936,1660,2,'63.70',2),(2937,1661,1,'6.12',1),(2938,1661,2,'63.70',2),(2939,1662,1,'6.12',1),(2940,1662,2,'63.70',2),(2941,1663,1,'6.12',1),(2942,1663,2,'63.70',2),(2943,1664,1,'6.12',1),(2944,1664,2,'63.70',2),(2945,1665,1,'6.12',1),(2946,1665,2,'63.70',2),(2947,1666,1,'6.12',1),(2948,1666,2,'63.70',2),(2949,1667,1,'6.12',1),(2950,1667,2,'63.70',2),(2951,1668,1,'6.12',1),(2952,1668,2,'63.70',2),(2953,1669,1,'6.12',1),(2954,1669,2,'63.70',2),(2955,1670,1,'6.12',1),(2956,1670,2,'63.70',2),(2957,1671,1,'6.12',1),(2958,1671,2,'63.70',2),(2959,1672,1,'6.12',1),(2960,1672,2,'63.70',2),(2961,1673,1,'6.12',1),(2962,1673,2,'63.70',2),(2963,1674,1,'6.12',1),(2964,1674,2,'63.70',2),(2965,1675,1,'53053.71',1),(2966,1675,2,'17838.27',2),(2967,1676,1,'53053.71',1),(2968,1676,2,'17838.27',2),(2969,1677,1,'53053.71',1),(2970,1677,2,'17838.27',2),(2971,1678,1,'53053.71',1),(2972,1678,2,'17838.27',2),(2973,1679,1,'53053.71',1),(2974,1679,2,'17838.27',2),(2975,1680,1,'53053.71',1),(2976,1680,2,'17838.27',2),(2977,1681,1,'53053.71',1),(2978,1681,2,'17838.27',2),(2979,1682,1,'53053.71',1),(2980,1682,2,'17838.27',2),(2981,1683,1,'53053.71',1),(2982,1683,2,'17838.27',2),(2983,1684,1,'53053.71',1),(2984,1684,2,'17838.27',2),(2985,1685,1,'53053.71',1),(2986,1685,2,'17838.27',2),(2987,1686,1,'53053.71',1),(2988,1686,2,'17838.27',2),(2989,1687,1,'53053.71',1),(2990,1687,2,'17838.27',2),(2991,1688,1,'53053.71',1),(2992,1688,2,'17838.27',2),(2993,1689,1,'53053.71',1),(2994,1689,2,'17838.27',2),(2995,1690,1,'53053.71',1),(2996,1690,2,'17838.27',2),(2997,1691,1,'53053.71',1),(2998,1691,2,'17838.27',2),(2999,1692,1,'53053.71',1),(3000,1692,2,'17838.27',2),(3001,1693,1,'53053.71',1),(3002,1693,2,'17838.27',2),(3003,1694,1,'53053.71',1),(3004,1694,2,'17838.27',2),(3005,1695,1,'53053.71',1),(3006,1695,2,'17838.27',2),(3007,1696,1,'53053.71',1),(3008,1696,2,'17838.27',2),(3009,1697,1,'53053.71',1),(3010,1697,2,'17838.27',2),(3011,1698,1,'53053.71',1),(3012,1698,2,'17838.27',2),(3013,1699,1,'53053.71',1),(3014,1699,2,'17838.27',2),(3015,1700,1,'53053.71',1),(3016,1700,2,'17838.27',2),(3017,1701,1,'53053.71',1),(3018,1701,2,'17838.27',2),(3019,1702,1,'53053.71',1),(3020,1702,2,'17838.27',2),(3021,1703,1,'53053.71',1),(3022,1703,2,'17838.27',2),(3023,1704,1,'53053.71',1),(3024,1704,2,'17838.27',2),(3025,1705,1,'53053.71',1),(3026,1705,2,'17838.27',2),(3027,1706,1,'53053.71',1),(3028,1706,2,'17838.27',2),(3029,1707,1,'53053.71',1),(3030,1707,2,'17838.27',2),(3031,1708,1,'53053.71',1),(3032,1708,2,'17838.27',2),(3033,1709,1,'0.00',1),(3034,1709,2,'1.63',2),(3035,1710,1,'0.00',1),(3036,1710,2,'1.63',2),(3037,1711,1,'0.00',1),(3038,1711,2,'1.63',2),(3039,1712,1,'0.00',1),(3040,1712,2,'1.63',2),(3041,1713,1,'0.00',1),(3042,1713,2,'1.63',2),(3043,1714,1,'0.00',1),(3044,1714,2,'1.63',2),(3045,1715,1,'0.00',1),(3046,1715,2,'1.63',2),(3047,1716,1,'0.00',1),(3048,1716,2,'1.63',2),(3049,1717,1,'0.00',1),(3050,1717,2,'1.63',2),(3051,1718,1,'0.00',1),(3052,1718,2,'1.63',2),(3053,1719,1,'0.00',1),(3054,1719,2,'1.63',2),(3055,1720,1,'0.00',1),(3056,1720,2,'1.63',2),(3057,1721,1,'0.00',1),(3058,1721,2,'1.63',2),(3059,1722,1,'0.00',1),(3060,1722,2,'1.63',2),(3061,1723,1,'0.00',1),(3062,1723,2,'1.63',2),(3063,1724,1,'0.00',1),(3064,1724,2,'1.63',2),(3065,1725,1,'0.00',1),(3066,1725,2,'1.63',2),(3067,1726,1,'0.00',1),(3068,1726,2,'1.63',2),(3069,1727,1,'0.00',1),(3070,1727,2,'1.63',2),(3071,1728,1,'0.00',1),(3072,1728,2,'1.63',2),(3073,1729,1,'0.00',1),(3074,1729,2,'1.63',2),(3075,1730,1,'0.00',1),(3076,1730,2,'1.63',2),(3077,1731,1,'0.00',1),(3078,1731,2,'1.63',2),(3079,1732,1,'0.00',1),(3080,1732,2,'1.63',2),(3081,1733,1,'0.00',1),(3082,1733,2,'1.63',2),(3083,1734,1,'0.00',1),(3084,1734,2,'1.63',2),(3085,1735,1,'0.00',1),(3086,1735,2,'1.63',2),(3087,1736,1,'0.00',1),(3088,1736,2,'1.63',2),(3089,1737,1,'0.00',1),(3090,1737,2,'1.63',2),(3091,1738,1,'0.00',1),(3092,1738,2,'1.63',2),(3093,1739,1,'98.37',1),(3094,1739,2,'823.44',2),(3095,1740,1,'98.37',1),(3096,1740,2,'823.44',2),(3097,1741,1,'98.37',1),(3098,1741,2,'823.44',2),(3099,1742,1,'98.37',1),(3100,1742,2,'823.44',2),(3101,1743,1,'98.37',1),(3102,1743,2,'823.44',2),(3103,1744,1,'98.37',1),(3104,1744,2,'823.44',2),(3105,1745,1,'98.37',1),(3106,1745,2,'823.44',2),(3107,1746,1,'98.37',1),(3108,1746,2,'823.44',2),(3109,1747,1,'98.37',1),(3110,1747,2,'823.44',2),(3111,1748,1,'98.37',1),(3112,1748,2,'823.44',2),(3113,1749,1,'98.37',1),(3114,1749,2,'823.44',2),(3115,1750,1,'98.37',1),(3116,1750,2,'823.44',2),(3117,1751,1,'98.37',1),(3118,1751,2,'823.44',2),(3119,1752,1,'98.37',1),(3120,1752,2,'823.44',2),(3121,1753,1,'98.37',1),(3122,1753,2,'823.44',2),(3123,1754,1,'98.37',1),(3124,1754,2,'823.44',2),(3125,1755,1,'98.37',1),(3126,1755,2,'823.44',2),(3127,1756,1,'98.37',1),(3128,1756,2,'823.44',2),(3129,1757,1,'98.37',1),(3130,1757,2,'823.44',2),(3131,1758,1,'98.37',1),(3132,1758,2,'823.44',2),(3133,1759,1,'98.37',1),(3134,1759,2,'823.44',2),(3135,1760,1,'98.37',1),(3136,1760,2,'823.44',2),(3137,1761,1,'98.37',1),(3138,1761,2,'823.44',2),(3139,1762,1,'98.37',1),(3140,1762,2,'823.44',2),(3141,1763,1,'98.37',1),(3142,1763,2,'823.44',2),(3143,1764,1,'98.37',1),(3144,1764,2,'823.44',2),(3145,1765,1,'98.37',1),(3146,1765,2,'823.44',2),(3147,1766,1,'98.37',1),(3148,1766,2,'823.44',2),(3149,1767,1,'98.37',1),(3150,1767,2,'823.44',2),(3151,1768,1,'98.37',1),(3152,1768,2,'823.44',2),(3153,1769,1,'98.37',1),(3154,1769,2,'823.44',2),(3155,1770,1,'98.37',1),(3156,1770,2,'823.44',2),(3157,1771,1,'98.37',1),(3158,1771,2,'823.44',2),(3159,1772,1,'98.37',1),(3160,1772,2,'823.44',2),(3161,1773,1,'98.37',1),(3162,1773,2,'823.44',2),(3163,1774,1,'0.00',1),(3164,1774,2,'984.66',2),(3165,1775,1,'0.00',1),(3166,1775,2,'984.66',2),(3167,1776,1,'0.00',1),(3168,1776,2,'984.66',2),(3169,1777,1,'0.00',1),(3170,1777,2,'984.66',2),(3171,1778,1,'0.00',1),(3172,1778,2,'984.66',2),(3173,1779,1,'0.00',1),(3174,1779,2,'984.66',2),(3175,1780,1,'0.00',1),(3176,1780,2,'984.66',2),(3177,1781,1,'0.00',1),(3178,1781,2,'984.66',2),(3179,1782,1,'0.00',1),(3180,1782,2,'984.66',2),(3181,1783,1,'0.00',1),(3182,1783,2,'984.66',2),(3183,1784,1,'0.00',1),(3184,1784,2,'984.66',2),(3185,1785,1,'0.00',1),(3186,1785,2,'984.66',2),(3187,1786,1,'0.00',1),(3188,1786,2,'984.66',2),(3189,1787,1,'0.00',1),(3190,1787,2,'984.66',2),(3191,1788,1,'0.00',1),(3192,1788,2,'984.66',2),(3193,1789,1,'0.00',1),(3194,1789,2,'984.66',2),(3195,1790,1,'0.00',1),(3196,1790,2,'984.66',2),(3197,1791,1,'0.00',1),(3198,1791,2,'984.66',2),(3199,1792,1,'0.00',1),(3200,1792,2,'984.66',2),(3201,1793,1,'0.00',1),(3202,1793,2,'984.66',2),(3203,1794,1,'0.00',1),(3204,1794,2,'984.66',2),(3205,1795,1,'0.00',1),(3206,1795,2,'984.66',2),(3207,1796,1,'0.00',1),(3208,1796,2,'984.66',2),(3209,1797,1,'0.00',1),(3210,1797,2,'984.66',2),(3211,1798,1,'0.00',1),(3212,1798,2,'984.66',2),(3213,1799,1,'0.00',1),(3214,1799,2,'984.66',2),(3215,1800,1,'0.00',1),(3216,1800,2,'984.66',2),(3217,1801,1,'0.00',1),(3218,1801,2,'984.66',2),(3219,1802,1,'0.00',1),(3220,1802,2,'984.66',2),(3221,1803,1,'0.00',1),(3222,1803,2,'984.66',2),(3223,1804,1,'0.00',1),(3224,1804,2,'984.66',2),(3225,1805,1,'0.00',1),(3226,1805,2,'984.66',2),(3227,1806,1,'0.00',1),(3228,1806,2,'984.66',2),(3229,1807,1,'0.00',1),(3230,1807,2,'984.66',2),(3231,1808,1,'0.00',1),(3232,1808,2,'984.66',2),(3233,1809,1,'0.00',1),(3234,1809,2,'984.66',2),(3235,1810,1,'0.00',1),(3236,1810,2,'15.33',2),(3237,1811,1,'0.00',1),(3238,1811,2,'15.33',2),(3239,1812,1,'0.00',1),(3240,1812,2,'15.33',2),(3241,1813,1,'0.00',1),(3242,1813,2,'15.33',2),(3243,1814,1,'0.00',1),(3244,1814,2,'15.33',2),(3245,1815,1,'0.00',1),(3246,1815,2,'15.33',2),(3247,1816,1,'0.00',1),(3248,1816,2,'15.33',2),(3249,1817,1,'0.00',1),(3250,1817,2,'15.33',2),(3251,1818,1,'0.00',1),(3252,1818,2,'15.33',2),(3253,1819,1,'0.00',1),(3254,1819,2,'15.33',2),(3255,1820,1,'0.00',1),(3256,1820,2,'15.33',2),(3257,1821,1,'0.00',1),(3258,1821,2,'15.33',2),(3259,1822,1,'0.00',1),(3260,1822,2,'15.33',2),(3261,1823,1,'0.00',1),(3262,1823,2,'15.33',2),(3263,1824,1,'0.00',1),(3264,1824,2,'15.33',2),(3265,1825,1,'0.00',1),(3266,1825,2,'15.33',2),(3267,1826,1,'0.00',1),(3268,1826,2,'15.33',2),(3269,1827,1,'0.00',1),(3270,1827,2,'15.33',2),(3271,1828,1,'0.00',1),(3272,1828,2,'15.33',2),(3273,1829,1,'0.00',1),(3274,1829,2,'15.33',2),(3275,1830,1,'0.00',1),(3276,1830,2,'15.33',2),(3277,1831,1,'0.00',1),(3278,1831,2,'15.33',2),(3279,1832,1,'0.00',1),(3280,1832,2,'15.33',2),(3281,1833,1,'0.00',1),(3282,1833,2,'15.33',2),(3283,1834,1,'0.00',1),(3284,1834,2,'15.33',2),(3285,1835,1,'0.00',1),(3286,1835,2,'15.33',2),(3287,1836,1,'0.00',1),(3288,1836,2,'15.33',2),(3289,1837,1,'0.00',1),(3290,1837,2,'15.33',2),(3291,1838,1,'0.00',1),(3292,1838,2,'15.33',2),(3293,1839,1,'0.00',1),(3294,1839,2,'15.33',2),(3295,1840,1,'0.00',1),(3296,1840,2,'15.33',2),(3297,1841,1,'0.00',1),(3298,1841,2,'15.33',2),(3299,1842,1,'0.00',1),(3300,1842,2,'15.33',2),(3301,1843,1,'0.00',1),(3302,1843,2,'15.33',2),(3303,1844,1,'0.00',1),(3304,1844,2,'15.33',2),(3305,1845,1,'0.00',1),(3306,1845,2,'15.33',2),(3307,1846,1,'0.00',1),(3308,1846,2,'119.18',2),(3309,1847,1,'0.00',1),(3310,1847,2,'119.18',2),(3311,1848,1,'0.00',1),(3312,1848,2,'119.18',2),(3313,1849,1,'0.00',1),(3314,1849,2,'119.18',2),(3315,1850,1,'0.00',1),(3316,1850,2,'119.18',2),(3317,1851,1,'0.00',1),(3318,1851,2,'119.18',2),(3319,1852,1,'0.00',1),(3320,1852,2,'119.18',2),(3321,1853,1,'0.00',1),(3322,1853,2,'119.18',2),(3323,1854,1,'0.00',1),(3324,1854,2,'119.18',2),(3325,1855,1,'0.00',1),(3326,1855,2,'119.18',2),(3327,1856,1,'0.00',1),(3328,1856,2,'119.18',2),(3329,1857,1,'0.00',1),(3330,1857,2,'119.18',2),(3331,1858,1,'0.00',1),(3332,1858,2,'119.18',2),(3333,1859,1,'0.00',1),(3334,1859,2,'119.18',2),(3335,1860,1,'0.00',1),(3336,1860,2,'119.18',2),(3337,1861,1,'0.00',1),(3338,1861,2,'119.18',2),(3339,1862,1,'0.00',1),(3340,1862,2,'119.18',2),(3341,1863,1,'0.00',1),(3342,1863,2,'119.18',2),(3343,1864,1,'0.00',1),(3344,1864,2,'119.18',2),(3345,1865,1,'0.00',1),(3346,1865,2,'119.18',2),(3347,1866,1,'0.00',1),(3348,1866,2,'119.18',2),(3349,1867,1,'0.00',1),(3350,1867,2,'119.18',2),(3351,1868,1,'0.00',1),(3352,1868,2,'119.18',2),(3353,1869,1,'0.00',1),(3354,1869,2,'119.18',2),(3355,1870,1,'0.00',1),(3356,1870,2,'119.18',2),(3357,1871,1,'0.00',1),(3358,1871,2,'119.18',2),(3359,1872,1,'0.00',1),(3360,1872,2,'119.18',2),(3361,1873,1,'0.00',1),(3362,1873,2,'119.18',2),(3363,1874,1,'0.00',1),(3364,1874,2,'119.18',2),(3365,1875,1,'0.00',1),(3366,1875,2,'119.18',2),(3367,1876,1,'0.00',1),(3368,1876,2,'119.18',2),(3369,1877,1,'0.00',1),(3370,1877,2,'119.18',2),(3371,1878,1,'0.00',1),(3372,1878,2,'119.18',2),(3373,1879,1,'0.00',1),(3374,1879,2,'119.18',2),(3375,1880,1,'0.00',1),(3376,1880,2,'119.18',2),(3377,1881,1,'0.00',1),(3378,1881,2,'119.18',2),(3379,1882,1,'0.00',1),(3380,1882,2,'119.18',2),(3381,1883,1,'0.00',1),(3382,1883,2,'119.18',2),(3383,1884,1,'0.00',1),(3384,1884,2,'119.18',2),(3385,1885,1,'0.00',1),(3386,1885,2,'119.18',2),(3387,1886,1,'0.00',1),(3388,1886,2,'119.18',2),(3389,1887,1,'0.00',1),(3390,1887,2,'119.18',2),(3391,1888,1,'0.00',1),(3392,1888,2,'119.18',2),(3393,1889,1,'0.00',1),(3394,1889,2,'119.18',2),(3395,1890,1,'1105700.00',1),(3396,1890,2,'10504200.00',2),(3397,1891,1,'339200.00',1),(3398,1891,2,'3222200.00',2),(3399,1892,1,NULL,1),(3400,1892,2,NULL,2),(3401,1893,1,'0.00',1),(3402,1893,2,'0.00',2),(3403,1894,1,'27272.73',1),(3404,1894,2,'60000.00',2),(3405,1895,1,'0.00',1),(3406,1895,2,'0.00',2),(3407,1896,1,'0.00',1),(3408,1896,2,'0.00',2),(3409,1897,1,'0.00',1),(3410,1897,2,'0.00',2),(3411,1898,1,'0.00',1),(3412,1898,2,'0.00',2),(3413,1899,1,'0.00',1),(3414,1899,2,'0.00',2),(3415,1900,1,'0.00',1),(3416,1900,2,'0.00',2),(3417,1901,1,'200.00',1),(3418,1901,2,'0.00',2),(3419,1902,1,'0.00',1),(3420,1902,2,'0.00',2),(3421,1903,1,'1400.00',1),(3422,1903,2,'2400.00',2),(3423,1904,1,'0.00',1),(3424,1904,2,'0.00',2),(3425,1905,1,'0.00',1),(3426,1905,2,'0.00',2),(3427,1906,1,'0.00',1),(3428,1906,2,'0.00',2),(3429,1907,1,'0.00',1),(3430,1907,2,'0.00',2),(3431,1908,1,'0.00',1),(3432,1908,2,'0.00',2),(3433,1909,1,'0.00',1),(3434,1909,2,'0.00',2),(3435,1910,1,'0.00',1),(3436,1910,2,'0.00',2),(3439,1913,1,'4530000.00',1),(3440,1913,2,'12830000.00',2),(3441,1914,1,'2990000.00',1),(3442,1914,2,'7220000.00',2),(3443,1915,1,'40000.00',1),(3444,1915,2,'800.00',2),(3445,1916,1,'379000.00',1),(3446,1916,2,'7500.00',2),(3447,1917,1,'171000.00',1),(3448,1917,2,'30100.00',2),(3449,1918,1,'33400.00',1),(3450,1918,2,'2000.00',2),(3451,1919,1,'606800.00',1),(3452,1919,2,'67700.00',2),(3453,1920,1,'0.00',1),(3454,1920,2,'0.00',2),(3455,1921,1,'58301.00',1),(3456,1921,2,'9123.00',2),(3457,1922,1,'0.00',1),(3458,1922,2,'0.00',2),(3459,1923,1,'461500.00',1),(3460,1923,2,'45800.00',2),(3461,1924,1,'0.00',1),(3462,1924,2,'0.00',2),(3463,1925,1,'9400.00',1),(3464,1925,2,'600.00',2),(3465,1926,1,'0.00',1),(3466,1926,2,'0.00',2),(3479,1933,1,'0.00',1),(3480,1933,2,'0.00',2),(3481,1934,1,'0.00',1),(3482,1934,2,'0.00',2),(3483,1935,1,'7872.00',1),(3484,1935,2,'948.00',2),(3485,1936,1,'0.00',1),(3486,1936,2,'0.00',2),(3487,1937,1,'34200.00',1),(3488,1937,2,'4800.00',2),(3489,1938,1,'0.00',1),(3490,1938,2,'0.00',2),(3491,1939,1,'40100.00',1),(3492,1939,2,'5600.00',2),(3493,1940,1,'0.00',1),(3494,1940,2,'0.00',2),(3495,1941,1,'20600.00',1),(3496,1941,2,'2100.00',2),(3497,1942,1,'0.00',1),(3498,1942,2,'0.00',2),(3499,1943,1,'13200.00',1),(3500,1943,2,'1300.00',2),(3501,1944,1,'0.00',1),(3502,1944,2,'0.00',2),(3503,1945,1,'3600.00',1),(3504,1945,2,'400.00',2),(3505,1946,1,'0.00',1),(3506,1946,2,'0.00',2),(3507,1947,1,'2500.00',1),(3508,1947,2,'300.00',2),(3509,1948,1,'0.00',1),(3510,1948,2,'0.00',2),(3511,1949,1,'8340.00',1),(3512,1949,2,'945.00',2),(3513,1950,1,'0.00',1),(3514,1950,2,'0.00',2),(3515,1951,1,'228000.00',1),(3516,1951,2,'26200.00',2),(3517,1952,1,'0.00',1),(3518,1952,2,'0.00',2),(3519,1953,1,'73200.00',1),(3520,1953,2,'7900.00',2),(3521,1954,1,'1100.00',1),(3522,1954,2,'100.00',2),(3523,1955,1,'64000.00',1),(3524,1955,2,'6500.00',2),(3525,1956,1,'9200.00',1),(3526,1956,2,'1400.00',2),(3527,1957,1,'536000.00',1),(3528,1957,2,'60200.00',2),(3529,1958,1,'24900.00',1),(3530,1958,2,'2500.00',2),(3531,1959,1,'42500.00',1),(3532,1959,2,'6800.00',2),(3533,1960,1,'0.00',1),(3534,1960,2,'0.00',2),(3535,1961,1,'65912.00',1),(3536,1961,2,'4399.00',2),(3537,1962,1,'0.00',1),(3538,1962,2,'0.00',2),(3539,1963,1,'13546.00',1),(3540,1963,2,'1432.00',2),(3541,1964,1,'0.00',1),(3542,1964,2,'0.00',2),(3543,1965,1,'161706.00',1),(3544,1965,2,'24249.00',2),(3545,1966,1,'0.00',1),(3546,1966,2,'0.00',2),(3547,1967,1,'0.00',1),(3548,1967,2,'1448.00',2),(3549,1968,1,'0.00',1),(3550,1968,2,'0.00',2),(3551,1969,1,'125924.00',1),(3552,1969,2,'16794.00',2),(3553,1970,1,'0.00',1),(3554,1970,2,'0.00',2),(3555,1971,1,'153100.00',1),(3556,1971,2,'13600.00',2),(3557,1972,1,'0.00',1),(3558,1972,2,'0.00',2),(3559,1973,1,'182700.00',1),(3560,1973,2,'15300.00',2),(3561,1974,1,'0.00',1),(3562,1974,2,'0.00',2),(3563,1975,1,'10415.00',1),(3564,1975,2,'1204.00',2),(3565,1976,1,'0.00',1),(3566,1976,2,'0.00',2),(3567,1977,1,'0.00',1),(3568,1977,2,'6428.00',2),(3569,1978,1,'0.00',1),(3570,1978,2,'0.00',2),(3571,1979,1,'0.00',1),(3572,1979,2,'18926.00',2),(3573,1980,1,'0.00',1),(3574,1980,2,'0.00',2),(3575,1981,1,'0.00',1),(3576,1981,2,'1700.00',2),(3577,1982,1,'0.00',1),(3578,1982,2,'0.00',2),(3579,1983,1,'1129.00',1),(3580,1983,2,'17712.00',2),(3581,1984,1,'0.00',1),(3582,1984,2,'0.00',2),(3583,1985,1,'8700.00',1),(3584,1985,2,'1600.00',2),(3585,1986,1,'0.00',1),(3586,1986,2,'0.00',2),(3587,1987,1,'9800.00',1),(3588,1987,2,'69600.00',2),(3589,1988,1,'100.00',1),(3590,1988,2,'2800.00',2),(3591,1989,1,'12100.00',1),(3592,1989,2,'118700.00',2),(3593,1990,1,'6700.00',1),(3594,1990,2,'56100.00',2),(3595,1991,1,'152900.00',1),(3596,1991,2,'29800.00',2),(3597,1992,1,'453400.00',1),(3598,1992,2,'104000.00',2),(3599,1993,1,'62200.00',1),(3600,1993,2,'32600.00',2),(3601,1994,1,'54600.00',1),(3602,1994,2,'7400.00',2),(3603,1995,1,'525600.00',1),(3604,1995,2,'77900.00',2),(3605,1996,1,'452300.00',1),(3606,1996,2,'72800.00',2),(3607,1997,1,'389000.00',1),(3608,1997,2,'152200.00',2),(3609,1998,1,'219200.00',1),(3610,1998,2,'123900.00',2),(3611,1999,1,'6144.00',1),(3612,1999,2,'9505.00',2),(3613,2000,1,'36.49',1),(3614,2000,2,'3930.00',2),(3615,2001,1,'328900.00',1),(3616,2001,2,'176700.00',2),(3617,2002,1,'25900.00',1),(3618,2002,2,'13400.00',2),(3619,2003,1,'312800.00',1),(3620,2003,2,'97600.00',2),(3621,2004,1,'0.00',1),(3622,2004,2,'0.00',2),(3623,2005,1,'94380.00',1),(3624,2005,2,'17433.00',2),(3625,2006,1,'0.00',1),(3626,2006,2,'0.00',2),(3627,2007,1,'0.00',1),(3628,2007,2,'17053.00',2),(3629,2008,1,'0.00',1),(3630,2008,2,'7500.00',2),(3631,2009,1,'0.00',1),(3632,2009,2,'12800.00',2),(3633,2010,1,'0.00',1),(3634,2010,2,'0.00',2),(3635,2011,1,'12200.00',1),(3636,2011,2,'30700.00',2),(3637,2012,1,'0.00',1),(3638,2012,2,'0.00',2),(3639,2013,1,'1600.00',1),(3640,2013,2,'200.00',2),(3641,2014,1,'0.00',1),(3642,2014,2,'0.00',2),(3643,2015,1,'0.00',1),(3644,2015,2,'1800.00',2),(3645,2016,1,'0.00',1),(3646,2016,2,'0.00',2),(3647,2017,1,'1600.00',1),(3648,2017,2,'37500.00',2),(3649,2018,1,'0.00',1),(3650,2018,2,'0.00',2),(3651,2019,1,'0.00',1),(3652,2019,2,'29400.00',2),(3653,2020,1,'0.00',1),(3654,2020,2,'0.00',2),(3655,2021,1,'2400.00',1),(3656,2021,2,'84000.00',2),(3657,2022,1,'0.00',1),(3658,2022,2,'0.00',2),(3659,2023,1,'0.00',1),(3660,2023,2,'112600.00',2),(3661,2024,1,'0.00',1),(3662,2024,2,'0.00',2),(3663,2025,1,'0.00',1),(3664,2025,2,'289400.00',2),(3665,2026,1,'0.00',1),(3666,2026,2,'0.00',2),(3667,2027,1,'0.00',1),(3668,2027,2,'277900.00',2),(3669,2028,1,'0.00',1),(3670,2028,2,'0.00',2),(3671,2029,1,'45600.00',1),(3672,2029,2,'149700.00',2),(3673,2030,1,'0.00',1),(3674,2030,2,'0.00',2),(3675,2031,1,'16326.49',1),(3676,2031,2,'334296.26',2),(3677,2032,1,'0.00',1),(3678,2032,2,'0.00',2),(3679,2033,1,'94.65',1),(3680,2033,2,'2545.33',2),(3681,2034,1,'0.00',1),(3682,2034,2,'0.00',2),(3683,2035,1,'0.00',1),(3684,2035,2,'73087.39',2),(3685,2036,1,'0.00',1),(3686,2036,2,'0.00',2),(3687,2037,1,'0.27',1),(3688,2037,2,'6418.77',2),(3689,2038,1,'0.00',1),(3690,2038,2,'0.00',2),(3691,2039,1,'0.10',1),(3692,2039,2,'2011.56',2),(3693,2040,1,'0.00',1),(3694,2040,2,'0.00',2),(3695,2041,1,'57387.54',1),(3696,2041,2,'516459.16',2),(3697,2042,1,'0.00',1),(3698,2042,2,'0.00',2),(3699,2043,1,'32729.52',1),(3700,2043,2,'215827.44',2),(3701,2044,1,'0.00',1),(3702,2044,2,'0.00',2),(3703,2045,1,'66082.76',1),(3704,2045,2,'323785.82',2),(3705,2046,1,'0.00',1),(3706,2046,2,'0.00',2),(3707,2047,1,'340211.41',1),(3708,2047,2,'1483944.32',2),(3709,2048,1,'0.00',1),(3710,2048,2,'0.00',2),(3711,2049,1,'0.00',1),(3712,2049,2,'1536.50',2),(3713,2050,1,'0.00',1),(3714,2050,2,'0.00',2),(3715,2051,1,'6400.00',1),(3716,2051,2,'695300.00',2),(3717,2052,1,'0.00',1),(3718,2052,2,'0.00',2),(3719,2053,1,'6400.00',1),(3720,2053,2,'97000.00',2),(3721,2054,1,'0.00',1),(3722,2054,2,'0.00',2),(3723,2055,1,'29232.49',1),(3724,2055,2,'182021.58',2),(3725,2056,1,'0.00',1),(3726,2056,2,'0.00',2),(3727,2057,1,'12700.00',1),(3728,2057,2,'47100.00',2),(3729,2058,1,'0.00',1),(3730,2058,2,'0.00',2),(3731,2059,1,'25700.00',1),(3732,2059,2,'104100.00',2),(3733,2060,1,'0.00',1),(3734,2060,2,'0.00',2),(3735,2061,1,'287400.00',1),(3736,2061,2,'103900.00',2),(3737,2062,1,'0.00',1),(3738,2062,2,'0.00',2),(3739,2063,1,'16690.48',1),(3740,2063,2,'171565.65',2),(3741,2064,1,'0.00',1),(3742,2064,2,'0.00',2),(3743,2065,1,'1600.00',1),(3744,2065,2,'17000.00',2),(3745,2066,1,'0.00',1),(3746,2066,2,'0.00',2),(3747,2067,1,'11900.00',1),(3748,2067,2,'2700.00',2),(3749,2068,1,'0.00',1),(3750,2068,2,'0.00',2),(3751,2069,1,'859600.00',1),(3752,2069,2,'2297600.00',2),(3753,2070,1,'638100.00',1),(3754,2070,2,'288800.00',2),(3755,2071,1,'97500.00',1),(3756,2071,2,'187000.00',2),(3757,2072,1,'41700.00',1),(3758,2072,2,'17100.00',2),(3759,2073,1,'568800.00',1),(3760,2073,2,'1098100.00',2),(3761,2074,1,'285700.00',1),(3762,2074,2,'117100.00',2),(3763,2075,1,'1261000.00',1),(3764,2075,2,'4171600.00',2),(3765,2076,1,'0.00',1),(3766,2076,2,'0.00',2),(3767,2077,1,'736000.00',1),(3768,2077,2,'2615000.00',2),(3769,2078,1,'0.00',1),(3770,2078,2,'0.00',2),(3771,2079,1,'86195.10',1),(3772,2079,2,'306371.78',2),(3773,2080,1,'0.00',1),(3774,2080,2,'0.00',2),(3775,2081,1,'0.00',1),(3776,2081,2,'100.00',2),(3777,2082,1,'0.00',1),(3778,2082,2,'0.00',2),(3779,2083,1,'1446.52',1),(3780,2083,2,'4999.73',2),(3781,2084,1,'0.00',1),(3782,2084,2,'0.00',2),(3783,2085,1,'4711.00',1),(3784,2085,2,'21272.77',2),(3785,2086,1,'0.00',1),(3786,2086,2,'0.00',2),(3787,2087,1,'1824600.00',1),(3788,2087,2,'654700.00',2),(3789,2088,1,'0.00',1),(3790,2088,2,'0.00',2),(3791,2089,1,'288200.00',1),(3792,2089,2,'1386100.00',2),(3793,2090,1,'0.00',1),(3794,2090,2,'0.00',2),(3795,2091,1,'13200.00',1),(3796,2091,2,'80000.00',2),(3797,2092,1,'0.00',1),(3798,2092,2,'0.00',2),(3799,2093,1,'55400.00',1),(3800,2093,2,'260600.00',2),(3801,2094,1,'0.00',1),(3802,2094,2,'0.00',2),(3803,2095,1,'44900.00',1),(3804,2095,2,'460600.00',2),(3805,2096,1,'0.00',1),(3806,2096,2,'0.00',2),(3807,2097,1,'38500.00',1),(3808,2097,2,'9000.00',2),(3809,2098,1,'0.00',1),(3810,2098,2,'0.00',2),(3811,2099,1,'12325.43',1),(3812,2099,2,'68486.94',2),(3813,2100,1,'0.00',1),(3814,2100,2,'0.00',2),(3815,2101,1,'17302.46',1),(3816,2101,2,'193801.20',2),(3817,2102,1,'0.00',1),(3818,2102,2,'0.00',2),(3819,2103,1,'2336520.00',1),(3820,2103,2,'12016000.00',2),(3821,2104,1,'209480.00',1),(3822,2104,2,'1648000.00',2),(3823,2105,1,'31.49',1),(3824,2105,2,'998000.00',2),(3825,2106,1,'0.00',1),(3826,2106,2,'0.00',2),(3827,2107,1,'1400.00',1),(3828,2107,2,'3700.00',2),(3829,2108,1,'44900.00',1),(3830,2108,2,'102800.00',2),(3831,2109,1,'5000.00',1),(3832,2109,2,'11500.00',2),(3833,2110,1,'18971.76',1),(3834,2110,2,'43561.18',2),(3835,2111,1,'46800.00',1),(3836,2111,2,'117900.00',2),(3837,2112,1,'40361.39',1),(3838,2112,2,'94190.84',2),(3839,2113,1,'38052.88',1),(3840,2113,2,'23827.51',2),(3841,2114,1,'14251.86',1),(3842,2114,2,'8213.73',2),(3843,2115,1,NULL,1),(3844,2115,2,NULL,2),(3845,2116,1,NULL,1),(3846,2116,2,NULL,2),(3847,2117,1,NULL,1),(3848,2117,2,NULL,2),(3849,2118,1,NULL,1),(3850,2118,2,NULL,2),(3851,2119,1,NULL,1),(3852,2119,2,NULL,2),(3853,2120,1,NULL,1),(3854,2120,2,NULL,2),(3855,2121,1,'0.00',1),(3856,2121,2,'5400.00',2),(3857,2122,1,'0.00',1),(3858,2122,2,'0.00',2),(3859,2123,1,'0.00',1),(3860,2123,2,'5.70',2),(3861,2124,1,'0.00',1),(3862,2124,2,'164000.00',2),(3863,2125,1,'119900.00',1),(3864,2125,2,'1463000.00',2),(3865,2126,1,'45800.00',1),(3866,2126,2,'558500.00',2),(3867,2127,1,'6400.00',1),(3868,2127,2,'105400.00',2),(3869,2128,1,'1100.00',1),(3870,2128,2,'51100.00',2),(3871,2129,1,'273200.00',1),(3872,2129,2,'165200.00',2),(3873,2130,1,'101500.00',1),(3874,2130,2,'22600.00',2),(3875,2131,1,'694800.00',1),(3876,2131,2,'103600.00',2),(3877,2132,1,'35500.00',1),(3878,2132,2,'4300.00',2),(3879,2133,1,'905600.00',1),(3880,2133,2,'173600.00',2),(3881,2134,1,'75600.00',1),(3882,2134,2,'13500.00',2),(3883,2135,1,'203300.00',1),(3884,2135,2,'27300.00',2),(3885,2136,1,'4600.00',1),(3886,2136,2,'500.00',2),(3887,2137,1,'2657000.00',1),(3888,2137,2,'952000.00',2),(3889,2138,1,'179800.00',1),(3890,2138,2,'116300.00',2),(3891,2139,1,'36700.00',1),(3892,2139,2,'108200.00',2),(3893,2140,1,'26800.00',1),(3894,2140,2,'78700.00',2),(3895,2141,1,'50200.00',1),(3896,2141,2,'172700.00',2),(3897,2142,1,'10900.00',1),(3898,2142,2,'37400.00',2),(3899,2143,1,'7884.50',1),(3900,2143,2,'1321.80',2),(3901,2144,1,'0.00',1),(3902,2144,2,'0.00',2),(3903,2145,1,'144.85',1),(3904,2145,2,'0.00',2),(3905,2146,1,'84700.00',1),(3906,2146,2,'8700.00',2),(3907,2147,1,'0.00',1),(3908,2147,2,'0.00',2),(3909,2148,1,'46984.75',1),(3910,2148,2,'3072.19',2),(3911,2149,1,'210.25',1),(3912,2149,2,'17.20',2),(3913,2150,1,'0.00',1),(3914,2150,2,'2541.36',2),(3915,2151,1,'183920.39',1),(3916,2151,2,'18426.58',2),(3917,2152,1,'67.17',1),(3918,2152,2,'7.12',2),(3919,2153,1,'0.00',1),(3920,2153,2,'34483.41',2),(3921,2154,1,'0.00',1),(3922,2154,2,'0.01',2),(3923,2155,1,'236.66',1),(3924,2155,2,'0.00',2),(3925,2156,1,'0.00',1),(3926,2156,2,'2356.86',2),(3927,2157,1,'14.22',1),(3928,2157,2,'0.00',2),(3929,2158,1,'0.00',1),(3930,2158,2,'78.93',2),(3931,2159,1,'41112.62',1),(3932,2159,2,'8305.67',2),(3933,2160,1,'1.31',1),(3934,2160,2,'44.97',2),(3935,2161,1,'52.90',1),(3936,2161,2,'20.54',2),(3937,2162,1,'8285.60',1),(3938,2162,2,'51887.75',2),(3939,2163,1,'0.00',1),(3940,2163,2,'4917.23',2),(3941,2164,1,'0.00',1),(3942,2164,2,'1247.01',2),(3943,2165,1,'41.86',1),(3944,2165,2,'75.75',2),(3945,2166,1,'0.00',1),(3946,2166,2,'51.24',2),(3947,2167,1,'6.12',1),(3948,2167,2,'63.70',2),(3949,2168,1,'53053.71',1),(3950,2168,2,'17838.27',2),(3951,2169,1,'0.00',1),(3952,2169,2,'1.63',2),(3953,2170,1,'98.37',1),(3954,2170,2,'823.44',2),(3955,2171,1,'0.00',1),(3956,2171,2,'984.66',2),(3957,2172,1,'0.00',1),(3958,2172,2,'15.33',2),(3959,2173,1,'0.00',1),(3960,2173,2,'119.18',2),(3961,2174,1,'1105700.00',1),(3962,2174,2,'10504200.00',2),(3963,2175,1,'339200.00',1),(3964,2175,2,'3222200.00',2),(3965,2176,1,NULL,1),(3966,2176,2,NULL,2),(3967,2177,1,'0.00',1),(3968,2177,2,'0.00',2),(3969,2178,1,'0.00',1),(3970,2178,2,'0.00',2),(3971,2179,1,'0.00',1),(3972,2179,2,'0.00',2),(3973,2180,1,'0.00',1),(3974,2180,2,'0.00',2),(3975,2181,1,'0.00',1),(3976,2181,2,'0.00',2),(3977,2182,1,'0.00',1),(3978,2182,2,'0.00',2),(3979,2183,1,'0.00',1),(3980,2183,2,'0.00',2),(3981,2184,1,'200.00',1),(3982,2184,2,'0.00',2),(3983,2185,1,'0.00',1),(3984,2185,2,'0.00',2),(3985,2186,1,'600.00',1),(3986,2186,2,'1100.00',2),(3987,2187,1,'0.00',1),(3988,2187,2,'0.00',2),(3989,2188,1,'825000.00',1),(3990,2188,2,'45600.00',2),(3991,2189,1,'86100.00',1),(3992,2189,2,'4700.00',2),(3993,2190,1,'4530000.00',1),(3994,2190,2,'12830000.00',2),(3995,2191,1,'2990000.00',1),(3996,2191,2,'7220000.00',2),(3997,2192,1,'40000.00',1),(3998,2192,2,'800.00',2),(3999,2193,1,'379000.00',1),(4000,2193,2,'7500.00',2),(4001,2194,1,'169700.00',1),(4002,2194,2,'30000.00',2),(4003,2195,1,'0.00',1),(4004,2195,2,'0.00',2),(4005,2196,1,'610000.00',1),(4006,2196,2,'67700.00',2),(4007,2197,1,'0.00',1),(4008,2197,2,'0.00',2),(4009,2198,1,'58301.00',1),(4010,2198,2,'9123.00',2),(4011,2199,1,'0.00',1),(4012,2199,2,'0.00',2),(4013,2200,1,'455600.00',1),(4014,2200,2,'45300.00',2),(4015,2201,1,'0.00',1),(4016,2201,2,'0.00',2),(4017,2202,1,'9400.00',1),(4018,2202,2,'600.00',2),(4019,2203,1,'0.00',1),(4020,2203,2,'0.00',2),(4025,2206,1,'0.00',1),(4026,2206,2,'0.00',2),(4027,2207,1,'0.00',1),(4028,2207,2,'0.00',2),(4029,2208,1,'7872.00',1),(4030,2208,2,'948.00',2),(4031,2209,1,'0.00',1),(4032,2209,2,'0.00',2),(4033,2210,1,'35200.00',1),(4034,2210,2,'4900.00',2),(4035,2211,1,'0.00',1),(4036,2211,2,'0.00',2),(4037,2212,1,'42300.00',1),(4038,2212,2,'5900.00',2),(4039,2213,1,'0.00',1),(4040,2213,2,'0.00',2),(4041,2214,1,'22600.00',1),(4042,2214,2,'2500.00',2),(4043,2215,1,'0.00',1),(4044,2215,2,'0.00',2),(4045,2216,1,'14100.00',1),(4046,2216,2,'1500.00',2),(4047,2217,1,'0.00',1),(4048,2217,2,'0.00',2),(4049,2218,1,'3500.00',1),(4050,2218,2,'400.00',2),(4051,2219,1,'0.00',1),(4052,2219,2,'0.00',2),(4053,2220,1,'2500.00',1),(4054,2220,2,'300.00',2),(4055,2221,1,'0.00',1),(4056,2221,2,'0.00',2),(4057,2222,1,'8340.00',1),(4058,2222,2,'945.00',2),(4059,2223,1,'0.00',1),(4060,2223,2,'0.00',2),(4061,2224,1,'228000.00',1),(4062,2224,2,'26200.00',2),(4063,2225,1,'0.00',1),(4064,2225,2,'0.00',2),(4065,2226,1,'72300.00',1),(4066,2226,2,'8100.00',2),(4067,2227,1,'0.00',1),(4068,2227,2,'0.00',2),(4069,2228,1,'65700.00',1),(4070,2228,2,'6800.00',2),(4071,2229,1,'0.00',1),(4072,2229,2,'0.00',2),(4073,2230,1,'551400.00',1),(4074,2230,2,'63300.00',2),(4075,2231,1,'0.00',1),(4076,2231,2,'0.00',2),(4077,2232,1,'36100.00',1),(4078,2232,2,'6700.00',2),(4079,2233,1,'0.00',1),(4080,2233,2,'0.00',2),(4081,2234,1,'65912.00',1),(4082,2234,2,'4399.00',2),(4083,2235,1,'0.00',1),(4084,2235,2,'0.00',2),(4085,2236,1,'13546.00',1),(4086,2236,2,'1432.00',2),(4087,2237,1,'0.00',1),(4088,2237,2,'0.00',2),(4089,2238,1,'161706.00',1),(4090,2238,2,'24249.00',2),(4091,2239,1,'0.00',1),(4092,2239,2,'0.00',2),(4093,2240,1,'0.00',1),(4094,2240,2,'1448.00',2),(4095,2241,1,'0.00',1),(4096,2241,2,'0.00',2),(4097,2242,1,'125924.00',1),(4098,2242,2,'16794.00',2),(4099,2243,1,'0.00',1),(4100,2243,2,'0.00',2),(4101,2244,1,'153100.00',1),(4102,2244,2,'13600.00',2),(4103,2245,1,'0.00',1),(4104,2245,2,'0.00',2),(4105,2246,1,'182700.00',1),(4106,2246,2,'15300.00',2),(4107,2247,1,'0.00',1),(4108,2247,2,'0.00',2),(4109,2248,1,'10415.00',1),(4110,2248,2,'1204.00',2),(4111,2249,1,'0.00',1),(4112,2249,2,'0.00',2),(4113,2250,1,'0.00',1),(4114,2250,2,'6428.00',2),(4115,2251,1,'0.00',1),(4116,2251,2,'0.00',2),(4117,2252,1,'0.00',1),(4118,2252,2,'18926.00',2),(4119,2253,1,'0.00',1),(4120,2253,2,'0.00',2),(4121,2254,1,'0.00',1),(4122,2254,2,'1800.00',2),(4123,2255,1,'0.00',1),(4124,2255,2,'0.00',2),(4125,2256,1,'1129.00',1),(4126,2256,2,'17712.00',2),(4127,2257,1,'0.00',1),(4128,2257,2,'0.00',2),(4129,2258,1,'8700.00',1),(4130,2258,2,'1600.00',2),(4131,2259,1,'0.00',1),(4132,2259,2,'0.00',2),(4133,2260,1,'10000.00',1),(4134,2260,2,'71000.00',2),(4135,2261,1,'400.00',1),(4136,2261,2,'5400.00',2),(4137,2262,1,'12200.00',1),(4138,2262,2,'120000.00',2),(4139,2263,1,'6600.00',1),(4140,2263,2,'54800.00',2),(4141,2264,1,'152900.00',1),(4142,2264,2,'29800.00',2),(4143,2265,1,'453400.00',1),(4144,2265,2,'104000.00',2),(4145,2266,1,'62200.00',1),(4146,2266,2,'35800.00',2),(4147,2267,1,'41500.00',1),(4148,2267,2,'4200.00',2),(4149,2268,1,'540700.00',1),(4150,2268,2,'80400.00',2),(4151,2269,1,'437200.00',1),(4152,2269,2,'70300.00',2),(4153,2270,1,'482100.00',1),(4154,2270,2,'164200.00',2),(4155,2271,1,'126200.00',1),(4156,2271,2,'112000.00',2),(4157,2272,1,'6200.00',1),(4158,2272,2,'9500.00',2),(4159,2273,1,'36.49',1),(4160,2273,2,'3930.00',2),(4161,2274,1,'329400.00',1),(4162,2274,2,'178100.00',2),(4163,2275,1,'25400.00',1),(4164,2275,2,'12000.00',2),(4165,2276,1,'312800.00',1),(4166,2276,2,'97300.00',2),(4167,2277,1,'0.00',1),(4168,2277,2,'0.00',2),(4169,2278,1,'94380.00',1),(4170,2278,2,'17433.00',2),(4171,2279,1,'0.00',1),(4172,2279,2,'0.00',2),(4173,2280,1,'0.00',1),(4174,2280,2,'17000.00',2),(4175,2281,1,'0.00',1),(4176,2281,2,'7500.00',2),(4177,2282,1,'0.00',1),(4178,2282,2,'12800.00',2),(4179,2283,1,'0.00',1),(4180,2283,2,'0.00',2),(4181,2284,1,'12200.00',1),(4182,2284,2,'30700.00',2),(4183,2285,1,'0.00',1),(4184,2285,2,'0.00',2),(4185,2286,1,'1600.00',1),(4186,2286,2,'200.00',2),(4187,2287,1,'0.00',1),(4188,2287,2,'0.00',2),(4189,2288,1,'0.00',1),(4190,2288,2,'1800.00',2),(4191,2289,1,'0.00',1),(4192,2289,2,'0.00',2),(4193,2290,1,'1600.00',1),(4194,2290,2,'37500.00',2),(4195,2291,1,'0.00',1),(4196,2291,2,'0.00',2),(4197,2292,1,'0.00',1),(4198,2292,2,'29400.00',2),(4199,2293,1,'0.00',1),(4200,2293,2,'0.00',2),(4201,2294,1,'2400.00',1),(4202,2294,2,'84000.00',2),(4203,2295,1,'0.00',1),(4204,2295,2,'0.00',2),(4205,2296,1,'0.00',1),(4206,2296,2,'113300.00',2),(4207,2297,1,'0.00',1),(4208,2297,2,'0.00',2),(4209,2298,1,'0.00',1),(4210,2298,2,'289400.00',2),(4211,2299,1,'0.00',1),(4212,2299,2,'0.00',2),(4213,2300,1,'0.00',1),(4214,2300,2,'277900.00',2),(4215,2301,1,'0.00',1),(4216,2301,2,'0.00',2),(4217,2302,1,'45600.00',1),(4218,2302,2,'149700.00',2),(4219,2303,1,'0.00',1),(4220,2303,2,'0.00',2),(4221,2304,1,'16326.49',1),(4222,2304,2,'334296.26',2),(4223,2305,1,'0.00',1),(4224,2305,2,'0.00',2),(4225,2306,1,'94.65',1),(4226,2306,2,'2545.33',2),(4227,2307,1,'0.00',1),(4228,2307,2,'0.00',2),(4229,2308,1,'0.00',1),(4230,2308,2,'73087.39',2),(4231,2309,1,'0.00',1),(4232,2309,2,'0.00',2),(4233,2310,1,'0.27',1),(4234,2310,2,'6418.77',2),(4235,2311,1,'0.00',1),(4236,2311,2,'0.00',2),(4237,2312,1,'0.10',1),(4238,2312,2,'2011.56',2),(4239,2313,1,'0.00',1),(4240,2313,2,'0.00',2),(4241,2314,1,'57387.54',1),(4242,2314,2,'516459.16',2),(4243,2315,1,'0.00',1),(4244,2315,2,'0.00',2),(4245,2316,1,'32729.52',1),(4246,2316,2,'215827.44',2),(4247,2317,1,'0.00',1),(4248,2317,2,'0.00',2),(4249,2318,1,'66082.76',1),(4250,2318,2,'323785.82',2),(4251,2319,1,'0.00',1),(4252,2319,2,'0.00',2),(4253,2320,1,'340211.41',1),(4254,2320,2,'1483944.32',2),(4255,2321,1,'0.00',1),(4256,2321,2,'0.00',2),(4257,2322,1,'0.00',1),(4258,2322,2,'1536.50',2),(4259,2323,1,'0.00',1),(4260,2323,2,'0.00',2),(4261,2324,1,'6400.00',1),(4262,2324,2,'695300.00',2),(4263,2325,1,'0.00',1),(4264,2325,2,'0.00',2),(4265,2326,1,'6400.00',1),(4266,2326,2,'97000.00',2),(4267,2327,1,'0.00',1),(4268,2327,2,'0.00',2),(4269,2328,1,'29232.49',1),(4270,2328,2,'182021.58',2),(4271,2329,1,'0.00',1),(4272,2329,2,'0.00',2),(4273,2330,1,'12700.00',1),(4274,2330,2,'47100.00',2),(4275,2331,1,'0.00',1),(4276,2331,2,'0.00',2),(4277,2332,1,'25700.00',1),(4278,2332,2,'104100.00',2),(4279,2333,1,'0.00',1),(4280,2333,2,'0.00',2),(4281,2334,1,'287400.00',1),(4282,2334,2,'103900.00',2),(4283,2335,1,'0.00',1),(4284,2335,2,'0.00',2),(4285,2336,1,'16690.48',1),(4286,2336,2,'171565.65',2),(4287,2337,1,'0.00',1),(4288,2337,2,'0.00',2),(4289,2338,1,'1600.00',1),(4290,2338,2,'17000.00',2),(4291,2339,1,'0.00',1),(4292,2339,2,'0.00',2),(4293,2340,1,'11900.00',1),(4294,2340,2,'2700.00',2),(4295,2341,1,'0.00',1),(4296,2341,2,'0.00',2),(4299,2343,1,'638100.00',1),(4300,2343,2,'288800.00',2),(4303,2345,1,'41700.00',1),(4304,2345,2,'17100.00',2),(4307,2347,1,'285700.00',1),(4308,2347,2,'117100.00',2),(4309,2348,1,'1261000.00',1),(4310,2348,2,'4171600.00',2),(4311,2349,1,'0.00',1),(4312,2349,2,'0.00',2),(4313,2350,1,'735800.00',1),(4314,2350,2,'2611200.00',2),(4315,2351,1,'0.00',1),(4316,2351,2,'0.00',2),(4317,2352,1,'86195.10',1),(4318,2352,2,'306371.78',2),(4319,2353,1,'0.00',1),(4320,2353,2,'0.00',2),(4321,2354,1,'0.00',1),(4322,2354,2,'100.00',2),(4323,2355,1,'0.00',1),(4324,2355,2,'0.00',2),(4325,2356,1,'1446.52',1),(4326,2356,2,'4999.73',2),(4327,2357,1,'0.00',1),(4328,2357,2,'0.00',2),(4329,2358,1,'4711.00',1),(4330,2358,2,'21272.77',2),(4331,2359,1,'0.00',1),(4332,2359,2,'0.00',2),(4333,2360,1,'1826700.00',1),(4334,2360,2,'655300.00',2),(4335,2361,1,'0.00',1),(4336,2361,2,'0.00',2),(4337,2362,1,'288200.00',1),(4338,2362,2,'1386100.00',2),(4339,2363,1,'0.00',1),(4340,2363,2,'0.00',2),(4341,2364,1,'13200.00',1),(4342,2364,2,'80000.00',2),(4343,2365,1,'0.00',1),(4344,2365,2,'0.00',2),(4345,2366,1,'55400.00',1),(4346,2366,2,'260600.00',2),(4347,2367,1,'0.00',1),(4348,2367,2,'0.00',2),(4349,2368,1,'44900.00',1),(4350,2368,2,'460600.00',2),(4351,2369,1,'0.00',1),(4352,2369,2,'0.00',2),(4353,2370,1,'38700.00',1),(4354,2370,2,'9300.00',2),(4355,2371,1,'0.00',1),(4356,2371,2,'0.00',2),(4357,2372,1,'12325.43',1),(4358,2372,2,'68486.94',2),(4359,2373,1,'0.00',1),(4360,2373,2,'0.00',2),(4361,2374,1,'17302.46',1),(4362,2374,2,'193801.20',2),(4363,2375,1,'0.00',1),(4364,2375,2,'0.00',2),(4365,2376,1,'2336520.00',1),(4366,2376,2,'12016000.00',2),(4367,2377,1,'209480.00',1),(4368,2377,2,'1648000.00',2),(4369,2378,1,'31.49',1),(4370,2378,2,'998000.00',2),(4371,2379,1,'0.00',1),(4372,2379,2,'0.00',2),(4373,2380,1,'1400.00',1),(4374,2380,2,'3700.00',2),(4375,2381,1,'44900.00',1),(4376,2381,2,'102800.00',2),(4377,2382,1,'5000.00',1),(4378,2382,2,'11500.00',2),(4379,2383,1,'18971.76',1),(4380,2383,2,'43561.18',2),(4381,2384,1,'46800.00',1),(4382,2384,2,'117900.00',2),(4383,2385,1,'40361.39',1),(4384,2385,2,'94190.84',2),(4385,2386,1,'38052.88',1),(4386,2386,2,'23827.51',2),(4387,2387,1,'14251.86',1),(4388,2387,2,'8213.73',2),(4389,2388,1,NULL,1),(4390,2388,2,NULL,2),(4391,2389,1,NULL,1),(4392,2389,2,NULL,2),(4393,2390,1,NULL,1),(4394,2390,2,NULL,2),(4395,2391,1,NULL,1),(4396,2391,2,NULL,2),(4397,2392,1,NULL,1),(4398,2392,2,NULL,2),(4399,2393,1,NULL,1),(4400,2393,2,NULL,2),(4401,2394,1,'0.00',1),(4402,2394,2,'5400.00',2),(4403,2395,1,'0.00',1),(4404,2395,2,'0.00',2),(4405,2396,1,'0.00',1),(4406,2396,2,'0.00',2),(4407,2397,1,'0.00',1),(4408,2397,2,'177400.00',2),(4409,2398,1,'115100.00',1),(4410,2398,2,'1470700.00',2),(4411,2399,1,'49300.00',1),(4412,2399,2,'630400.00',2),(4413,2400,1,'6400.00',1),(4414,2400,2,'105400.00',2),(4415,2401,1,'1000.00',1),(4416,2401,2,'47500.00',2),(4417,2402,1,'439800.00',1),(4418,2402,2,'192100.00',2),(4419,2403,1,'29900.00',1),(4420,2403,2,'7500.00',2),(4421,2404,1,'700200.00',1),(4422,2404,2,'104100.00',2),(4423,2405,1,'30700.00',1),(4424,2405,2,'3500.00',2),(4425,2406,1,'911000.00',1),(4426,2406,2,'174800.00',2),(4427,2407,1,'62900.00',1),(4428,2407,2,'11400.00',2),(4429,2408,1,'204100.00',1),(4430,2408,2,'27200.00',2),(4431,2409,1,'4300.00',1),(4432,2409,2,'400.00',2),(4433,2410,1,'2634400.00',1),(4434,2410,2,'976200.00',2),(4435,2411,1,'236600.00',1),(4436,2411,2,'246600.00',2),(4437,2412,1,'39000.00',1),(4438,2412,2,'114900.00',2),(4439,2413,1,'41500.00',1),(4440,2413,2,'122100.00',2),(4441,2414,1,'51300.00',1),(4442,2414,2,'175900.00',2),(4443,2415,1,'15100.00',1),(4444,2415,2,'51500.00',2),(4445,2416,1,'7900.00',1),(4446,2416,2,'1300.00',2),(4447,2417,1,'0.00',1),(4448,2417,2,'0.00',2),(4449,2418,1,'144.85',1),(4450,2418,2,'0.00',2),(4451,2419,1,'84700.00',1),(4452,2419,2,'8700.00',2),(4453,2420,1,'0.00',1),(4454,2420,2,'0.00',2),(4455,2421,1,'46984.75',1),(4456,2421,2,'3072.19',2),(4457,2422,1,'210.25',1),(4458,2422,2,'17.20',2),(4459,2423,1,'0.00',1),(4460,2423,2,'2541.36',2),(4461,2424,1,'183920.39',1),(4462,2424,2,'18426.58',2),(4463,2425,1,'67.17',1),(4464,2425,2,'7.12',2),(4465,2426,1,'0.00',1),(4466,2426,2,'34483.41',2),(4467,2427,1,'0.00',1),(4468,2427,2,'0.01',2),(4469,2428,1,'236.66',1),(4470,2428,2,'0.00',2),(4471,2429,1,'0.00',1),(4472,2429,2,'2356.86',2),(4473,2430,1,'14.22',1),(4474,2430,2,'0.00',2),(4475,2431,1,'0.00',1),(4476,2431,2,'78.93',2),(4477,2432,1,'41112.62',1),(4478,2432,2,'8305.67',2),(4479,2433,1,'1.31',1),(4480,2433,2,'44.97',2),(4481,2434,1,'52.90',1),(4482,2434,2,'20.54',2),(4483,2435,1,'8285.60',1),(4484,2435,2,'51887.75',2),(4485,2436,1,'0.00',1),(4486,2436,2,'4917.23',2),(4487,2437,1,'0.00',1),(4488,2437,2,'1247.01',2),(4489,2438,1,'41.86',1),(4490,2438,2,'75.75',2),(4491,2439,1,'0.00',1),(4492,2439,2,'51.24',2),(4493,2440,1,'6.12',1),(4494,2440,2,'63.70',2),(4495,2441,1,'53053.71',1),(4496,2441,2,'17838.27',2),(4497,2442,1,'0.00',1),(4498,2442,2,'1.63',2),(4499,2443,1,'98.37',1),(4500,2443,2,'823.44',2),(4501,2444,1,'0.00',1),(4502,2444,2,'984.66',2),(4503,2445,1,'0.00',1),(4504,2445,2,'15.33',2),(4505,2446,1,'0.00',1),(4506,2446,2,'119.18',2),(4507,2447,1,'1105700.00',1),(4508,2447,2,'10504200.00',2),(4509,2448,1,'339200.00',1),(4510,2448,2,'3222200.00',2),(4511,2449,1,NULL,1),(4512,2449,2,NULL,2),(4513,2450,1,'0.00',1),(4514,2450,2,'0.00',2),(4515,2451,1,'0.00',1),(4516,2451,2,'0.00',2),(4517,2452,1,'0.00',1),(4518,2452,2,'0.00',2),(4519,2453,1,'0.00',1),(4520,2453,2,'0.00',2),(4521,2454,1,'0.00',1),(4522,2454,2,'0.00',2),(4523,2455,1,'0.00',1),(4524,2455,2,'0.00',2),(4525,2456,1,'0.00',1),(4526,2456,2,'0.00',2),(4527,2457,1,'200.00',1),(4528,2457,2,'0.00',2),(4529,2458,1,'0.00',1),(4530,2458,2,'0.00',2),(4531,2459,1,'600.00',1),(4532,2459,2,'1100.00',2),(4533,2460,1,'0.00',1),(4534,2460,2,'0.00',2),(4535,2461,1,'801200.00',1),(4536,2461,2,'46000.00',2),(4537,2462,1,'0.00',1),(4538,2462,2,'0.00',2),(4547,2483,2,'3582700.00',2),(4548,2483,1,'1535900.00',1),(4549,2485,1,'0.00',1),(4550,2485,2,'100.00',2),(4551,2487,1,'4804100.00',1),(4552,2487,2,'12841800.00',2),(4553,2488,1,'1874300.00',1),(4554,2488,2,'5273300.00',2),(4555,2489,1,'100.00',1),(4556,2489,2,'0.00',2),(4557,2490,1,'0.00',1),(4558,2490,2,'0.00',2),(4559,2491,1,'171500.00',1),(4560,2491,2,'30300.00',2),(4561,2492,1,'0.00',1),(4562,2492,2,'0.00',2),(4563,2493,1,'612200.00',1),(4564,2493,2,'67700.00',2),(4565,2494,1,'0.00',1),(4566,2494,2,'0.00',2),(4567,2495,1,'63000.00',1),(4568,2495,2,'9100.00',2),(4569,2496,1,'0.00',1),(4570,2496,2,'0.00',2),(4571,2497,1,'470000.00',1),(4572,2497,2,'46300.00',2),(4573,2498,1,'0.00',1),(4574,2498,2,'0.00',2),(4575,2499,1,'9400.00',1),(4576,2499,2,'600.00',2),(4577,2500,1,'0.00',1),(4578,2500,2,'0.00',2),(4583,2503,1,'0.00',1),(4584,2503,2,'0.00',2),(4585,2504,1,'0.00',1),(4586,2504,2,'0.00',2),(4587,2505,1,'7872.00',1),(4588,2505,2,'948.00',2),(4589,2506,1,'0.00',1),(4590,2506,2,'0.00',2),(4591,2507,1,'35900.00',1),(4592,2507,2,'5000.00',2),(4593,2508,1,'0.00',1),(4594,2508,2,'0.00',2),(4595,2509,1,'42500.00',1),(4596,2509,2,'5800.00',2),(4597,2510,1,'0.00',1),(4598,2510,2,'0.00',2),(4599,2511,1,'23000.00',1),(4600,2511,2,'2500.00',2),(4601,2512,1,'0.00',1),(4602,2512,2,'0.00',2),(4603,2513,1,'14300.00',1),(4604,2513,2,'1500.00',2),(4605,2514,1,'0.00',1),(4606,2514,2,'0.00',2),(4607,2515,1,'3600.00',1),(4608,2515,2,'400.00',2),(4609,2516,1,'0.00',1),(4610,2516,2,'0.00',2),(4611,2517,1,'2500.00',1),(4612,2517,2,'300.00',2),(4613,2518,1,'0.00',1),(4614,2518,2,'0.00',2),(4615,2519,1,'8300.00',1),(4616,2519,2,'900.00',2),(4617,2520,1,'0.00',1),(4618,2520,2,'0.00',2),(4619,2521,1,'228000.00',1),(4620,2521,2,'26200.00',2),(4621,2522,1,'0.00',1),(4622,2522,2,'0.00',2),(4623,2523,1,'78800.00',1),(4624,2523,2,'9400.00',2),(4625,2524,1,'0.00',1),(4626,2524,2,'0.00',2),(4627,2525,1,'66200.00',1),(4628,2525,2,'6800.00',2),(4629,2526,1,'0.00',1),(4630,2526,2,'0.00',2),(4631,2527,1,'551800.00',1),(4632,2527,2,'64700.00',2),(4633,2528,1,'0.00',1),(4634,2528,2,'0.00',2),(4635,2529,1,'36700.00',1),(4636,2529,2,'7000.00',2),(4637,2530,1,'0.00',1),(4638,2530,2,'0.00',2),(4639,2531,1,'65912.00',1),(4640,2531,2,'4399.00',2),(4641,2532,1,'0.00',1),(4642,2532,2,'0.00',2),(4643,2533,1,'13546.00',1),(4644,2533,2,'1432.00',2),(4645,2534,1,'0.00',1),(4646,2534,2,'0.00',2),(4647,2535,1,'161706.00',1),(4648,2535,2,'24249.00',2),(4649,2536,1,'0.00',1),(4650,2536,2,'0.00',2),(4651,2537,1,'0.00',1),(4652,2537,2,'1448.00',2),(4653,2538,1,'0.00',1),(4654,2538,2,'0.00',2),(4655,2539,1,'125924.00',1),(4656,2539,2,'16794.00',2),(4657,2540,1,'0.00',1),(4658,2540,2,'0.00',2),(4659,2541,1,'153100.00',1),(4660,2541,2,'13600.00',2),(4661,2542,1,'0.00',1),(4662,2542,2,'0.00',2),(4663,2543,1,'182700.00',1),(4664,2543,2,'15300.00',2),(4665,2544,1,'0.00',1),(4666,2544,2,'0.00',2),(4667,2545,1,'10415.00',1),(4668,2545,2,'1204.00',2),(4669,2546,1,'0.00',1),(4670,2546,2,'0.00',2),(4671,2547,1,'0.00',1),(4672,2547,2,'6428.00',2),(4673,2548,1,'0.00',1),(4674,2548,2,'0.00',2),(4675,2549,1,'0.00',1),(4676,2549,2,'18926.00',2),(4677,2550,1,'0.00',1),(4678,2550,2,'0.00',2),(4679,2551,1,'0.00',1),(4680,2551,2,'1800.00',2),(4681,2552,1,'0.00',1),(4682,2552,2,'0.00',2),(4683,2553,1,'1129.00',1),(4684,2553,2,'17712.00',2),(4685,2554,1,'0.00',1),(4686,2554,2,'0.00',2),(4687,2555,1,'1600.00',1),(4688,2555,2,'200.00',2),(4689,2556,1,'0.00',1),(4690,2556,2,'0.00',2),(4691,2557,1,'10200.00',1),(4692,2557,2,'72100.00',2),(4693,2558,1,'500.00',1),(4694,2558,2,'4200.00',2),(4695,2559,1,'11800.00',1),(4696,2559,2,'119700.00',2),(4697,2560,1,'6700.00',1),(4698,2560,2,'67500.00',2),(4699,2561,1,'835200.00',1),(4700,2561,2,'467600.00',2),(4701,2562,1,'338900.00',1),(4702,2562,2,'264200.00',2),(4703,2563,1,'146000.00',1),(4704,2563,2,'204300.00',2),(4705,2564,1,'41200.00',1),(4706,2564,2,'102300.00',2),(4707,2565,1,'1177700.00',1),(4708,2565,2,'276000.00',2),(4709,2566,1,'180900.00',1),(4710,2566,2,'54400.00',2),(4711,2567,1,'763400.00',1),(4712,2567,2,'337800.00',2),(4713,2568,1,'269200.00',1),(4714,2568,2,'0.00',2),(4715,2569,1,'200.00',1),(4716,2569,2,'8400.00',2),(4717,2570,1,'0.00',1),(4718,2570,2,'2400.00',2),(4719,2571,1,'396100.00',1),(4720,2571,2,'209700.00',2),(4721,2572,1,'139500.00',1),(4722,2572,2,'52700.00',2),(4723,2573,1,'338100.00',1),(4724,2573,2,'105700.00',2),(4725,2574,1,'9200.00',1),(4726,2574,2,'3600.00',2),(4727,2575,1,'94380.00',1),(4728,2575,2,'17433.00',2),(4729,2576,1,'0.00',1),(4730,2576,2,'0.00',2),(4731,2577,1,'0.00',1),(4732,2577,2,'24900.00',2),(4733,2578,1,'0.00',1),(4734,2578,2,'4400.00',2),(4735,2579,1,'0.00',1),(4736,2579,2,'12800.00',2),(4737,2580,1,'0.00',1),(4738,2580,2,'0.00',2),(4739,2581,1,'12200.00',1),(4740,2581,2,'30800.00',2),(4741,2582,1,'0.00',1),(4742,2582,2,'0.00',2),(4743,2583,1,'1600.00',1),(4744,2583,2,'200.00',2),(4745,2584,1,'0.00',1),(4746,2584,2,'0.00',2),(4747,2585,1,'0.00',1),(4748,2585,2,'1800.00',2),(4749,2586,1,'0.00',1),(4750,2586,2,'0.00',2),(4751,2587,1,'1700.00',1),(4752,2587,2,'37500.00',2),(4753,2588,1,'0.00',1),(4754,2588,2,'0.00',2),(4755,2589,1,'0.00',1),(4756,2589,2,'29400.00',2),(4757,2590,1,'0.00',1),(4758,2590,2,'0.00',2),(4759,2591,1,'2400.00',1),(4760,2591,2,'84000.00',2),(4761,2592,1,'0.00',1),(4762,2592,2,'0.00',2),(4763,2593,1,'0.00',1),(4764,2593,2,'113100.00',2),(4765,2594,1,'0.00',1),(4766,2594,2,'0.00',2),(4767,2595,1,'0.00',1),(4768,2595,2,'289400.00',2),(4769,2596,1,'0.00',1),(4770,2596,2,'0.00',2),(4771,2597,1,'0.00',1),(4772,2597,2,'277900.00',2),(4773,2598,1,'0.00',1),(4774,2598,2,'0.00',2),(4775,2599,1,'45600.00',1),(4776,2599,2,'149700.00',2),(4777,2600,1,'0.00',1),(4778,2600,2,'0.00',2),(4779,2601,1,'16326.49',1),(4780,2601,2,'334296.26',2),(4781,2602,1,'0.00',1),(4782,2602,2,'0.00',2),(4783,2603,1,'100.00',1),(4784,2603,2,'2600.00',2),(4785,2604,1,'0.00',1),(4786,2604,2,'0.00',2),(4787,2605,1,'0.00',1),(4788,2605,2,'73100.00',2),(4789,2606,1,'0.00',1),(4790,2606,2,'0.00',2),(4791,2607,1,'0.00',1),(4792,2607,2,'6400.00',2),(4793,2608,1,'0.00',1),(4794,2608,2,'0.00',2),(4795,2609,1,'0.00',1),(4796,2609,2,'2000.00',2),(4797,2610,1,'0.00',1),(4798,2610,2,'0.00',2),(4799,2611,1,'57400.00',1),(4800,2611,2,'516500.00',2),(4801,2612,1,'0.00',1),(4802,2612,2,'0.00',2),(4803,2613,1,'32700.00',1),(4804,2613,2,'215800.00',2),(4805,2614,1,'0.00',1),(4806,2614,2,'0.00',2),(4807,2615,1,'66100.00',1),(4808,2615,2,'323800.00',2),(4809,2616,1,'0.00',1),(4810,2616,2,'0.00',2),(4811,2617,1,'340200.00',1),(4812,2617,2,'1483900.00',2),(4813,2618,1,'0.00',1),(4814,2618,2,'0.00',2),(4815,2619,1,'0.00',1),(4816,2619,2,'1536.50',2),(4817,2620,1,'0.00',1),(4818,2620,2,'0.00',2),(4819,2621,1,'6400.00',1),(4820,2621,2,'695300.00',2),(4821,2622,1,'0.00',1),(4822,2622,2,'0.00',2),(4823,2623,1,'6400.00',1),(4824,2623,2,'97000.00',2),(4825,2624,1,'0.00',1),(4826,2624,2,'0.00',2),(4827,2625,1,'29232.49',1),(4828,2625,2,'182021.58',2),(4829,2626,1,'0.00',1),(4830,2626,2,'0.00',2),(4831,2627,1,'12700.00',1),(4832,2627,2,'47100.00',2),(4833,2628,1,'0.00',1),(4834,2628,2,'0.00',2),(4835,2629,1,'21300.00',1),(4836,2629,2,'104100.00',2),(4837,2630,1,'0.00',1),(4838,2630,2,'0.00',2),(4839,2631,1,'287700.00',1),(4840,2631,2,'104100.00',2),(4841,2632,1,'0.00',1),(4842,2632,2,'0.00',2),(4843,2633,1,'16690.48',1),(4844,2633,2,'171565.65',2),(4845,2634,1,'0.00',1),(4846,2634,2,'0.00',2),(4847,2635,1,'600.00',1),(4848,2635,2,'2800.00',2),(4849,2636,1,'0.00',1),(4850,2636,2,'0.00',2),(4851,2637,1,'11100.00',1),(4852,2637,2,'2200.00',2),(4853,2638,1,'0.00',1),(4854,2638,2,'0.00',2),(4867,2645,1,'1277000.00',1),(4868,2645,2,'4266700.00',2),(4869,2646,1,'0.00',1),(4870,2646,2,'0.00',2),(4871,2647,1,'734200.00',1),(4872,2647,2,'2584600.00',2),(4873,2648,1,'0.00',1),(4874,2648,2,'0.00',2),(4875,2649,1,'86195.10',1),(4876,2649,2,'306371.78',2),(4877,2650,1,'0.00',1),(4878,2650,2,'0.00',2),(4879,2651,1,'0.00',1),(4880,2651,2,'100.00',2),(4881,2652,1,'0.00',1),(4882,2652,2,'0.00',2),(4883,2653,1,'1446.52',1),(4884,2653,2,'4999.73',2),(4885,2654,1,'0.00',1),(4886,2654,2,'0.00',2),(4887,2655,1,'4711.00',1),(4888,2655,2,'21272.77',2),(4889,2656,1,'0.00',1),(4890,2656,2,'0.00',2),(4891,2657,1,'1828200.00',1),(4892,2657,2,'656000.00',2),(4893,2658,1,'0.00',1),(4894,2658,2,'0.00',2),(4895,2659,1,'261000.00',1),(4896,2659,2,'1204300.00',2),(4897,2660,1,'0.00',1),(4898,2660,2,'0.00',2),(4899,2661,1,'12200.00',1),(4900,2661,2,'72600.00',2),(4901,2662,1,'0.00',1),(4902,2662,2,'0.00',2),(4903,2663,1,'2400.00',1),(4904,2663,2,'9400.00',2),(4905,2664,1,'0.00',1),(4906,2664,2,'0.00',2),(4907,2665,1,'44900.00',1),(4908,2665,2,'460600.00',2),(4909,2666,1,'0.00',1),(4910,2666,2,'0.00',2),(4911,2667,1,'38500.00',1),(4912,2667,2,'9000.00',2),(4913,2668,1,'0.00',1),(4914,2668,2,'0.00',2),(4915,2669,1,'12325.43',1),(4916,2669,2,'68486.94',2),(4917,2670,1,'0.00',1),(4918,2670,2,'0.00',2),(4919,2671,1,'17302.46',1),(4920,2671,2,'193801.20',2),(4921,2672,1,'0.00',1),(4922,2672,2,'0.00',2),(4923,2673,1,'2254900.00',1),(4924,2673,2,'11885900.00',2),(4925,2674,1,'0.00',1),(4926,2674,2,'0.00',2),(4927,2675,1,'31.49',1),(4928,2675,2,'998000.00',2),(4929,2676,1,'0.00',1),(4930,2676,2,'0.00',2),(4931,2677,1,'1400.00',1),(4932,2677,2,'3700.00',2),(4933,2678,1,'0.00',1),(4934,2678,2,'0.00',2),(4935,2679,1,'5500.00',1),(4936,2679,2,'11500.00',2),(4937,2680,1,'9100.00',1),(4938,2680,2,'18600.00',2),(4939,2681,1,'12900.00',1),(4940,2681,2,'36700.00',2),(4941,2682,1,'7000.00',1),(4942,2682,2,'20900.00',2),(4943,2683,1,'38100.00',1),(4944,2683,2,'26700.00',2),(4945,2684,1,'14300.00',1),(4946,2684,2,'9800.00',2),(4947,2685,1,NULL,1),(4948,2685,2,NULL,2),(4949,2686,1,NULL,1),(4950,2686,2,NULL,2),(4951,2687,1,NULL,1),(4952,2687,2,NULL,2),(4953,2688,1,NULL,1),(4954,2688,2,NULL,2),(4955,2689,1,NULL,1),(4956,2689,2,NULL,2),(4957,2690,1,NULL,1),(4958,2690,2,NULL,2),(4959,2691,1,'0.00',1),(4960,2691,2,'200.00',2),(4961,2692,1,'0.00',1),(4962,2692,2,'0.00',2),(4963,2693,1,'0.00',1),(4964,2693,2,'56200.00',2),(4965,2694,1,'0.00',1),(4966,2694,2,'53800.00',2),(4967,2695,1,'128600.00',1),(4968,2695,2,'1698500.00',2),(4969,2696,1,'38600.00',1),(4970,2696,2,'510100.00',2),(4971,2697,1,'6400.00',1),(4972,2697,2,'105400.00',2),(4973,2698,1,'1400.00',1),(4974,2698,2,'70500.00',2),(4975,2699,1,'483800.00',1),(4976,2699,2,'192000.00',2),(4977,2700,1,'101000.00',1),(4978,2700,2,'136100.00',2),(4979,2701,1,'740300.00',1),(4980,2701,2,'111700.00',2),(4981,2702,1,'34600.00',1),(4982,2702,2,'5900.00',2),(4983,2703,1,'981500.00',1),(4984,2703,2,'190000.00',2),(4985,2704,1,'40800.00',1),(4986,2704,2,'7500.00',2),(4987,2705,1,'209900.00',1),(4988,2705,2,'27800.00',2),(4989,2706,1,'4600.00',1),(4990,2706,2,'500.00',2),(4991,2707,1,'2619500.00',1),(4992,2707,2,'717900.00',2),(4993,2708,1,'194400.00',1),(4994,2708,2,'101100.00',2),(4995,2709,1,'39100.00',1),(4996,2709,2,'114600.00',2),(4997,2710,1,'42100.00',1),(4998,2710,2,'123600.00',2),(4999,2711,1,'51300.00',1),(5000,2711,2,'162300.00',2),(5001,2712,1,'15000.00',1),(5002,2712,2,'64300.00',2),(5003,2713,1,'7900.00',1),(5004,2713,2,'1300.00',2),(5005,2714,1,'0.00',1),(5006,2714,2,'0.00',2),(5007,2715,1,'200.00',1),(5008,2715,2,'0.00',2),(5009,2716,1,'84700.00',1),(5010,2716,2,'8700.00',2),(5011,2717,1,'0.00',1),(5012,2717,2,'0.00',2),(5013,2718,1,'46984.75',1),(5014,2718,2,'3072.19',2),(5015,2719,1,'200.00',1),(5016,2719,2,'0.00',2),(5017,2720,1,'0.00',1),(5018,2720,2,'2500.00',2),(5019,2721,1,'183920.39',1),(5020,2721,2,'18426.58',2),(5021,2722,1,'100.00',1),(5022,2722,2,'0.00',2),(5023,2723,1,'0.00',1),(5024,2723,2,'34483.41',2),(5025,2724,1,'0.00',1),(5026,2724,2,'0.00',2),(5027,2725,1,'200.00',1),(5028,2725,2,'0.00',2),(5029,2726,1,'0.00',1),(5030,2726,2,'2400.00',2),(5031,2727,1,'0.00',1),(5032,2727,2,'0.00',2),(5033,2728,1,'0.00',1),(5034,2728,2,'100.00',2),(5035,2729,1,'41112.62',1),(5036,2729,2,'8305.67',2),(5037,2730,1,'0.00',1),(5038,2730,2,'0.00',2),(5039,2731,1,'100.00',1),(5040,2731,2,'0.00',2),(5041,2732,1,'8285.60',1),(5042,2732,2,'51887.75',2),(5043,2733,1,'0.00',1),(5044,2733,2,'4900.00',2),(5045,2734,1,'0.00',1),(5046,2734,2,'1300.00',2),(5047,2735,1,'0.00',1),(5048,2735,2,'100.00',2),(5049,2736,1,'0.00',1),(5050,2736,2,'100.00',2),(5051,2737,1,'0.00',1),(5052,2737,2,'100.00',2),(5053,2738,1,'53053.71',1),(5054,2738,2,'17838.27',2),(5055,2739,1,'0.00',1),(5056,2739,2,'0.00',2),(5057,2740,1,'100.00',1),(5058,2740,2,'800.00',2),(5059,2741,1,'0.00',1),(5060,2741,2,'1000.00',2),(5061,2742,1,'0.00',1),(5062,2742,2,'0.00',2),(5063,2743,1,'0.00',1),(5064,2743,2,'100.00',2),(5065,2744,1,'2062900.00',1),(5066,2744,2,'19779100.00',2),(5067,2745,1,'265300.00',1),(5068,2745,2,'2509400.00',2),(5069,2746,1,NULL,1),(5070,2746,2,NULL,2),(5071,2747,1,'0.00',1),(5072,2747,2,'0.00',2),(5073,2748,1,'0.00',1),(5074,2748,2,'0.00',2),(5075,2749,1,'0.00',1),(5076,2749,2,'0.00',2),(5077,2750,1,'0.00',1),(5078,2750,2,'0.00',2),(5079,2751,1,'0.00',1),(5080,2751,2,'0.00',2),(5081,2752,1,'0.00',1),(5082,2752,2,'0.00',2),(5083,2753,1,'0.00',1),(5084,2753,2,'0.00',2),(5085,2754,1,'200.00',1),(5086,2754,2,'0.00',2),(5087,2755,1,'0.00',1),(5088,2755,2,'0.00',2),(5089,2756,1,'600.00',1),(5090,2756,2,'1100.00',2),(5091,2757,1,'0.00',1),(5092,2757,2,'0.00',2),(5093,2758,1,'812200.00',1),(5094,2758,2,'44400.00',2),(5095,2759,1,'0.00',1),(5096,2759,2,'0.00',2),(5099,2762,1,'2354300.00',1),(5100,2762,2,'5713800.00',2),(5101,2764,1,'100.00',1),(5102,2764,2,'200.00',2),(5103,2765,2,'0.00',2),(5104,2765,1,'0.00',1),(5105,2763,2,'10800.00',2),(5106,2763,1,'27500.00',1),(5107,2484,2,'960900.00',2),(5108,2484,1,'799200.00',1),(5109,2770,2,'12900.00',2),(5110,2770,1,'0.00',1),(5111,2771,2,'20300.00',2),(5112,2771,1,'0.00',1),(6403,3435,1,'4804100.00',1),(6404,3435,2,'12841800.00',2),(6405,3436,1,'1874300.00',1),(6406,3436,2,'5273300.00',2),(6407,3437,1,'100.00',1),(6408,3437,2,'0.00',2),(6409,3438,1,'0.00',1),(6410,3438,2,'0.00',2),(6411,3439,1,'171500.00',1),(6412,3439,2,'30300.00',2),(6413,3440,1,'0.00',1),(6414,3440,2,'0.00',2),(6415,3441,1,'612200.00',1),(6416,3441,2,'67700.00',2),(6417,3442,1,'0.00',1),(6418,3442,2,'0.00',2),(6419,3443,1,'63000.00',1),(6420,3443,2,'9100.00',2),(6421,3444,1,'0.00',1),(6422,3444,2,'0.00',2),(6423,3445,1,'470000.00',1),(6424,3445,2,'46300.00',2),(6425,3446,1,'0.00',1),(6426,3446,2,'0.00',2),(6427,3447,1,'9400.00',1),(6428,3447,2,'600.00',2),(6429,3448,1,'0.00',1),(6430,3448,2,'0.00',2),(6431,3449,1,'0.00',1),(6432,3449,2,'0.00',2),(6433,3450,1,'0.00',1),(6434,3450,2,'0.00',2),(6435,3451,1,'7872.00',1),(6436,3451,2,'948.00',2),(6437,3452,1,'0.00',1),(6438,3452,2,'0.00',2),(6439,3453,1,'35900.00',1),(6440,3453,2,'5000.00',2),(6441,3454,1,'0.00',1),(6442,3454,2,'0.00',2),(6443,3455,1,'42500.00',1),(6444,3455,2,'5800.00',2),(6445,3456,1,'0.00',1),(6446,3456,2,'0.00',2),(6447,3457,1,'23000.00',1),(6448,3457,2,'2500.00',2),(6449,3458,1,'0.00',1),(6450,3458,2,'0.00',2),(6451,3459,1,'14300.00',1),(6452,3459,2,'1500.00',2),(6453,3460,1,'0.00',1),(6454,3460,2,'0.00',2),(6455,3461,1,'3600.00',1),(6456,3461,2,'400.00',2),(6457,3462,1,'0.00',1),(6458,3462,2,'0.00',2),(6459,3463,1,'2500.00',1),(6460,3463,2,'300.00',2),(6461,3464,1,'0.00',1),(6462,3464,2,'0.00',2),(6463,3465,1,'8300.00',1),(6464,3465,2,'900.00',2),(6465,3466,1,'0.00',1),(6466,3466,2,'0.00',2),(6467,3467,1,'228000.00',1),(6468,3467,2,'26200.00',2),(6469,3468,1,'0.00',1),(6470,3468,2,'0.00',2),(6471,3469,1,'78800.00',1),(6472,3469,2,'9400.00',2),(6473,3470,1,'0.00',1),(6474,3470,2,'0.00',2),(6475,3471,1,'66200.00',1),(6476,3471,2,'6800.00',2),(6477,3472,1,'0.00',1),(6478,3472,2,'0.00',2),(6479,3473,1,'551800.00',1),(6480,3473,2,'64700.00',2),(6481,3474,1,'0.00',1),(6482,3474,2,'0.00',2),(6483,3475,1,'36700.00',1),(6484,3475,2,'7000.00',2),(6485,3476,1,'0.00',1),(6486,3476,2,'0.00',2),(6487,3477,1,'65912.00',1),(6488,3477,2,'4399.00',2),(6489,3478,1,'0.00',1),(6490,3478,2,'0.00',2),(6491,3479,1,'13546.00',1),(6492,3479,2,'1432.00',2),(6493,3480,1,'0.00',1),(6494,3480,2,'0.00',2),(6495,3481,1,'161706.00',1),(6496,3481,2,'24249.00',2),(6497,3482,1,'0.00',1),(6498,3482,2,'0.00',2),(6499,3483,1,'0.00',1),(6500,3483,2,'1448.00',2),(6501,3484,1,'0.00',1),(6502,3484,2,'0.00',2),(6503,3485,1,'125924.00',1),(6504,3485,2,'16794.00',2),(6505,3486,1,'0.00',1),(6506,3486,2,'0.00',2),(6507,3487,1,'153100.00',1),(6508,3487,2,'13600.00',2),(6509,3488,1,'0.00',1),(6510,3488,2,'0.00',2),(6511,3489,1,'182700.00',1),(6512,3489,2,'15300.00',2),(6513,3490,1,'0.00',1),(6514,3490,2,'0.00',2),(6515,3491,1,'10415.00',1),(6516,3491,2,'1204.00',2),(6517,3492,1,'0.00',1),(6518,3492,2,'0.00',2),(6519,3493,1,'0.00',1),(6520,3493,2,'6428.00',2),(6521,3494,1,'0.00',1),(6522,3494,2,'0.00',2),(6523,3495,1,'0.00',1),(6524,3495,2,'18926.00',2),(6525,3496,1,'0.00',1),(6526,3496,2,'0.00',2),(6527,3497,1,'0.00',1),(6528,3497,2,'1800.00',2),(6529,3498,1,'0.00',1),(6530,3498,2,'0.00',2),(6531,3499,1,'1129.00',1),(6532,3499,2,'17712.00',2),(6533,3500,1,'0.00',1),(6534,3500,2,'0.00',2),(6535,3501,1,'1600.00',1),(6536,3501,2,'200.00',2),(6537,3502,1,'0.00',1),(6538,3502,2,'0.00',2),(6539,3503,1,'10200.00',1),(6540,3503,2,'72100.00',2),(6541,3504,1,'500.00',1),(6542,3504,2,'4200.00',2),(6543,3505,1,'11800.00',1),(6544,3505,2,'119700.00',2),(6545,3506,1,'6700.00',1),(6546,3506,2,'67500.00',2),(6547,3507,1,'835200.00',1),(6548,3507,2,'467600.00',2),(6549,3508,1,'338900.00',1),(6550,3508,2,'264200.00',2),(6551,3509,1,'146000.00',1),(6552,3509,2,'204300.00',2),(6553,3510,1,'41200.00',1),(6554,3510,2,'102300.00',2),(6555,3511,1,'1177700.00',1),(6556,3511,2,'276000.00',2),(6557,3512,1,'180900.00',1),(6558,3512,2,'54400.00',2),(6559,3513,1,'763400.00',1),(6560,3513,2,'337800.00',2),(6561,3514,1,'269200.00',1),(6562,3514,2,'0.00',2),(6563,3515,1,'200.00',1),(6564,3515,2,'8400.00',2),(6565,3516,1,'0.00',1),(6566,3516,2,'2400.00',2),(6567,3517,1,'396100.00',1),(6568,3517,2,'209700.00',2),(6569,3518,1,'139500.00',1),(6570,3518,2,'52700.00',2),(6571,3519,1,'338100.00',1),(6572,3519,2,'105700.00',2),(6573,3520,1,'9200.00',1),(6574,3520,2,'3600.00',2),(6575,3521,1,'94380.00',1),(6576,3521,2,'17433.00',2),(6577,3522,1,'0.00',1),(6578,3522,2,'0.00',2),(6579,3523,1,'0.00',1),(6580,3523,2,'24900.00',2),(6581,3524,1,'0.00',1),(6582,3524,2,'4400.00',2),(6583,3525,1,'0.00',1),(6584,3525,2,'12800.00',2),(6585,3526,1,'0.00',1),(6586,3526,2,'0.00',2),(6587,3527,1,'12200.00',1),(6588,3527,2,'30800.00',2),(6589,3528,1,'0.00',1),(6590,3528,2,'0.00',2),(6591,3529,1,'1600.00',1),(6592,3529,2,'200.00',2),(6593,3530,1,'0.00',1),(6594,3530,2,'0.00',2),(6595,3531,1,'0.00',1),(6596,3531,2,'1800.00',2),(6597,3532,1,'0.00',1),(6598,3532,2,'0.00',2),(6599,3533,1,'1700.00',1),(6600,3533,2,'37500.00',2),(6601,3534,1,'0.00',1),(6602,3534,2,'0.00',2),(6603,3535,1,'0.00',1),(6604,3535,2,'29400.00',2),(6605,3536,1,'0.00',1),(6606,3536,2,'0.00',2),(6607,3537,1,'2400.00',1),(6608,3537,2,'84000.00',2),(6609,3538,1,'0.00',1),(6610,3538,2,'0.00',2),(6611,3539,1,'0.00',1),(6612,3539,2,'113100.00',2),(6613,3540,1,'0.00',1),(6614,3540,2,'0.00',2),(6615,3541,1,'0.00',1),(6616,3541,2,'289400.00',2),(6617,3542,1,'0.00',1),(6618,3542,2,'0.00',2),(6619,3543,1,'0.00',1),(6620,3543,2,'277900.00',2),(6621,3544,1,'0.00',1),(6622,3544,2,'0.00',2),(6623,3545,1,'45600.00',1),(6624,3545,2,'149700.00',2),(6625,3546,1,'0.00',1),(6626,3546,2,'0.00',2),(6627,3547,1,'16326.49',1),(6628,3547,2,'334296.26',2),(6629,3548,1,'0.00',1),(6630,3548,2,'0.00',2),(6631,3549,1,'100.00',1),(6632,3549,2,'2600.00',2),(6633,3550,1,'0.00',1),(6634,3550,2,'0.00',2),(6635,3551,1,'0.00',1),(6636,3551,2,'73100.00',2),(6637,3552,1,'0.00',1),(6638,3552,2,'0.00',2),(6639,3553,1,'0.00',1),(6640,3553,2,'6400.00',2),(6641,3554,1,'0.00',1),(6642,3554,2,'0.00',2),(6643,3555,1,'0.00',1),(6644,3555,2,'2000.00',2),(6645,3556,1,'0.00',1),(6646,3556,2,'0.00',2),(6647,3557,1,'57400.00',1),(6648,3557,2,'516500.00',2),(6649,3558,1,'0.00',1),(6650,3558,2,'0.00',2),(6651,3559,1,'32700.00',1),(6652,3559,2,'215800.00',2),(6653,3560,1,'0.00',1),(6654,3560,2,'0.00',2),(6655,3561,1,'66100.00',1),(6656,3561,2,'323800.00',2),(6657,3562,1,'0.00',1),(6658,3562,2,'0.00',2),(6659,3563,1,'340200.00',1),(6660,3563,2,'1483900.00',2),(6661,3564,1,'0.00',1),(6662,3564,2,'0.00',2),(6663,3565,1,'0.00',1),(6664,3565,2,'1536.50',2),(6665,3566,1,'0.00',1),(6666,3566,2,'0.00',2),(6667,3567,1,'6400.00',1),(6668,3567,2,'695300.00',2),(6669,3568,1,'0.00',1),(6670,3568,2,'0.00',2),(6671,3569,1,'6400.00',1),(6672,3569,2,'97000.00',2),(6673,3570,1,'0.00',1),(6674,3570,2,'0.00',2),(6675,3571,1,'29232.49',1),(6676,3571,2,'182021.58',2),(6677,3572,1,'0.00',1),(6678,3572,2,'0.00',2),(6679,3573,1,'12700.00',1),(6680,3573,2,'47100.00',2),(6681,3574,1,'0.00',1),(6682,3574,2,'0.00',2),(6683,3575,1,'21300.00',1),(6684,3575,2,'104100.00',2),(6685,3576,1,'0.00',1),(6686,3576,2,'0.00',2),(6687,3577,1,'287700.00',1),(6688,3577,2,'104100.00',2),(6689,3578,1,'0.00',1),(6690,3578,2,'0.00',2),(6691,3579,1,'16690.48',1),(6692,3579,2,'171565.65',2),(6693,3580,1,'0.00',1),(6694,3580,2,'0.00',2),(6695,3581,1,'600.00',1),(6696,3581,2,'2800.00',2),(6697,3582,1,'0.00',1),(6698,3582,2,'0.00',2),(6699,3583,1,'11100.00',1),(6700,3583,2,'2200.00',2),(6701,3584,1,'0.00',1),(6702,3584,2,'0.00',2),(6703,3585,1,'1277000.00',1),(6704,3585,2,'4266700.00',2),(6705,3586,1,'0.00',1),(6706,3586,2,'0.00',2),(6707,3587,1,'734200.00',1),(6708,3587,2,'2584600.00',2),(6709,3588,1,'0.00',1),(6710,3588,2,'0.00',2),(6711,3589,1,'86195.10',1),(6712,3589,2,'306371.78',2),(6713,3590,1,'0.00',1),(6714,3590,2,'0.00',2),(6715,3591,1,'0.00',1),(6716,3591,2,'100.00',2),(6717,3592,1,'0.00',1),(6718,3592,2,'0.00',2),(6719,3593,1,'1446.52',1),(6720,3593,2,'4999.73',2),(6721,3594,1,'0.00',1),(6722,3594,2,'0.00',2),(6723,3595,1,'4711.00',1),(6724,3595,2,'21272.77',2),(6725,3596,1,'0.00',1),(6726,3596,2,'0.00',2),(6727,3597,1,'1828200.00',1),(6728,3597,2,'656000.00',2),(6729,3598,1,'0.00',1),(6730,3598,2,'0.00',2),(6731,3599,1,'261000.00',1),(6732,3599,2,'1204300.00',2),(6733,3600,1,'0.00',1),(6734,3600,2,'0.00',2),(6735,3601,1,'12200.00',1),(6736,3601,2,'72600.00',2),(6737,3602,1,'0.00',1),(6738,3602,2,'0.00',2),(6739,3603,1,'2400.00',1),(6740,3603,2,'9400.00',2),(6741,3604,1,'0.00',1),(6742,3604,2,'0.00',2),(6743,3605,1,'44900.00',1),(6744,3605,2,'460600.00',2),(6745,3606,1,'0.00',1),(6746,3606,2,'0.00',2),(6747,3607,1,'38500.00',1),(6748,3607,2,'9000.00',2),(6749,3608,1,'0.00',1),(6750,3608,2,'0.00',2),(6751,3609,1,'12325.43',1),(6752,3609,2,'68486.94',2),(6753,3610,1,'0.00',1),(6754,3610,2,'0.00',2),(6755,3611,1,'17302.46',1),(6756,3611,2,'193801.20',2),(6757,3612,1,'0.00',1),(6758,3612,2,'0.00',2),(6759,3613,1,'2254900.00',1),(6760,3613,2,'11885900.00',2),(6761,3614,1,'0.00',1),(6762,3614,2,'0.00',2),(6763,3615,1,'31.49',1),(6764,3615,2,'998000.00',2),(6765,3616,1,'0.00',1),(6766,3616,2,'0.00',2),(6767,3617,1,'1400.00',1),(6768,3617,2,'3700.00',2),(6769,3618,1,'0.00',1),(6770,3618,2,'0.00',2),(6771,3619,1,'5500.00',1),(6772,3619,2,'11500.00',2),(6773,3620,1,'9100.00',1),(6774,3620,2,'18600.00',2),(6775,3621,1,'12900.00',1),(6776,3621,2,'36700.00',2),(6777,3622,1,'7000.00',1),(6778,3622,2,'20900.00',2),(6779,3623,1,'38100.00',1),(6780,3623,2,'26700.00',2),(6781,3624,1,'14300.00',1),(6782,3624,2,'9800.00',2),(6783,3625,1,NULL,1),(6784,3625,2,NULL,2),(6785,3626,1,NULL,1),(6786,3626,2,NULL,2),(6787,3627,1,NULL,1),(6788,3627,2,NULL,2),(6789,3628,1,NULL,1),(6790,3628,2,NULL,2),(6791,3629,1,NULL,1),(6792,3629,2,NULL,2),(6793,3630,1,NULL,1),(6794,3630,2,NULL,2),(6795,3631,1,'0.00',1),(6796,3631,2,'200.00',2),(6797,3632,1,'0.00',1),(6798,3632,2,'0.00',2),(6799,3633,1,'0.00',1),(6800,3633,2,'56200.00',2),(6801,3634,1,'0.00',1),(6802,3634,2,'53800.00',2),(6803,3635,1,'128600.00',1),(6804,3635,2,'1698500.00',2),(6805,3636,1,'38600.00',1),(6806,3636,2,'510100.00',2),(6807,3637,1,'6400.00',1),(6808,3637,2,'105400.00',2),(6809,3638,1,'1400.00',1),(6810,3638,2,'70500.00',2),(6811,3639,1,'483800.00',1),(6812,3639,2,'192000.00',2),(6813,3640,1,'101000.00',1),(6814,3640,2,'136100.00',2),(6815,3641,1,'740300.00',1),(6816,3641,2,'111700.00',2),(6817,3642,1,'34600.00',1),(6818,3642,2,'5900.00',2),(6819,3643,1,'981500.00',1),(6820,3643,2,'190000.00',2),(6821,3644,1,'40800.00',1),(6822,3644,2,'7500.00',2),(6823,3645,1,'209900.00',1),(6824,3645,2,'27800.00',2),(6825,3646,1,'4600.00',1),(6826,3646,2,'500.00',2),(6827,3647,1,'2619500.00',1),(6828,3647,2,'717900.00',2),(6829,3648,1,'194400.00',1),(6830,3648,2,'101100.00',2),(6831,3649,1,'39100.00',1),(6832,3649,2,'114600.00',2),(6833,3650,1,'42100.00',1),(6834,3650,2,'123600.00',2),(6835,3651,1,'51300.00',1),(6836,3651,2,'162300.00',2),(6837,3652,1,'15000.00',1),(6838,3652,2,'64300.00',2),(6839,3653,1,'7900.00',1),(6840,3653,2,'1300.00',2),(6841,3654,1,'0.00',1),(6842,3654,2,'0.00',2),(6843,3655,1,'200.00',1),(6844,3655,2,'0.00',2),(6845,3656,1,'84700.00',1),(6846,3656,2,'8700.00',2),(6847,3657,1,'0.00',1),(6848,3657,2,'0.00',2),(6849,3658,1,'46984.75',1),(6850,3658,2,'3072.19',2),(6851,3660,1,'200.00',1),(6852,3660,2,'0.00',2),(6853,3661,1,'0.00',1),(6854,3661,2,'2500.00',2),(6855,3662,1,'183920.39',1),(6856,3662,2,'18426.58',2),(6857,3664,1,'100.00',1),(6858,3664,2,'0.00',2),(6859,3665,1,'0.00',1),(6860,3665,2,'34483.41',2),(6861,3667,1,'0.00',1),(6862,3667,2,'0.00',2),(6863,3668,1,'200.00',1),(6864,3668,2,'0.00',2),(6865,3669,1,'0.00',1),(6866,3669,2,'2400.00',2),(6867,3670,1,'0.00',1),(6868,3670,2,'0.00',2),(6869,3671,1,'0.00',1),(6870,3671,2,'100.00',2),(6871,3672,1,'41112.62',1),(6872,3672,2,'8305.67',2),(6873,3674,1,'0.00',1),(6874,3674,2,'0.00',2),(6875,3675,1,'100.00',1),(6876,3675,2,'0.00',2),(6877,3676,1,'8285.60',1),(6878,3676,2,'51887.75',2),(6879,3677,1,'0.00',1),(6880,3677,2,'4900.00',2),(6881,3678,1,'0.00',1),(6882,3678,2,'1300.00',2),(6883,3679,1,'0.00',1),(6884,3679,2,'100.00',2),(6885,3680,1,'0.00',1),(6886,3680,2,'100.00',2),(6887,3681,1,'0.00',1),(6888,3681,2,'100.00',2),(6889,3682,1,'53053.71',1),(6890,3682,2,'17838.27',2),(6891,3683,1,'0.00',1),(6892,3683,2,'0.00',2),(6893,3684,1,'100.00',1),(6894,3684,2,'800.00',2),(6895,3685,1,'0.00',1),(6896,3685,2,'1000.00',2),(6897,3686,1,'0.00',1),(6898,3686,2,'0.00',2),(6899,3687,1,'0.00',1),(6900,3687,2,'100.00',2),(6901,3688,1,'2062900.00',1),(6902,3688,2,'19779100.00',2),(6903,3689,1,'265300.00',1),(6904,3689,2,'2509400.00',2),(6905,3690,1,NULL,1),(6906,3690,2,NULL,2),(6907,3691,1,'0.00',1),(6908,3691,2,'0.00',2),(6909,3692,1,'0.00',1),(6910,3692,2,'0.00',2),(6911,3693,1,'0.00',1),(6912,3693,2,'0.00',2),(6913,3694,1,'0.00',1),(6914,3694,2,'0.00',2),(6915,3695,1,'0.00',1),(6916,3695,2,'0.00',2),(6917,3696,1,'0.00',1),(6918,3696,2,'0.00',2),(6919,3697,1,'0.00',1),(6920,3697,2,'0.00',2),(6921,3698,1,'200.00',1),(6922,3698,2,'0.00',2),(6923,3699,1,'0.00',1),(6924,3699,2,'0.00',2),(6925,3700,1,'600.00',1),(6926,3700,2,'1100.00',2),(6927,3701,1,'0.00',1),(6928,3701,2,'0.00',2),(6929,3702,1,'812200.00',1),(6930,3702,2,'44400.00',2),(6931,3703,1,'0.00',1),(6932,3703,2,'0.00',2),(6933,3704,1,'0.00',1),(6934,3704,2,'12900.00',2),(6935,3705,1,'0.00',1),(6936,3705,2,'20300.00',2),(6937,3706,1,'2354300.00',1),(6938,3706,2,'5713800.00',2),(6939,3707,1,'27500.00',1),(6940,3707,2,'10800.00',2),(6941,3708,1,'100.00',1),(6942,3708,2,'200.00',2),(6943,3709,1,'0.00',1),(6944,3709,2,'0.00',2);
/*!40000 ALTER TABLE `reserve` ENABLE KEYS */;
UNLOCK TABLES;

--
-- Table structure for table `reserve_header`
--

DROP TABLE IF EXISTS `reserve_header`;
SET @saved_cs_client     = @@character_set_client;
SET character_set_client = utf8;
CREATE TABLE `reserve_header` (
  `reserve_id` int(10) unsigned NOT NULL auto_increment,
  `reservoir_id` int(10) unsigned NOT NULL default '0',
  `date_reserve` date NOT NULL default '0000-00-00' COMMENT '鉱量の日付',
  `possibility` int(10) unsigned NOT NULL default '0' COMMENT '実現確率',
  `is_by_completion` tinyint(1) unsigned zerofill NOT NULL default '0' COMMENT '鉱量データとして 0 であれば reserve、1 であれば reserve_by_completion を使う',
  `datetime_input` datetime default NULL COMMENT '入力した日時',
  `username_input` varchar(40) default NULL COMMENT '入力したユーザー名',
  `method_reserve` varchar(20) default NULL,
  `summary` text,
  PRIMARY KEY  (`reserve_id`),
  UNIQUE KEY `reserve_id` (`reserve_id`),
  UNIQUE KEY `id_date_possibility` (`reservoir_id`,`date_reserve`,`possibility`),
  UNIQUE KEY `reservoir_id` (`reservoir_id`,`date_reserve`,`possibility`,`datetime_input`),
  CONSTRAINT `reserve_header_ibfk_1` FOREIGN KEY (`reservoir_id`) REFERENCES `reservoir` (`reservoir_id`) ON UPDATE CASCADE
) ENGINE=InnoDB AUTO_INCREMENT=3710 DEFAULT CHARSET=utf8 COMMENT='埋蔵量のヘッダテーブル';
SET character_set_client = @saved_cs_client;

--
-- Dumping data for table `reserve_header`
--

LOCK TABLES `reserve_header` WRITE;
/*!40000 ALTER TABLE `reserve_header` DISABLE KEYS */;
INSERT INTO `reserve_header` VALUES (1,3,'2003-12-31',90,0,'2004-03-01 00:00:00',NULL,'D,C',' 減退見直し'),(2,4,'2003-12-31',90,0,'2004-03-01 00:00:00',NULL,'D,C',NULL),(3,5,'2003-12-31',90,0,'2004-03-01 00:00:00',NULL,'C',' 採収終了'),(4,6,'2003-12-31',90,0,'2004-03-01 00:00:00',NULL,'D','SK35,47減退見直し'),(5,7,'2003-12-31',90,0,'2004-03-01 00:00:00',NULL,'C',NULL),(6,8,'2003-12-31',90,0,'2004-03-01 00:00:00',NULL,'D,C','SK44,53,82H減退見直し'),(7,9,'2003-12-31',90,0,'2004-03-01 00:00:00',NULL,'D',' 全坑井一括の減退曲線法で見直し'),(8,10,'2003-12-31',90,0,'2004-03-01 00:00:00',NULL,'C',' 採収終了'),(9,11,'2003-12-31',90,0,'2004-03-01 00:00:00',NULL,'D,C,E','SK75減退見直し'),(10,12,'2003-12-31',90,0,'2004-03-01 00:00:00',NULL,'D,C,E','SK75減退見直し'),(11,13,'2003-12-31',90,0,'2004-03-01 00:00:00',NULL,'D,C','SK76減退見直し'),(12,14,'2003-12-31',90,0,'2004-03-01 00:00:00',NULL,'D,C','SK76減退見直し'),(13,15,'2003-12-31',90,0,'2004-03-01 00:00:00',NULL,'D,C',NULL),(14,16,'2003-12-31',90,0,'2004-03-01 00:00:00',NULL,'D','H15年実績なし'),(15,17,'2003-12-31',90,0,'2004-03-01 00:00:00',NULL,'C',' 採収終了'),(16,18,'2003-12-31',90,0,'2004-03-01 00:00:00',NULL,'V,D,C',NULL),(17,19,'2003-12-31',90,0,'2004-03-01 00:00:00',NULL,'D,C',' SK21減退傾向評価'),(18,20,'2003-12-31',90,0,'2004-03-01 00:00:00',NULL,'D,C',NULL),(19,21,'2003-12-31',90,0,'2004-03-01 00:00:00',NULL,'D,C',' SK4,10,11減退見直し'),(20,22,'2003-12-31',90,0,'2004-03-01 00:00:00',NULL,'D,M',NULL),(21,23,'2003-12-31',90,0,'2004-03-01 00:00:00',NULL,'D',' SK7減退見直し'),(22,24,'2003-12-31',90,0,'2004-03-01 00:00:00',NULL,'C',' 平成14年生産実績なし'),(23,25,'2003-12-31',90,0,'2004-03-01 00:00:00',NULL,'D,C',' SK16自噴停止,SK14打ち切り'),(24,26,'2003-12-31',90,0,'2004-03-01 00:00:00',NULL,'C',' 採収終了'),(25,27,'2003-12-31',90,0,'2004-03-01 00:00:00',NULL,'D,C',' SK16水没,SK15減退見直し'),(26,28,'2003-12-31',90,0,'2004-03-01 00:00:00',NULL,'D',' 採収終了'),(27,29,'2003-12-31',90,0,'2004-03-01 00:00:00',NULL,'D',' SK14減退評価&打ち切り'),(28,30,'2003-12-31',90,0,'2004-03-01 00:00:00',NULL,'C',' 採収終了'),(29,31,'2003-12-31',90,0,'2004-03-01 00:00:00',NULL,'M',' 全坑井廃坑→採収終了'),(30,32,'2003-12-31',90,0,'2004-03-01 00:00:00',NULL,'C',' 採収終了'),(31,33,'2003-12-31',90,0,'2004-03-01 00:00:00',NULL,'ETC',NULL),(32,34,'2003-12-31',90,0,'2004-03-01 00:00:00',NULL,'C,D',NULL),(33,35,'2003-12-31',90,0,'2004-03-01 00:00:00',NULL,'V,D',NULL),(34,36,'2003-12-31',90,0,'2004-03-01 00:00:00',NULL,'V,D,C',' SK14減退見直し'),(35,37,'2003-12-31',90,0,'2004-03-01 00:00:00',NULL,'D',' 再評価'),(36,38,'2003-12-31',90,0,'2004-03-01 00:00:00',NULL,'V','中鮎川新規計上、南鮎川→確認?'),(37,39,'2003-12-31',90,0,'2004-03-01 00:00:00',NULL,'V,D',NULL),(38,40,'2003-12-31',90,0,'2004-03-01 00:00:00',NULL,'V,D,C','16DH新規計上、南鮎川→確認?'),(39,41,'2003-12-31',90,0,'2004-03-01 00:00:00',NULL,'V,D,C',' 西鮎川下層水没,北鮎川ON-3仕上げ'),(40,42,'2003-12-31',90,0,'2004-03-01 00:00:00',NULL,'S',NULL),(41,43,'2003-12-31',90,0,'2004-03-01 00:00:00',NULL,'D,M,C',' 減退見直し'),(42,44,'2003-12-31',90,0,'2004-03-01 00:00:00',NULL,'D,C',' 油井減退見直し'),(43,45,'2003-12-31',90,0,'2004-03-01 00:00:00',NULL,'C',' 採収終了'),(44,46,'2003-12-31',90,0,'2004-03-01 00:00:00',NULL,'D,C',NULL),(45,47,'2003-12-31',90,0,'2004-03-01 00:00:00',NULL,'C',' 採収終了'),(46,3,'2003-12-31',50,0,'2004-03-01 00:00:00',NULL,'M',' 確認鉱量見直し'),(47,4,'2003-12-31',50,0,'2004-03-01 00:00:00',NULL,'M',NULL),(48,5,'2003-12-31',50,0,'2004-03-01 00:00:00',NULL,'V2',' 採収終了'),(49,6,'2003-12-31',50,0,'2004-03-01 00:00:00',NULL,'V5',NULL),(50,7,'2003-12-31',50,0,'2004-03-01 00:00:00',NULL,'V2',NULL),(51,8,'2003-12-31',50,0,'2004-03-01 00:00:00',NULL,'V5',' SK-83H掘削後評価中、確認鉱量見直し'),(52,9,'2003-12-31',50,0,'2004-03-01 00:00:00',NULL,'V5',' 確認鉱量見直し'),(53,10,'2003-12-31',50,0,'2004-03-01 00:00:00',NULL,'V2',' 採収終了'),(54,11,'2003-12-31',50,0,'2004-03-01 00:00:00',NULL,'V1',' r=200m, 確認鉱量見直し'),(55,12,'2003-12-31',50,0,'2004-03-01 00:00:00',NULL,'V1',' r=200m, 確認鉱量見直し'),(56,13,'2003-12-31',50,0,'2004-03-01 00:00:00',NULL,'V1',' r=200m, 確認鉱量見直し'),(57,14,'2003-12-31',50,0,'2004-03-01 00:00:00',NULL,'V1',' r=200m, 確認鉱量見直し'),(58,15,'2003-12-31',50,0,'2004-03-01 00:00:00',NULL,'V1',' r=200m'),(59,16,'2003-12-31',50,0,'2004-03-01 00:00:00',NULL,'V1',' r=200m'),(60,17,'2003-12-31',50,0,'2004-03-01 00:00:00',NULL,'V2',' 採収終了'),(61,18,'2003-12-31',50,0,'2004-03-01 00:00:00',NULL,'V1,V2',' r=100m,200m,確認鉱量見直し'),(62,147,'2003-12-31',50,0,'2004-03-01 00:00:00',NULL,'V2',NULL),(63,19,'2003-12-31',50,0,'2004-03-01 00:00:00',NULL,'V3',' 確認鉱量見直し'),(64,20,'2003-12-31',50,0,'2004-03-01 00:00:00',NULL,'V3',NULL),(65,21,'2003-12-31',50,0,'2004-03-01 00:00:00',NULL,'M',' 確認鉱量見直し'),(66,22,'2003-12-31',50,0,'2004-03-01 00:00:00',NULL,'V3',NULL),(67,23,'2003-12-31',50,0,'2004-03-01 00:00:00',NULL,'V3',' 採収終了'),(68,24,'2003-12-31',50,0,'2004-03-01 00:00:00',NULL,'V3',' 採収終了'),(69,25,'2003-12-31',50,0,'2004-03-01 00:00:00',NULL,'V3',' 採収終了'),(70,26,'2003-12-31',50,0,'2004-03-01 00:00:00',NULL,'V3',' 採収終了'),(71,27,'2003-12-31',50,0,'2004-03-01 00:00:00',NULL,'V2,V3',' 採収終了'),(72,28,'2003-12-31',50,0,'2004-03-01 00:00:00',NULL,'V3',' 採収終了'),(73,29,'2003-12-31',50,0,'2004-03-01 00:00:00',NULL,'S',' 採収終了'),(74,30,'2003-12-31',50,0,'2004-03-01 00:00:00',NULL,NULL,' 採収終了'),(75,31,'2003-12-31',50,0,'2004-03-01 00:00:00',NULL,'M',' 全坑井廃坑→採収終了'),(76,32,'2003-12-31',50,0,'2004-03-01 00:00:00',NULL,NULL,' 採収終了'),(77,33,'2003-12-31',50,0,'2004-03-01 00:00:00',NULL,NULL,' 評価中'),(78,34,'2003-12-31',50,0,'2004-03-01 00:00:00',NULL,NULL,' 評価中'),(79,35,'2003-12-31',50,0,'2004-03-01 00:00:00',NULL,'V2',NULL),(80,36,'2003-12-31',50,0,'2004-03-01 00:00:00',NULL,NULL,' 評価中'),(81,37,'2003-12-31',50,0,'2004-03-01 00:00:00',NULL,'M','物質収支法評価従来通り、確認鉱量見直し'),(82,38,'2003-12-31',50,0,'2004-03-01 00:00:00',NULL,'V2','中鮎川+南鮎川、半径200mを包絡線で繋ぐ'),(83,39,'2003-12-31',50,0,'2004-03-01 00:00:00',NULL,'M,V2',NULL),(84,40,'2003-12-31',50,0,'2004-03-01 00:00:00',NULL,'S','SK-16DHの推定は含める'),(85,41,'2003-12-31',50,0,'2004-03-01 00:00:00',NULL,'S',' 　　　　溶解ガス 　434.1'),(86,42,'2003-12-31',50,0,'2004-03-01 00:00:00',NULL,'S','西子吉川SK-1、PBU解析'),(87,43,'2003-12-31',50,0,'2004-03-01 00:00:00',NULL,'M',' SK-55推定分'),(88,44,'2003-12-31',50,0,'2004-03-01 00:00:00',NULL,NULL,' 評価中'),(89,45,'2003-12-31',50,0,'2004-03-01 00:00:00',NULL,NULL,' 採収終了'),(90,46,'2003-12-31',50,0,'2004-03-01 00:00:00',NULL,NULL,' 評価中'),(91,47,'2003-12-31',50,0,'2004-03-01 00:00:00',NULL,NULL,' 採収終了'),(92,48,'2003-12-31',90,0,'2004-03-01 00:00:00',NULL,'C','減退曲線法⇒実績計上'),(93,49,'2003-12-31',90,0,'2004-03-01 00:00:00',NULL,'C','\\N'),(94,50,'2003-12-31',90,0,'2004-03-01 00:00:00',NULL,'C','\\N'),(95,51,'2003-12-31',90,0,'2004-03-01 00:00:00',NULL,'C','G基地採収終了'),(96,52,'2003-12-31',90,0,'2004-03-01 00:00:00',NULL,'C','G基地採収終了'),(97,53,'2003-12-31',90,0,'2004-03-01 00:00:00',NULL,'C','\\N'),(98,54,'2003-12-31',90,0,'2004-03-01 00:00:00',NULL,'D','減退曲線見直し'),(99,55,'2003-12-31',90,0,'2004-03-01 00:00:00',NULL,'M','\\N'),(100,56,'2003-12-31',90,0,'2004-03-01 00:00:00',NULL,'M','\\N'),(101,57,'2003-12-31',90,0,'2004-03-01 00:00:00',NULL,'D','\\N'),(102,58,'2003-12-31',90,0,'2004-03-01 00:00:00',NULL,'C','採収済み'),(103,86,'2003-12-31',90,0,'2004-03-01 00:00:00',NULL,'C','全坑井実績計上へ'),(104,87,'2003-12-31',90,0,'2004-03-01 00:00:00',NULL,'M','H3/12以降生産実績無し'),(105,88,'2003-12-31',90,0,'2004-03-01 00:00:00',NULL,'D','H9/10保安対策実施'),(106,89,'2003-12-31',90,0,'2004-03-01 00:00:00',NULL,'V','H9/10保安対策実施'),(107,90,'2003-12-31',90,0,'2004-03-01 00:00:00',NULL,'M','\\N'),(108,91,'2003-12-31',90,0,'2004-03-01 00:00:00',NULL,'ETC','S62以降生産実績無し'),(109,92,'2003-12-31',90,0,'2004-03-01 00:00:00',NULL,'C','実績計上、推定に減退法の鉱量'),(110,93,'2003-12-31',90,0,'2004-03-01 00:00:00',NULL,'C','採収済'),(111,94,'2003-12-31',90,0,'2004-03-01 00:00:00',NULL,'M','H14フォローアップ（japex150)'),(112,95,'2003-12-31',90,0,'2004-03-01 00:00:00',NULL,'M','\\N'),(113,96,'2003-12-31',90,0,'2004-03-01 00:00:00',NULL,'C','\\N'),(114,97,'2003-12-31',90,0,'2004-03-01 00:00:00',NULL,'V','\\N'),(115,98,'2003-12-31',90,0,'2004-03-01 00:00:00',NULL,'V','\\N'),(116,99,'2003-12-31',90,0,'2004-03-01 00:00:00',NULL,'V','\\N'),(117,100,'2003-12-31',90,0,'2004-03-01 00:00:00',NULL,'M','\\N'),(119,102,'2003-12-31',90,0,'2004-03-01 00:00:00',NULL,'\\N','\\N'),(121,103,'2003-12-31',90,0,'2004-03-01 00:00:00',NULL,'V','\\N'),(122,67,'2003-12-31',90,0,'2004-03-01 00:00:00',NULL,'C','\\N'),(125,70,'2003-12-31',90,0,'2004-03-01 00:00:00',NULL,'C','MS24自噴停止（条件付鉱量あり）'),(126,71,'2003-12-31',90,0,'2004-03-01 00:00:00',NULL,'V','\\N'),(127,72,'2003-12-31',90,0,'2004-03-01 00:00:00',NULL,'V','\\N'),(128,73,'2003-12-31',90,0,'2004-03-01 00:00:00',NULL,'D',NULL),(129,74,'2003-12-31',90,0,'2004-03-01 00:00:00',NULL,'C','MS31坑内閉塞（条件付鉱量あり）'),(130,75,'2003-12-31',90,0,'2004-03-01 00:00:00',NULL,'V','\\N'),(131,76,'2003-12-31',90,0,'2004-03-01 00:00:00',NULL,'V','容積法'),(132,77,'2003-12-31',90,0,'2004-03-01 00:00:00',NULL,'V','\\N'),(133,78,'2003-12-31',90,0,'2004-03-01 00:00:00',NULL,'V','\\N'),(134,79,'2003-12-31',90,0,'2004-03-01 00:00:00',NULL,'V','\\N'),(135,80,'2003-12-31',90,0,'2004-03-01 00:00:00',NULL,'M','\\N'),(136,81,'2003-12-31',90,0,'2004-03-01 00:00:00',NULL,'M','\\N'),(137,82,'2003-12-31',90,0,'2004-03-01 00:00:00',NULL,'C','\\N'),(138,83,'2003-12-31',90,0,'2004-03-01 00:00:00',NULL,'V','\\N'),(139,84,'2003-12-31',90,0,'2004-03-01 00:00:00',NULL,'C','\\N'),(140,85,'2003-12-31',90,0,'2004-03-01 00:00:00',NULL,'C','\\N'),(141,59,'2003-12-31',90,0,'2004-03-01 00:00:00',NULL,'C','\\N'),(142,60,'2003-12-31',90,0,'2004-03-01 00:00:00',NULL,'C','\\N'),(143,61,'2003-12-31',90,0,'2004-03-01 00:00:00',NULL,'C','\\N'),(144,62,'2003-12-31',90,0,'2004-03-01 00:00:00',NULL,'C','\\N'),(145,63,'2003-12-31',90,0,'2004-03-01 00:00:00',NULL,'C','\\N'),(146,64,'2003-12-31',90,0,'2004-03-01 00:00:00',NULL,'C','\\N'),(147,65,'2003-12-31',90,0,'2004-03-01 00:00:00',NULL,'C','\\N'),(148,66,'2003-12-31',90,0,'2004-03-01 00:00:00',NULL,'C','\\N'),(149,48,'2003-12-31',50,0,'2004-03-01 00:00:00',NULL,'V','\\N'),(150,49,'2003-12-31',50,0,'2004-03-01 00:00:00',NULL,'V','\\N'),(151,50,'2003-12-31',50,0,'2004-03-01 00:00:00',NULL,'V','\\N'),(152,51,'2003-12-31',50,0,'2004-03-01 00:00:00',NULL,'V','\\N'),(153,52,'2003-12-31',50,0,'2004-03-01 00:00:00',NULL,'V','\\N'),(154,53,'2003-12-31',50,0,'2004-03-01 00:00:00',NULL,'V','\\N'),(155,54,'2003-12-31',50,0,'2004-03-01 00:00:00',NULL,'\\N','評価作業準備中'),(156,55,'2003-12-31',50,0,'2004-03-01 00:00:00',NULL,'\\N','鉱量確定'),(157,56,'2003-12-31',50,0,'2004-03-01 00:00:00',NULL,'\\N','鉱量確定'),(158,57,'2003-12-31',50,0,'2004-03-01 00:00:00',NULL,'\\N','評価作業準備中'),(159,58,'2003-12-31',50,0,'2004-03-01 00:00:00',NULL,'\\N','評価作業準備中'),(162,148,'2003-12-31',50,0,'2004-03-01 00:00:00',NULL,'V','\\N'),(163,86,'2003-12-31',50,0,'2004-03-01 00:00:00',NULL,'\\N','該当する鉱量なし（98評価）'),(164,87,'2003-12-31',50,0,'2004-03-01 00:00:00',NULL,'\\N','評価作業準備中'),(165,88,'2003-12-31',50,0,'2004-03-01 00:00:00',NULL,'\\N','評価作業準備中'),(166,89,'2003-12-31',50,0,'2004-03-01 00:00:00',NULL,'\\N','評価作業準備中'),(167,92,'2003-12-31',50,0,'2004-03-01 00:00:00',NULL,'ETC','雲出SK20、H13末条件付鉱量へ計上'),(168,91,'2003-12-31',50,0,'2004-03-01 00:00:00',NULL,'\\N','評価作業準備中'),(169,93,'2003-12-31',50,0,'2004-03-01 00:00:00',NULL,'\\N','評価作業準備中'),(170,90,'2003-12-31',50,0,'2004-03-01 00:00:00',NULL,'\\N','\\N'),(172,94,'2003-12-31',50,0,'2004-03-01 00:00:00',NULL,'M','シミュレーションスタディ結果'),(173,95,'2003-12-31',50,0,'2004-03-01 00:00:00',NULL,'\\N','鉱量確定'),(174,97,'2003-12-31',50,0,'2004-03-01 00:00:00',NULL,'V','\\N'),(175,96,'2003-12-31',50,0,'2004-03-01 00:00:00',NULL,'V','H13末地質スタディ見直し'),(176,99,'2003-12-31',50,0,'2004-03-01 00:00:00',NULL,'V','\\N'),(177,98,'2003-12-31',50,0,'2004-03-01 00:00:00',NULL,'V','\\N'),(181,144,'2003-12-31',50,0,'2004-03-01 00:00:00',NULL,'M','GreenTuff一括シミュレーションスタディ'),(182,103,'2003-12-31',50,0,'2004-03-01 00:00:00',NULL,'\\N','H13末地質スタディ'),(183,70,'2003-12-31',50,0,'2004-03-01 00:00:00',NULL,'C','条件付資源量あり'),(184,73,'2003-12-31',50,0,'2004-03-01 00:00:00',NULL,'D',NULL),(185,74,'2003-12-31',50,0,'2004-03-01 00:00:00',NULL,'C','条件付資源量あり'),(186,77,'2003-12-31',50,0,'2004-03-01 00:00:00',NULL,'V','全域評価'),(187,78,'2003-12-31',50,0,'2004-03-01 00:00:00',NULL,'V','全域評価'),(188,79,'2003-12-31',50,0,'2004-03-01 00:00:00',NULL,'V','全域評価'),(189,81,'2003-12-31',50,0,'2004-03-01 00:00:00',NULL,'M','想定した端水面深度の差'),(190,62,'2003-12-31',50,0,'2004-03-01 00:00:00',NULL,'C','\\N'),(191,60,'2003-12-31',50,0,'2004-03-01 00:00:00',NULL,'C','\\N'),(192,61,'2003-12-31',50,0,'2004-03-01 00:00:00',NULL,'C','\\N'),(193,63,'2003-12-31',50,0,'2004-03-01 00:00:00',NULL,'C','\\N'),(194,64,'2003-12-31',50,0,'2004-03-01 00:00:00',NULL,'C','\\N'),(195,65,'2003-12-31',50,0,'2004-03-01 00:00:00',NULL,'C','\\N'),(196,66,'2003-12-31',50,0,'2004-03-01 00:00:00',NULL,'C','\\N'),(197,104,'2003-12-31',90,0,'2004-03-01 00:00:00',NULL,'V','MS-1当層低生産性により確認鉱量取り下げ'),(198,105,'2003-12-31',90,0,'2004-03-01 00:00:00',NULL,'M','OGIP：1,400→1,830MMm3増加に伴う総可採鉱量増加'),(199,106,'2003-12-31',90,0,'2004-03-01 00:00:00',NULL,'M','算出方法変更なし'),(200,107,'2003-12-31',90,0,'2004-03-01 00:00:00',NULL,'M','フルフィールドシミュレーションモデルのアップデート'),(201,108,'2003-12-31',90,0,'2004-03-01 00:00:00',NULL,'D','シミュレーションから減退曲線法に変更'),(202,109,'2003-12-31',90,0,'2004-03-01 00:00:00',NULL,'D','シミュレーションから減退曲線法に変更、B4S生産継続による鉱量増'),(203,110,'2003-12-31',90,0,'2004-03-01 00:00:00',NULL,'D','シミュレーションから減退曲線法に変更'),(204,111,'2003-12-31',90,0,'2004-03-01 00:00:00',NULL,'D','シミュレーションから減退曲線法に変更'),(205,112,'2003-12-31',90,0,'2004-03-01 00:00:00',NULL,'V','容積法から減退曲線法に変更（初期GOR修正）'),(206,113,'2003-12-31',90,0,'2004-03-01 00:00:00',NULL,'V','容積法から物質収支法に変更（初期GOR修正）'),(207,114,'2003-12-31',90,0,'2004-03-01 00:00:00',NULL,'C','2003/2廃層'),(208,104,'2003-12-31',50,0,'2004-03-01 00:00:00',NULL,'V','算出方法変更なし、2002年確認鉱量を推定鉱量にランクダウン'),(209,105,'2003-12-31',50,0,'2004-03-01 00:00:00',NULL,'M','原始鉱量大幅増加（1400⇒2786百万m3）に伴う推定鉱量増加'),(210,106,'2003-12-31',50,0,'2004-03-01 00:00:00',NULL,'M','算出方法変更なし'),(211,107,'2003-12-31',50,0,'2004-03-01 00:00:00',NULL,'M','確認鉱量にB5+B13生産量を計上したため推定鉱量は減'),(212,108,'2003-12-31',50,0,'2004-03-01 00:00:00',NULL,'D','シミュレーションから減退曲線法に変更'),(213,109,'2003-12-31',50,0,'2004-03-01 00:00:00',NULL,'D','B4S生産量を確認鉱量に計上したため推定鉱量減'),(214,110,'2003-12-31',50,0,'2004-03-01 00:00:00',NULL,'D','シミュレーションから減退曲線法に変更'),(215,111,'2003-12-31',50,0,'2004-03-01 00:00:00',NULL,'D','シミュレーションから減退曲線法に変更、層究極可採鉱量を昨年評価と同様にする'),(216,114,'2003-12-31',50,0,'2004-03-01 00:00:00',NULL,'C','2003/2廃層'),(217,112,'2003-12-31',50,0,'2004-03-01 00:00:00',NULL,'M','算出方法変更なし（初期GOR修正）'),(218,113,'2003-12-31',50,0,'2004-03-01 00:00:00',NULL,'M','算出方法変更なし（初期GOR修正）'),(219,1,'2003-12-31',90,0,'2004-03-01 00:00:00','kumagai','S','何か入れろ'),(220,2,'2003-12-31',90,0,'2004-03-01 00:00:00',NULL,'V','ない'),(221,117,'2003-12-31',90,0,'2004-03-01 00:00:00',NULL,'C','ない'),(222,1,'2003-12-31',50,0,'2004-03-01 00:00:00',NULL,'S','ない'),(223,2,'2003-12-31',50,0,'2004-03-01 00:00:00',NULL,'V','ない'),(224,117,'2003-12-31',50,0,'2004-03-01 00:00:00',NULL,'C','ない'),(277,67,'2003-12-31',50,0,'2004-03-01 00:00:00',NULL,'C','\\N'),(280,71,'2003-12-31',50,0,'2004-03-01 00:00:00',NULL,'V','\\N'),(281,72,'2003-12-31',50,0,'2004-03-01 00:00:00',NULL,'V','\\N'),(282,75,'2003-12-31',50,0,'2004-03-01 00:00:00',NULL,'V','\\N'),(283,76,'2003-12-31',50,0,'2004-03-01 00:00:00',NULL,'V','\\N'),(284,80,'2003-12-31',50,0,'2004-03-01 00:00:00',NULL,'M','\\N'),(285,82,'2003-12-31',50,0,'2004-03-01 00:00:00',NULL,'C','\\N'),(286,83,'2003-12-31',50,0,'2004-03-01 00:00:00',NULL,'V','\\N'),(287,84,'2003-12-31',50,0,'2004-03-01 00:00:00',NULL,'C','\\N'),(288,85,'2003-12-31',50,0,'2004-03-01 00:00:00',NULL,'C','\\N'),(289,59,'2003-12-31',50,0,'2004-03-01 00:00:00',NULL,'C','\\N'),(290,116,'1958-12-31',90,0,NULL,NULL,'C','\\N'),(291,118,'1992-12-31',90,0,NULL,NULL,'C','\\N'),(292,119,'1971-12-31',90,0,NULL,NULL,'C','\\N'),(293,120,'1966-12-31',90,0,NULL,NULL,'C','\\N'),(294,121,'1977-12-31',90,0,NULL,NULL,'C','\\N'),(295,122,'1964-12-31',90,0,NULL,NULL,'C','\\N'),(296,123,'1974-12-31',90,0,NULL,NULL,'C','\\N'),(297,124,'1963-12-31',90,0,NULL,NULL,'C','\\N'),(298,125,'1961-12-31',90,0,NULL,NULL,'C','\\N'),(299,126,'1966-12-31',90,0,NULL,NULL,'C','\\N'),(300,127,'1956-12-31',90,0,NULL,NULL,'C','\\N'),(301,128,'1979-12-31',90,0,NULL,NULL,'C','\\N'),(302,129,'1987-12-31',90,0,NULL,NULL,'C','\\N'),(303,130,'1962-12-31',90,0,NULL,NULL,'C','\\N'),(304,131,'1965-12-31',90,0,NULL,NULL,'C','\\N'),(305,132,'1976-12-31',90,0,NULL,NULL,'C','\\N'),(306,133,'1964-12-31',90,0,NULL,NULL,'C','\\N'),(307,134,'1970-12-31',90,0,NULL,NULL,'C','\\N'),(308,135,'1966-12-31',90,0,NULL,NULL,'C','\\N'),(309,136,'1973-12-31',90,0,NULL,NULL,'C','\\N'),(310,137,'1961-12-31',90,0,NULL,NULL,'C','\\N'),(311,138,'1971-12-31',90,0,NULL,NULL,'C','\\N'),(312,139,'1975-12-31',90,0,NULL,NULL,'C','\\N'),(313,140,'1970-12-31',90,0,NULL,NULL,'C','\\N'),(314,141,'1969-12-31',90,0,NULL,NULL,'C','\\N'),(315,142,'1969-12-31',90,0,NULL,NULL,'C','\\N'),(316,143,'1961-12-31',90,0,NULL,NULL,'C','\\N'),(370,1,'2000-12-31',90,0,'2005-10-03 14:43:57',NULL,'M',NULL),(371,1,'2000-12-31',50,0,'2005-10-03 14:43:57',NULL,'M',NULL),(386,50,'2004-12-31',90,0,'2005-10-13 14:36:56',NULL,'C','平成16年3月で平木田採収終了'),(387,50,'2004-12-31',50,0,'2005-10-13 14:36:56',NULL,NULL,'None'),(388,48,'2004-12-31',90,0,'2005-10-13 15:35:34',NULL,'C','平成16年3月で平木田採収終了'),(389,48,'2004-12-31',50,0,'2005-10-13 15:35:34',NULL,NULL,'None'),(390,49,'2004-12-31',90,0,'2005-10-13 15:35:49',NULL,'C','平成16年3月で平木田採収終了'),(391,49,'2004-12-31',50,0,'2005-10-13 15:35:49',NULL,NULL,'None'),(392,51,'2004-12-31',90,0,'2005-10-13 15:37:46',NULL,'C','平成16年3月で平木田採収終了'),(393,51,'2004-12-31',50,0,'2005-10-13 15:37:46',NULL,NULL,'None'),(394,52,'2004-12-31',90,0,'2005-10-13 15:38:15',NULL,'C','平成16年3月で平木田採収終了'),(395,52,'2004-12-31',50,0,'2005-10-13 15:38:15',NULL,NULL,'None'),(396,53,'2004-12-31',90,0,'2005-10-13 15:39:04',NULL,'C','平成16年3月で平木田採収終了'),(397,53,'2004-12-31',50,0,'2005-10-13 15:39:04',NULL,NULL,'None'),(402,55,'2004-12-31',90,0,'2005-10-13 16:34:59',NULL,'M',NULL),(403,55,'2004-12-31',50,0,'2005-10-13 16:34:59',NULL,'\\N',NULL),(406,57,'2004-12-31',90,0,'2005-10-13 17:04:53',NULL,'D','平成16年末見直し'),(407,57,'2004-12-31',50,0,'2005-10-13 17:04:53',NULL,'\\N',NULL),(408,68,'2003-12-31',90,0,'2005-10-14 15:40:44',NULL,'C','（ガス確認鉱量データ修正：薮根）'),(409,68,'2003-12-31',50,0,'2005-10-14 15:40:44',NULL,'C','\\N'),(410,69,'2003-12-31',90,0,'2005-10-14 16:12:37',NULL,'C','（ガス確認鉱量データ修正：薮根）'),(411,69,'2003-12-31',50,0,'2005-10-14 16:12:37',NULL,'C','\\N'),(415,73,'2004-12-31',50,0,'2005-10-14 16:30:22',NULL,'D','平成16年末よりBC層推定計上しない'),(422,81,'2004-12-31',90,0,'2005-10-18 16:19:21',NULL,'M','平成16年末　鉱量見直し（Sim.→減退法）'),(423,81,'2004-12-31',50,0,'2005-10-18 16:19:21',NULL,'M','推定＋確認ともに見直し'),(424,86,'2004-12-31',90,0,'2005-10-19 11:27:51',NULL,'C',NULL),(425,86,'2004-12-31',50,0,'2005-10-19 11:27:51',NULL,'\\N',NULL),(426,96,'2004-12-31',90,0,'2005-10-19 14:47:32',NULL,'C','南片貝SK2少量生産'),(427,96,'2004-12-31',50,0,'2005-10-19 14:47:32',NULL,'V',NULL),(448,103,'2004-12-31',90,0,'2005-10-20 15:03:51',NULL,'V','None'),(449,103,'2004-12-31',50,0,'2005-10-20 15:03:51',NULL,'\\N','平成16年末推定 ： 20real-早期着水model'),(450,3,'2004-12-31',90,0,'2005-10-20 16:38:17',NULL,'D,C','減退見直し'),(451,3,'2004-12-31',50,0,'2005-10-20 16:38:17',NULL,'M','確認鉱量見直し'),(452,4,'2004-12-31',90,0,'2005-10-20 16:41:26',NULL,'D,C','2003年〜2004年中の実績なし'),(453,4,'2004-12-31',50,0,'2005-10-20 16:41:26',NULL,'M',NULL),(456,6,'2004-12-31',90,0,'2005-10-20 16:48:25',NULL,'D','GOR見直し'),(457,6,'2004-12-31',50,0,'2007-03-06 11:53:09','akita','V5',NULL),(462,7,'2004-12-31',90,0,'2005-10-21 14:44:00',NULL,'C','採収終了'),(463,7,'2004-12-31',50,0,'2005-10-21 14:44:00',NULL,'V2','採収終了'),(466,9,'2004-12-31',90,0,'2005-10-21 14:59:20',NULL,NULL,'上下層一括評価により、全鉱量を上層に入力（uchiyama)'),(467,9,'2004-12-31',50,0,'2005-10-21 14:59:20',NULL,NULL,'上下層一括評価により、全鉱量を上層に入力（uchiyama）'),(468,156,'2004-12-31',90,0,'2005-10-21 15:00:19',NULL,'D,C','上下層一括評価の値（uchiyama)'),(469,156,'2004-12-31',50,0,'2005-10-21 15:00:19',NULL,'V5','原始鉱量減、確認鉱量見直し。上下層一括評価の値（uchiyama)'),(470,11,'2004-12-31',90,0,'2005-10-21 15:36:29',NULL,'D,C,E','SK13，75，81減退見直し'),(471,11,'2004-12-31',50,0,'2005-10-21 15:36:29',NULL,'V1',NULL),(472,12,'2004-12-31',90,0,'2005-10-21 15:39:09',NULL,'D,C,E','SK75，81減退見直し'),(473,12,'2004-12-31',50,0,'2005-10-21 15:39:09',NULL,'V1',NULL),(474,13,'2004-12-31',90,0,'2005-10-21 15:42:37',NULL,'D,C','SK76，78減退見直し'),(475,13,'2004-12-31',50,0,'2005-10-21 15:42:37',NULL,'V1',NULL),(476,14,'2004-12-31',90,0,'2005-10-21 15:49:20',NULL,'D,C','SK76，78減退見直し'),(477,14,'2004-12-31',50,0,'2005-10-21 15:49:20',NULL,'V1',NULL),(478,15,'2004-12-31',90,0,'2005-10-21 15:58:59',NULL,'D,C','SK-77実績値計上へ変更'),(479,15,'2004-12-31',50,0,'2005-10-21 15:58:59',NULL,'V1','r=200m，確認鉱量を実績値計上へ'),(480,16,'2004-12-31',90,0,'2005-10-24 12:02:14',NULL,'D','SK-77実績値計上へ変更'),(481,16,'2004-12-31',50,0,'2005-10-24 12:02:14',NULL,'V1','r=200m，確認鉱量を実績値計上に'),(484,18,'2004-12-31',90,0,'2005-10-24 12:06:59',NULL,'V,D,C','2004年で採収終了'),(485,18,'2004-12-31',50,0,'2005-10-24 12:06:59',NULL,'V1,V2','2004年で採収終了'),(486,147,'2004-12-31',90,0,'2005-10-24 13:57:19',NULL,NULL,NULL),(487,147,'2004-12-31',50,0,'2005-10-24 13:57:19',NULL,'V2',NULL),(488,21,'2004-12-31',90,0,'2005-10-24 14:05:50',NULL,'D,C','SK-6，10減退見直し'),(489,21,'2004-12-31',50,0,'2005-10-24 14:05:50',NULL,'M','確認鉱量見直し'),(490,22,'2004-12-31',90,0,'2005-10-24 14:14:49',NULL,'D,M','SK-8のGOR見直し'),(491,22,'2004-12-31',50,0,'2005-10-24 14:14:49',NULL,'V3',NULL),(492,36,'2004-12-31',90,0,'2005-10-24 14:26:07',NULL,'V,D,C','SK-14 GWR減退見直し'),(493,36,'2004-12-31',50,0,'2005-10-24 14:26:07',NULL,'None','SK-14 GWR減退見直し'),(494,37,'2004-12-31',90,0,'2005-10-24 14:34:30',NULL,'D','GOR見直し'),(495,37,'2004-12-31',50,0,'2005-10-24 14:34:30',NULL,'M','GOR見直しによる油確認鉱量修正'),(496,38,'2004-12-31',90,0,'2005-10-24 14:39:41',NULL,'V','南鮎川の端数調整、中鮎川GOR見直し'),(497,38,'2004-12-31',50,0,'2005-10-24 14:39:41',NULL,'V2','確認鉱量微修正（端数処理とGOR）'),(500,40,'2004-12-31',90,0,'2005-10-24 14:46:27',NULL,'V,D,C','GOR見直し、SK-17は実績値のみ'),(501,40,'2004-12-31',50,0,'2005-10-24 14:46:27',NULL,'S','確認鉱量増加（H17実績分）'),(502,41,'2004-12-31',90,0,'2005-10-24 15:56:09',NULL,'V,D,C',NULL),(503,41,'2004-12-31',50,0,'2005-10-24 15:56:09',NULL,'S','鮎川モデル見直し　OGIP：フリーガス239.8 ，溶解ガス　178.02'),(504,43,'2004-12-31',90,0,'2005-10-24 16:27:30',NULL,'D,M,C','SK-53減退見直し、GOR見直し'),(505,43,'2004-12-31',50,0,'2005-10-24 16:27:30',NULL,'M',NULL),(506,44,'2004-12-31',90,0,'2005-10-24 16:29:01',NULL,'D,C','GOR見直し'),(507,44,'2004-12-31',50,0,'2005-10-24 16:29:01',NULL,'None',NULL),(508,28,'2004-12-31',90,0,'2005-10-25 15:33:48',NULL,'C',NULL),(509,28,'2004-12-31',50,0,'2005-10-25 15:33:48',NULL,'V3',NULL),(510,29,'2004-12-31',90,0,'2005-10-25 15:36:09',NULL,'D，C',NULL),(511,29,'2004-12-31',50,0,'2005-10-25 15:36:09',NULL,'S',NULL),(512,105,'2004-12-31',90,0,'2007-03-08 16:37:30','jpo','M','ガス販売計画変更による販売量増加に伴う総可採鉱量の増加'),(513,105,'2004-12-31',50,0,'2005-10-26 13:30:31',NULL,'M','ガス販売計画変更によるガス販売増に伴いガス推定鉱量減'),(514,106,'2004-12-31',90,0,'2005-10-26 14:16:22',NULL,'M','ガス販売計画変更による改層に伴う総可採鉱量の減'),(515,106,'2004-12-31',50,0,'2005-10-26 14:16:22',NULL,'M','ガス販売計画変更による改層に伴う推定鉱量の減'),(518,107,'2004-12-31',90,0,'2005-10-26 14:22:21',NULL,'S','算出方法に変更なし。一部前提条件の変更'),(519,107,'2004-12-31',50,0,'2005-10-26 14:22:21',NULL,'S','算出方法に変更なし。一部前提条件の変更'),(520,108,'2004-12-31',90,0,'2005-10-26 14:29:31',NULL,'D',NULL),(521,108,'2004-12-31',50,0,'2005-10-26 14:29:31',NULL,'D','算出方法変更なし'),(522,109,'2004-12-31',90,0,'2005-10-26 14:33:23',NULL,'D','B2S，B3Sを鉱排水圧入井として鉱量を見込まないことによる減'),(523,109,'2004-12-31',50,0,'2005-10-26 14:33:23',NULL,'D','B2S，B3Sを鉱排水圧入井として鉱量を見込まないことによる減'),(524,110,'2004-12-31',90,0,'2005-10-26 15:41:21',NULL,'D',NULL),(525,110,'2004-12-31',50,0,'2005-10-26 15:41:21',NULL,'D','算出方法変更なし'),(526,111,'2004-12-31',90,0,'2005-10-26 16:02:35',NULL,'D','昨年度評価を踏襲'),(527,111,'2004-12-31',50,0,'2005-10-26 16:02:35',NULL,'D','昨年度評価を踏襲'),(530,112,'2004-12-31',90,0,'2005-10-26 16:19:09',NULL,'D','算出方法変更なし'),(531,112,'2004-12-31',50,0,'2005-10-26 16:19:09',NULL,'D','算出方法変更なし'),(534,113,'2004-12-31',90,0,'2005-10-26 16:24:36',NULL,'M','南MS-1推定鉱量を確認鉱量に計上したことによる増'),(535,113,'2004-12-31',50,0,'2005-10-26 16:24:36',NULL,'M','南MS-1推定鉱量を確認鉱量に計上したことによる減'),(544,100,'2004-12-31',90,0,'2005-10-31 16:52:13',NULL,'None','GreenTuff一括評価'),(545,100,'2004-12-31',50,0,'2005-10-31 16:52:13',NULL,'None','None'),(546,101,'2004-12-31',90,0,'2005-10-31 16:52:26',NULL,'None','GreenTuff一括評価'),(547,101,'2004-12-31',50,0,'2005-10-31 16:52:26',NULL,'None','None'),(548,102,'2004-12-31',90,0,'2005-10-31 16:52:36',NULL,'None','GreenTuff一括評価'),(549,102,'2004-12-31',50,0,'2005-10-31 16:52:36',NULL,'None','None'),(550,144,'2004-12-31',90,0,'2005-10-31 16:52:46',NULL,'M','GreenTuff一括評価'),(551,144,'2004-12-31',50,0,'2005-10-31 16:52:46',NULL,'M','None'),(552,101,'2003-12-31',90,0,'2005-10-31 17:00:14',NULL,'\\N','\\N'),(553,101,'2003-12-31',50,0,'2005-10-31 17:00:14',NULL,NULL,'H13末地質スタディ、全域評価'),(554,1,'2004-12-31',90,0,NULL,NULL,'S','何か入れろ'),(555,1,'2005-12-31',90,0,NULL,'kumagai','S','何か入れろ'),(556,1,'2001-12-31',90,0,NULL,NULL,'M',NULL),(557,1,'2002-12-31',90,0,NULL,NULL,'M',NULL),(558,1,'2001-12-31',50,0,NULL,NULL,'M',NULL),(559,1,'2004-12-31',50,0,NULL,NULL,'S','ない'),(560,1,'2002-12-31',50,0,NULL,NULL,'M',NULL),(561,1,'2005-12-31',50,0,NULL,'kumagai','S','ない'),(562,2,'2004-12-31',90,0,NULL,NULL,'V','ない'),(563,2,'2005-12-31',90,0,NULL,NULL,'V','ない'),(564,2,'2004-12-31',50,0,NULL,NULL,'V','ない'),(565,2,'2005-12-31',50,0,NULL,'kumagai','V','あれ！'),(566,3,'2005-12-31',90,0,'2007-02-26 17:33:16','akita','D,C',NULL),(567,3,'2005-12-31',50,0,'2007-03-02 15:41:23','akita','M',NULL),(568,4,'2005-12-31',90,0,NULL,'akita','D,C',NULL),(569,4,'2005-12-31',50,0,NULL,NULL,'M',NULL),(570,5,'2004-12-31',90,0,NULL,NULL,'C',' 採収終了'),(571,5,'2005-12-31',90,0,NULL,NULL,'C',' 採収終了'),(572,5,'2004-12-31',50,0,NULL,NULL,'V2',' 採収終了'),(573,5,'2005-12-31',50,0,NULL,NULL,'V2',' 採収終了'),(574,6,'2005-12-31',90,0,'2007-02-27 10:25:47','akita','D',NULL),(575,6,'2005-12-31',50,0,'2007-03-06 11:53:37','akita','V5',NULL),(576,7,'2005-12-31',90,0,NULL,NULL,'C','採収終了'),(577,7,'2005-12-31',50,0,'2007-03-06 11:54:30','akita','V2','採収終了'),(578,156,'2005-12-31',90,0,'2007-02-27 15:09:19','kumagai','D,C',NULL),(579,156,'2005-12-31',50,0,NULL,'kumagai','V5',NULL),(580,9,'2005-12-31',90,0,NULL,NULL,NULL,'上下層一括評価により、全鉱量を上層に入力（uchiyama)'),(581,9,'2005-12-31',50,0,NULL,NULL,NULL,'上下層一括評価により、全鉱量を上層に入力（uchiyama）'),(582,10,'2004-12-31',90,0,NULL,NULL,'C',' 採収終了'),(583,10,'2005-12-31',90,0,NULL,NULL,'C',' 採収終了'),(584,10,'2004-12-31',50,0,NULL,NULL,'V2',' 採収終了'),(585,10,'2005-12-31',50,0,NULL,NULL,'V2',' 採収終了'),(586,11,'2005-12-31',90,0,'2007-02-27 17:20:04','akita','D,C','減退見直し'),(587,11,'2005-12-31',50,0,'2007-03-06 12:12:14','akita','V1',NULL),(588,12,'2005-12-31',90,0,'2007-02-27 17:23:21','akita','D,C,E','減退見直し'),(589,12,'2005-12-31',50,0,'2007-03-06 12:12:50','akita','V1',NULL),(590,13,'2005-12-31',90,0,'2007-02-27 17:24:54','akita','D,C','減退見直し'),(591,13,'2005-12-31',50,0,'2007-03-06 12:14:09','akita','V1',NULL),(592,14,'2005-12-31',90,0,'2007-02-27 17:26:22','akita','D,C','減退見直し'),(593,14,'2005-12-31',50,0,'2007-03-06 12:14:50','akita','V1',NULL),(594,15,'2005-12-31',90,0,'2007-02-27 17:28:39','akita','D,C','SK-77減退曲線法による評価へ切替'),(595,15,'2005-12-31',50,0,'2007-03-06 12:15:38','akita','V1','r=200m，確認鉱量を実績値計上へ'),(596,16,'2005-12-31',90,0,'2007-02-27 17:31:44','akita','D','SK-77減退曲線法による評価へ切替'),(597,16,'2005-12-31',50,0,'2007-03-06 13:18:38','akita','V1',NULL),(598,17,'2004-12-31',90,0,NULL,NULL,'C',' 採収終了'),(599,17,'2005-12-31',90,0,NULL,NULL,'C',' 採収終了'),(600,17,'2004-12-31',50,0,NULL,NULL,'V2',' 採収終了'),(601,17,'2005-12-31',50,0,NULL,NULL,'V2',' 採収終了'),(602,18,'2005-12-31',90,0,NULL,'akita','C','2004年で採収終了'),(603,18,'2005-12-31',50,0,NULL,NULL,'V1,V2','2004年で採収終了'),(604,19,'2004-12-31',90,0,NULL,NULL,'D,C',' SK21減退傾向評価'),(605,19,'2005-12-31',90,0,'2007-02-28 09:56:51','akita','D,C','減退曲線見直し'),(606,19,'2004-12-31',50,0,NULL,NULL,'V3',' 確認鉱量見直し'),(607,19,'2005-12-31',50,0,'2007-03-06 13:21:11','akita','V3',NULL),(608,20,'2004-12-31',90,0,NULL,NULL,'D,C',NULL),(609,20,'2005-12-31',90,0,'2007-02-28 09:59:37','akita','D,C',NULL),(610,20,'2004-12-31',50,0,NULL,NULL,'V3',NULL),(611,20,'2005-12-31',50,0,'2007-03-06 13:22:17','akita','D',NULL),(612,21,'2005-12-31',90,0,'2007-02-28 10:02:22','akita','D,C','減退見直し'),(613,21,'2005-12-31',50,0,'2007-03-06 13:24:19','akita','M',NULL),(614,22,'2005-12-31',90,0,'2007-02-28 10:04:55','akita','D,M',NULL),(615,22,'2005-12-31',50,0,NULL,NULL,'V3',NULL),(616,23,'2004-12-31',90,0,NULL,NULL,'D',' SK7減退見直し'),(617,23,'2005-12-31',90,0,NULL,'akita','C',NULL),(618,23,'2004-12-31',50,0,NULL,NULL,'V3',' 採収終了'),(619,23,'2005-12-31',50,0,NULL,'akita','V3',NULL),(620,24,'2004-12-31',90,0,NULL,NULL,'C',' 平成14年生産実績なし'),(621,24,'2005-12-31',90,0,NULL,'akita','C',NULL),(622,24,'2004-12-31',50,0,NULL,NULL,'V3',' 採収終了'),(623,24,'2005-12-31',50,0,NULL,'akita','V3',NULL),(624,25,'2004-12-31',90,0,NULL,NULL,'D,C',' SK16自噴停止,SK14打ち切り'),(625,25,'2005-12-31',90,0,NULL,'akita','C',NULL),(626,25,'2004-12-31',50,0,NULL,NULL,'V3',' 採収終了'),(627,25,'2005-12-31',50,0,NULL,'akita','V3',NULL),(628,26,'2004-12-31',90,0,NULL,NULL,'C',' 採収終了'),(629,26,'2005-12-31',90,0,NULL,NULL,'C',' 採収終了'),(630,26,'2004-12-31',50,0,NULL,NULL,'V3',' 採収終了'),(631,26,'2005-12-31',50,0,NULL,NULL,'V3',' 採収終了'),(632,27,'2004-12-31',90,0,NULL,NULL,'D,C',' SK16水没,SK15減退見直し'),(633,27,'2005-12-31',90,0,NULL,NULL,'D,C',' SK16水没,SK15減退見直し'),(634,27,'2004-12-31',50,0,NULL,NULL,'V2,V3',' 採収終了'),(635,27,'2005-12-31',50,0,NULL,NULL,'V2,V3',' 採収終了'),(636,28,'2005-12-31',90,0,NULL,NULL,'C',NULL),(637,28,'2005-12-31',50,0,NULL,NULL,'V3',NULL),(638,29,'2005-12-31',90,0,NULL,NULL,'D，C',NULL),(639,29,'2005-12-31',50,0,NULL,NULL,'S',NULL),(640,30,'2004-12-31',90,0,NULL,NULL,'C',' 採収終了'),(641,30,'2005-12-31',90,0,NULL,NULL,'C',' 採収終了'),(642,30,'2004-12-31',50,0,NULL,NULL,NULL,' 採収終了'),(643,30,'2005-12-31',50,0,NULL,NULL,NULL,' 採収終了'),(644,31,'2004-12-31',90,0,NULL,NULL,'M',' 全坑井廃坑→採収終了'),(645,31,'2005-12-31',90,0,NULL,NULL,'M',' 全坑井廃坑→採収終了'),(646,31,'2004-12-31',50,0,NULL,NULL,'M',' 全坑井廃坑→採収終了'),(647,31,'2005-12-31',50,0,NULL,NULL,'M',' 全坑井廃坑→採収終了'),(648,32,'2004-12-31',90,0,NULL,NULL,'C',' 採収終了'),(649,32,'2005-12-31',90,0,NULL,NULL,'C',' 採収終了'),(650,32,'2004-12-31',50,0,NULL,NULL,NULL,' 採収終了'),(651,32,'2005-12-31',50,0,NULL,NULL,NULL,' 採収終了'),(652,33,'2004-12-31',90,0,NULL,NULL,'ETC',NULL),(653,33,'2005-12-31',90,0,'2007-03-01 15:47:22','akita','C',NULL),(654,33,'2004-12-31',50,0,NULL,NULL,NULL,' 評価中'),(655,33,'2005-12-31',50,0,NULL,NULL,NULL,' 評価中'),(656,34,'2004-12-31',90,0,NULL,NULL,'C,D',NULL),(657,34,'2005-12-31',90,0,NULL,'akita','C',NULL),(658,34,'2004-12-31',50,0,NULL,NULL,NULL,' 評価中'),(659,34,'2005-12-31',50,0,NULL,NULL,NULL,' 評価中'),(660,35,'2004-12-31',90,0,NULL,NULL,'V,D',NULL),(661,35,'2005-12-31',90,0,NULL,'akita','V,C',NULL),(662,35,'2004-12-31',50,0,NULL,NULL,'V2',NULL),(663,35,'2005-12-31',50,0,NULL,NULL,'V2',NULL),(664,36,'2005-12-31',90,0,'2007-03-01 17:02:14','akita','V,D,C',NULL),(665,36,'2005-12-31',50,0,NULL,'akita','D','SK-14 GWR減退見直し'),(666,37,'2005-12-31',90,0,'2007-03-01 17:05:10','akita','D',NULL),(667,37,'2005-12-31',50,0,'2007-03-06 13:47:58','akita','M',NULL),(668,38,'2005-12-31',90,0,'2007-03-01 17:07:50','akita','V','容積法エリア増加'),(669,38,'2005-12-31',50,0,'2007-03-06 13:49:13','akita','V2',NULL),(670,39,'2004-12-31',90,0,NULL,NULL,'V,D',NULL),(671,39,'2005-12-31',90,0,NULL,NULL,'V,D',NULL),(672,39,'2004-12-31',50,0,NULL,NULL,'M,V2',NULL),(673,39,'2005-12-31',50,0,NULL,NULL,'M,V2',NULL),(674,40,'2005-12-31',90,0,'2007-03-01 17:12:39','akita','V,D,C',NULL),(675,40,'2005-12-31',50,0,'2007-03-06 13:50:17','akita','S',NULL),(676,41,'2005-12-31',90,0,'2007-03-02 15:21:52','akita','V,D,C',NULL),(677,41,'2005-12-31',50,0,'2007-03-06 13:52:11','akita','S','鮎川モデル見直し'),(678,42,'2004-12-31',90,0,NULL,NULL,'S',NULL),(679,42,'2005-12-31',90,0,NULL,'akita','V,S',NULL),(680,42,'2004-12-31',50,0,NULL,NULL,'S','西子吉川SK-1、PBU解析'),(681,42,'2005-12-31',50,0,NULL,'akita','S',NULL),(682,43,'2005-12-31',90,0,'2007-03-02 15:32:39','akita','D,M,C',NULL),(683,43,'2005-12-31',50,0,'2007-03-06 15:05:51','akita','M','SK-55 推定分'),(684,44,'2005-12-31',90,0,'2007-03-02 15:34:16','akita','D,C',NULL),(685,44,'2005-12-31',50,0,NULL,'akita',NULL,NULL),(686,45,'2004-12-31',90,0,NULL,NULL,'C',' 採収終了'),(687,45,'2005-12-31',90,0,NULL,NULL,'C',' 採収終了'),(688,45,'2004-12-31',50,0,NULL,NULL,NULL,' 採収終了'),(689,45,'2005-12-31',50,0,NULL,NULL,NULL,' 採収終了'),(690,46,'2004-12-31',90,0,NULL,NULL,'D,C',NULL),(691,46,'2005-12-31',90,0,NULL,NULL,'D,C',NULL),(692,46,'2004-12-31',50,0,NULL,NULL,NULL,' 評価中'),(693,46,'2005-12-31',50,0,'2007-03-06 15:07:34','akita','V',NULL),(694,47,'2004-12-31',90,0,NULL,NULL,'C',' 採収終了'),(695,47,'2005-12-31',90,0,NULL,NULL,'C',' 採収終了'),(696,47,'2004-12-31',50,0,NULL,NULL,NULL,' 採収終了'),(697,47,'2005-12-31',50,0,NULL,NULL,NULL,' 採収終了'),(698,48,'2005-12-31',90,0,NULL,NULL,'C','平成16年3月で平木田採収終了'),(699,48,'2005-12-31',50,0,NULL,NULL,NULL,'None'),(700,49,'2005-12-31',90,0,NULL,NULL,'C','平成16年3月で平木田採収終了'),(701,49,'2005-12-31',50,0,NULL,NULL,NULL,'None'),(702,50,'2005-12-31',90,0,NULL,NULL,'C','平成16年3月で平木田採収終了'),(703,50,'2005-12-31',50,0,NULL,NULL,NULL,'None'),(704,51,'2005-12-31',90,0,NULL,NULL,'C','平成16年3月で平木田採収終了'),(705,51,'2005-12-31',50,0,NULL,NULL,NULL,'None'),(706,52,'2005-12-31',90,0,NULL,NULL,'C','平成16年3月で平木田採収終了'),(707,52,'2005-12-31',50,0,NULL,NULL,NULL,'None'),(708,53,'2005-12-31',90,0,NULL,NULL,'C','平成16年3月で平木田採収終了'),(709,53,'2005-12-31',50,0,NULL,NULL,NULL,'None'),(710,54,'2004-12-31',90,0,NULL,NULL,'D','減退曲線見直し'),(711,54,'2005-12-31',90,0,NULL,NULL,'D','減退曲線見直し'),(712,54,'2004-12-31',50,0,NULL,NULL,'\\N','評価作業準備中'),(713,54,'2005-12-31',50,0,NULL,NULL,'\\N','評価作業準備中'),(714,55,'2005-12-31',90,0,NULL,NULL,'M',NULL),(715,55,'2005-12-31',50,0,NULL,'nagaoka',NULL,NULL),(716,56,'2004-12-31',90,0,NULL,NULL,'M','\\N'),(717,56,'2005-12-31',90,0,NULL,'nagaoka','M',NULL),(718,56,'2004-12-31',50,0,NULL,NULL,'\\N','鉱量確定'),(719,56,'2005-12-31',50,0,NULL,'nagaoka',NULL,'鉱量確定'),(720,57,'2005-12-31',90,0,NULL,'nagaoka','D',NULL),(721,57,'2005-12-31',50,0,NULL,NULL,'\\N',NULL),(722,58,'2004-12-31',90,0,NULL,NULL,'C','採収済み'),(723,58,'2005-12-31',90,0,NULL,NULL,'C','採収済み'),(724,58,'2004-12-31',50,0,NULL,NULL,'\\N','評価作業準備中'),(725,58,'2005-12-31',50,0,NULL,NULL,'\\N','評価作業準備中'),(726,59,'2004-12-31',90,0,NULL,NULL,'C','\\N'),(727,59,'2005-12-31',90,0,NULL,NULL,'C','\\N'),(728,59,'2004-12-31',50,0,NULL,NULL,'C','\\N'),(729,59,'2005-12-31',50,0,NULL,NULL,'C','\\N'),(730,60,'2004-12-31',90,0,NULL,NULL,'C','\\N'),(731,60,'2005-12-31',90,0,NULL,NULL,'C','\\N'),(732,60,'2004-12-31',50,0,NULL,NULL,'C','\\N'),(733,60,'2005-12-31',50,0,NULL,NULL,'C','\\N'),(734,61,'2004-12-31',90,0,NULL,NULL,'C','\\N'),(735,61,'2005-12-31',90,0,NULL,NULL,'C','\\N'),(736,61,'2004-12-31',50,0,NULL,NULL,'C','\\N'),(737,61,'2005-12-31',50,0,NULL,NULL,'C','\\N'),(738,62,'2004-12-31',90,0,NULL,NULL,'C','\\N'),(739,62,'2005-12-31',90,0,NULL,NULL,'C','\\N'),(740,62,'2004-12-31',50,0,NULL,NULL,'C','\\N'),(741,62,'2005-12-31',50,0,NULL,NULL,'C','\\N'),(742,63,'2004-12-31',90,0,NULL,NULL,'C','\\N'),(743,63,'2005-12-31',90,0,NULL,NULL,'C','\\N'),(744,63,'2004-12-31',50,0,NULL,NULL,'C','\\N'),(745,63,'2005-12-31',50,0,NULL,NULL,'C','\\N'),(746,64,'2004-12-31',90,0,NULL,NULL,'C','\\N'),(747,64,'2005-12-31',90,0,NULL,NULL,'C','\\N'),(748,64,'2004-12-31',50,0,NULL,NULL,'C','\\N'),(749,64,'2005-12-31',50,0,NULL,NULL,'C','\\N'),(750,65,'2004-12-31',90,0,NULL,NULL,'C','\\N'),(751,65,'2005-12-31',90,0,NULL,NULL,'C','\\N'),(752,65,'2004-12-31',50,0,NULL,NULL,'C','\\N'),(753,65,'2005-12-31',50,0,NULL,NULL,'C','\\N'),(754,66,'2004-12-31',90,0,NULL,NULL,'C','\\N'),(755,66,'2005-12-31',90,0,NULL,NULL,'C','\\N'),(756,66,'2004-12-31',50,0,NULL,NULL,'C','\\N'),(757,66,'2005-12-31',50,0,NULL,NULL,'C','\\N'),(758,67,'2004-12-31',90,0,NULL,NULL,'C','\\N'),(759,67,'2005-12-31',90,0,NULL,NULL,'C','\\N'),(760,67,'2004-12-31',50,0,NULL,NULL,'C','\\N'),(761,67,'2005-12-31',50,0,NULL,NULL,'C','\\N'),(762,68,'2004-12-31',90,0,NULL,NULL,'C','（ガス確認鉱量データ修正：薮根）'),(763,68,'2005-12-31',90,0,NULL,'nagaoka','C',NULL),(764,68,'2004-12-31',50,0,NULL,NULL,'C','\\N'),(765,68,'2005-12-31',50,0,NULL,'nagaoka','C',NULL),(766,69,'2004-12-31',90,0,NULL,NULL,'C','（ガス確認鉱量データ修正：薮根）'),(767,69,'2005-12-31',90,0,NULL,'nagaoka','C',NULL),(768,69,'2004-12-31',50,0,NULL,NULL,'C','\\N'),(769,69,'2005-12-31',50,0,NULL,'nagaoka','C',NULL),(770,70,'2004-12-31',90,0,NULL,NULL,'C','MS24自噴停止（条件付鉱量あり）'),(771,70,'2005-12-31',90,0,NULL,'nagaoka','C',NULL),(772,70,'2004-12-31',50,0,NULL,NULL,'C','条件付資源量あり'),(773,70,'2005-12-31',50,0,NULL,'nagaoka','C',NULL),(774,71,'2004-12-31',90,0,NULL,NULL,'V','\\N'),(775,71,'2005-12-31',90,0,NULL,NULL,'V','\\N'),(776,71,'2004-12-31',50,0,NULL,NULL,'V','\\N'),(777,71,'2005-12-31',50,0,NULL,NULL,'V','\\N'),(778,72,'2004-12-31',90,0,NULL,NULL,'V','\\N'),(779,72,'2005-12-31',90,0,NULL,NULL,'V','\\N'),(780,72,'2004-12-31',50,0,NULL,NULL,'V','\\N'),(781,72,'2005-12-31',50,0,NULL,NULL,'V','\\N'),(782,73,'2004-12-31',90,0,NULL,NULL,'D',NULL),(783,73,'2005-12-31',90,0,NULL,NULL,'D',NULL),(784,73,'2005-12-31',50,0,NULL,NULL,'D','平成16年末よりBC層推定計上しない'),(785,74,'2004-12-31',90,0,NULL,NULL,'C','MS31坑内閉塞（条件付鉱量あり）'),(786,74,'2005-12-31',90,0,NULL,NULL,'C','MS31坑内閉塞（条件付鉱量あり）'),(787,74,'2004-12-31',50,0,NULL,NULL,'C','条件付資源量あり'),(788,74,'2005-12-31',50,0,NULL,NULL,'C','条件付資源量あり'),(789,75,'2004-12-31',90,0,NULL,NULL,'V','\\N'),(790,75,'2005-12-31',90,0,NULL,NULL,'V','\\N'),(791,75,'2004-12-31',50,0,NULL,NULL,'V','\\N'),(792,75,'2005-12-31',50,0,NULL,NULL,'V','\\N'),(793,76,'2004-12-31',90,0,NULL,NULL,'V','容積法'),(794,76,'2005-12-31',90,0,NULL,NULL,'V','容積法'),(795,76,'2004-12-31',50,0,NULL,NULL,'V','\\N'),(796,76,'2005-12-31',50,0,NULL,NULL,'V','\\N'),(797,77,'2004-12-31',90,0,NULL,NULL,'V','\\N'),(798,77,'2005-12-31',90,0,'2007-02-20 10:21:23','nagaoka','V',''),(799,77,'2004-12-31',50,0,NULL,NULL,'V','全域評価'),(800,77,'2005-12-31',50,0,'2007-02-26 16:18:33','nagaoka','V',''),(801,78,'2004-12-31',90,0,NULL,NULL,'V','\\N'),(802,78,'2005-12-31',90,0,'2007-02-22 15:30:43','nagaoka','V',NULL),(803,78,'2004-12-31',50,0,NULL,NULL,'V','全域評価'),(804,78,'2005-12-31',50,0,'2007-02-26 16:20:17','nagaoka','V',NULL),(805,79,'2004-12-31',90,0,NULL,NULL,'V','\\N'),(806,79,'2005-12-31',90,0,'2007-02-22 15:34:21','nagaoka','V',NULL),(807,79,'2004-12-31',50,0,NULL,NULL,'V','全域評価'),(808,79,'2005-12-31',50,0,'2007-02-26 16:22:49','nagaoka','V',NULL),(809,80,'2004-12-31',90,0,NULL,NULL,'M','\\N'),(810,80,'2005-12-31',90,0,NULL,NULL,'M','\\N'),(811,80,'2004-12-31',50,0,NULL,NULL,'M','\\N'),(812,80,'2005-12-31',50,0,NULL,NULL,'M','\\N'),(813,81,'2005-12-31',90,0,NULL,NULL,'M','平成16年末　鉱量見直し（Sim.→減退法）'),(814,81,'2005-12-31',50,0,NULL,NULL,'M','推定＋確認ともに見直し'),(815,82,'2004-12-31',90,0,NULL,NULL,'C','\\N'),(816,82,'2005-12-31',90,0,NULL,NULL,'C','\\N'),(817,82,'2004-12-31',50,0,NULL,NULL,'C','\\N'),(818,82,'2005-12-31',50,0,NULL,NULL,'C','\\N'),(819,83,'2004-12-31',90,0,NULL,NULL,'V','\\N'),(820,83,'2005-12-31',90,0,'2007-02-26 15:34:49','nagaoka','V','MS-22 改層'),(821,83,'2004-12-31',50,0,NULL,NULL,'V','\\N'),(822,83,'2005-12-31',50,0,NULL,'nagaoka','V',NULL),(823,84,'2004-12-31',90,0,NULL,NULL,'C','\\N'),(824,84,'2005-12-31',90,0,NULL,NULL,'C','\\N'),(825,84,'2004-12-31',50,0,NULL,NULL,'C','\\N'),(826,84,'2005-12-31',50,0,NULL,NULL,'C','\\N'),(827,85,'2004-12-31',90,0,NULL,NULL,'C','\\N'),(828,85,'2005-12-31',90,0,NULL,NULL,'C','\\N'),(829,85,'2004-12-31',50,0,NULL,NULL,'C','\\N'),(830,85,'2005-12-31',50,0,NULL,NULL,'C','\\N'),(831,86,'2005-12-31',90,0,'2007-02-26 15:42:44','nagaoka','C',NULL),(832,86,'2005-12-31',50,0,NULL,'kumagai',NULL,NULL),(833,87,'2004-12-31',90,0,NULL,NULL,'M','H3/12以降生産実績無し'),(834,87,'2005-12-31',90,0,NULL,NULL,'M','H3/12以降生産実績無し'),(835,87,'2004-12-31',50,0,NULL,NULL,'\\N','評価作業準備中'),(836,87,'2005-12-31',50,0,NULL,NULL,NULL,'評価作業準備中'),(837,88,'2004-12-31',90,0,NULL,NULL,'D','H9/10保安対策実施'),(838,88,'2005-12-31',90,0,NULL,NULL,'D','H9/10保安対策実施'),(839,88,'2004-12-31',50,0,NULL,NULL,'\\N','評価作業準備中'),(840,88,'2005-12-31',50,0,NULL,NULL,NULL,'評価作業準備中'),(841,89,'2004-12-31',90,0,NULL,NULL,'V','H9/10保安対策実施'),(842,89,'2005-12-31',90,0,NULL,NULL,'V','H9/10保安対策実施'),(843,89,'2004-12-31',50,0,NULL,NULL,'\\N','評価作業準備中'),(844,89,'2005-12-31',50,0,NULL,NULL,NULL,'評価作業準備中'),(845,90,'2004-12-31',90,0,NULL,NULL,'M','\\N'),(846,90,'2005-12-31',90,0,'2008-01-10 21:21:51',NULL,'C',''),(847,90,'2004-12-31',50,0,NULL,NULL,'\\N','\\N'),(848,90,'2005-12-31',50,0,NULL,NULL,NULL,''),(849,91,'2004-12-31',90,0,NULL,NULL,'ETC','S62以降生産実績無し'),(850,91,'2005-12-31',90,0,'2008-01-10 21:23:47',NULL,'C',''),(851,91,'2004-12-31',50,0,NULL,NULL,'\\N','評価作業準備中'),(852,91,'2005-12-31',50,0,NULL,NULL,NULL,''),(853,92,'2004-12-31',90,0,NULL,NULL,'C','実績計上、推定に減退法の鉱量'),(854,92,'2005-12-31',90,0,NULL,NULL,'C','実績計上、推定に減退法の鉱量'),(855,92,'2004-12-31',50,0,NULL,NULL,'ETC','雲出SK20、H13末条件付鉱量へ計上'),(856,92,'2005-12-31',50,0,NULL,NULL,'ETC','雲出SK20、H13末条件付鉱量へ計上'),(857,93,'2004-12-31',90,0,NULL,NULL,'C','採収済'),(858,93,'2005-12-31',90,0,NULL,NULL,'C','採収済'),(859,93,'2004-12-31',50,0,NULL,NULL,'\\N','評価作業準備中'),(860,93,'2005-12-31',50,0,NULL,NULL,'\\N','評価作業準備中'),(861,94,'2004-12-31',90,0,NULL,NULL,'M','H14フォローアップ（japex150)'),(862,94,'2005-12-31',90,0,NULL,'nagaoka','M',NULL),(863,94,'2004-12-31',50,0,NULL,NULL,'M','シミュレーションスタディ結果'),(864,94,'2005-12-31',50,0,NULL,'nagaoka','M',NULL),(865,95,'2004-12-31',90,0,NULL,NULL,'M','\\N'),(866,95,'2005-12-31',90,0,NULL,NULL,'M','\\N'),(867,95,'2004-12-31',50,0,NULL,NULL,'\\N','鉱量確定'),(868,95,'2005-12-31',50,0,NULL,NULL,'\\N','鉱量確定'),(869,96,'2005-12-31',90,0,NULL,NULL,'C','南片貝SK2少量生産'),(870,96,'2005-12-31',50,0,NULL,NULL,'V',NULL),(871,97,'2004-12-31',90,0,NULL,NULL,'V','\\N'),(872,97,'2005-12-31',90,0,NULL,NULL,'V','\\N'),(873,97,'2004-12-31',50,0,NULL,NULL,'V','\\N'),(874,97,'2005-12-31',50,0,NULL,NULL,'V','\\N'),(875,98,'2004-12-31',90,0,NULL,NULL,'V','\\N'),(876,98,'2005-12-31',90,0,'2008-03-04 11:56:39',NULL,'V',''),(877,98,'2004-12-31',50,0,NULL,NULL,'V','\\N'),(878,98,'2005-12-31',50,0,NULL,NULL,'V',''),(879,99,'2004-12-31',90,0,NULL,NULL,'V','\\N'),(880,99,'2005-12-31',90,0,NULL,NULL,'V','\\N'),(881,99,'2004-12-31',50,0,NULL,NULL,'V','\\N'),(882,99,'2005-12-31',50,0,NULL,NULL,'V','\\N'),(883,100,'2005-12-31',90,0,NULL,NULL,'None','GreenTuff一括評価'),(884,100,'2005-12-31',50,0,NULL,NULL,'None','None'),(885,101,'2005-12-31',90,0,NULL,NULL,'None','GreenTuff一括評価'),(886,101,'2005-12-31',50,0,NULL,NULL,'None','None'),(887,102,'2005-12-31',90,0,NULL,NULL,'None','GreenTuff一括評価'),(888,102,'2005-12-31',50,0,NULL,NULL,'None','None'),(889,103,'2005-12-31',90,0,NULL,NULL,'V','None'),(890,103,'2005-12-31',50,0,NULL,NULL,'M','平成16年末推定 ： 20real-早期着水model'),(891,104,'2004-12-31',90,0,NULL,NULL,'V','MS-1当層低生産性により確認鉱量取り下げ'),(892,104,'2005-12-31',90,0,NULL,'jpo','C',NULL),(893,104,'2004-12-31',50,0,NULL,NULL,'V','算出方法変更なし、2002年確認鉱量を推定鉱量にランクダウン'),(894,104,'2005-12-31',50,0,'2007-03-19 15:58:16','jpo','M',NULL),(895,105,'2005-12-31',90,0,'2007-03-08 16:41:59','jpo','M',NULL),(896,105,'2005-12-31',50,0,'2007-03-19 16:00:34','jpo','M',NULL),(897,106,'2005-12-31',90,0,'2007-03-08 16:54:50','jpo','M',NULL),(898,106,'2005-12-31',50,0,'2007-03-19 16:02:09','jpo','S',NULL),(899,107,'2005-12-31',90,0,'2007-03-08 16:57:43','jpo','S',NULL),(900,107,'2005-12-31',50,0,'2007-03-19 16:05:07','jpo','S',NULL),(901,108,'2005-12-31',90,0,'2007-03-08 17:38:34','jpo','D',NULL),(902,108,'2005-12-31',50,0,'2007-03-19 16:06:13','jpo','D',NULL),(903,109,'2005-12-31',90,0,'2007-03-08 17:43:26','jpo','D',NULL),(904,109,'2005-12-31',50,0,'2007-03-19 16:07:08','jpo','D',NULL),(905,110,'2005-12-31',90,0,'2007-03-08 17:46:22','jpo','D',NULL),(906,110,'2005-12-31',50,0,'2007-03-19 16:07:53','jpo','D',NULL),(907,111,'2005-12-31',90,0,'2007-03-09 10:53:38','jpo','D',NULL),(908,111,'2005-12-31',50,0,'2007-03-19 16:09:06','jpo','D',NULL),(909,112,'2005-12-31',90,0,'2007-03-09 12:12:42','jpo','M',NULL),(910,112,'2005-12-31',50,0,'2007-03-19 16:12:05','jpo','M',NULL),(911,113,'2005-12-31',90,0,'2007-03-09 16:37:03','jpo','M',NULL),(912,113,'2005-12-31',50,0,'2007-03-19 16:13:53','jpo','M',NULL),(913,114,'2004-12-31',90,0,NULL,NULL,'C','2003/2廃層'),(914,114,'2005-12-31',90,0,NULL,'jpo','C',NULL),(915,114,'2004-12-31',50,0,NULL,NULL,'C','2003/2廃層'),(916,114,'2005-12-31',50,0,NULL,'jpo','C',NULL),(917,116,'1959-12-31',90,0,NULL,NULL,'C','\\N'),(918,116,'1960-12-31',90,0,NULL,NULL,'C','\\N'),(919,116,'1961-12-31',90,0,NULL,NULL,'C','\\N'),(920,116,'1962-12-31',90,0,NULL,NULL,'C','\\N'),(921,116,'1963-12-31',90,0,NULL,NULL,'C','\\N'),(922,116,'1964-12-31',90,0,NULL,NULL,'C','\\N'),(923,116,'1965-12-31',90,0,NULL,NULL,'C','\\N'),(924,116,'1966-12-31',90,0,NULL,NULL,'C','\\N'),(925,116,'1967-12-31',90,0,NULL,NULL,'C','\\N'),(926,116,'1968-12-31',90,0,NULL,NULL,'C','\\N'),(927,116,'1969-12-31',90,0,NULL,NULL,'C','\\N'),(928,116,'1970-12-31',90,0,NULL,NULL,'C','\\N'),(929,116,'1971-12-31',90,0,NULL,NULL,'C','\\N'),(930,116,'1972-12-31',90,0,NULL,NULL,'C','\\N'),(931,116,'1973-12-31',90,0,NULL,NULL,'C','\\N'),(932,116,'1974-12-31',90,0,NULL,NULL,'C','\\N'),(933,116,'1975-12-31',90,0,NULL,NULL,'C','\\N'),(934,116,'1976-12-31',90,0,NULL,NULL,'C','\\N'),(935,116,'1977-12-31',90,0,NULL,NULL,'C','\\N'),(936,116,'1978-12-31',90,0,NULL,NULL,'C','\\N'),(937,116,'1979-12-31',90,0,NULL,NULL,'C','\\N'),(938,116,'1980-12-31',90,0,NULL,NULL,'C','\\N'),(939,116,'1981-12-31',90,0,NULL,NULL,'C','\\N'),(940,116,'1982-12-31',90,0,NULL,NULL,'C','\\N'),(941,116,'1983-12-31',90,0,NULL,NULL,'C','\\N'),(942,116,'1984-12-31',90,0,NULL,NULL,'C','\\N'),(943,116,'1985-12-31',90,0,NULL,NULL,'C','\\N'),(944,116,'1986-12-31',90,0,NULL,NULL,'C','\\N'),(945,116,'1987-12-31',90,0,NULL,NULL,'C','\\N'),(946,116,'1988-12-31',90,0,NULL,NULL,'C','\\N'),(947,116,'1989-12-31',90,0,NULL,NULL,'C','\\N'),(948,116,'1990-12-31',90,0,NULL,NULL,'C','\\N'),(949,116,'1991-12-31',90,0,NULL,NULL,'C','\\N'),(950,116,'1992-12-31',90,0,NULL,NULL,'C','\\N'),(951,116,'1993-12-31',90,0,NULL,NULL,'C','\\N'),(952,116,'1994-12-31',90,0,NULL,NULL,'C','\\N'),(953,116,'1995-12-31',90,0,NULL,NULL,'C','\\N'),(954,116,'1996-12-31',90,0,NULL,NULL,'C','\\N'),(955,116,'1997-12-31',90,0,NULL,NULL,'C','\\N'),(956,116,'1998-12-31',90,0,NULL,NULL,'C','\\N'),(957,116,'1999-12-31',90,0,NULL,NULL,'C','\\N'),(958,116,'2000-12-31',90,0,NULL,NULL,'C','\\N'),(959,116,'2001-12-31',90,0,NULL,NULL,'C','\\N'),(960,116,'2002-12-31',90,0,NULL,NULL,'C','\\N'),(961,116,'2003-12-31',90,0,NULL,NULL,'C','\\N'),(962,116,'2004-12-31',90,0,NULL,NULL,'C','\\N'),(963,116,'2005-12-31',90,0,NULL,NULL,'C','\\N'),(964,117,'2004-12-31',90,0,NULL,NULL,'C','ない'),(965,117,'2005-12-31',90,0,NULL,NULL,'C','ない'),(966,117,'2004-12-31',50,0,NULL,NULL,'C','ない'),(967,117,'2005-12-31',50,0,NULL,NULL,'C','ない'),(968,118,'1993-12-31',90,0,NULL,NULL,'C','\\N'),(969,118,'1994-12-31',90,0,NULL,NULL,'C','\\N'),(970,118,'1995-12-31',90,0,NULL,NULL,'C','\\N'),(971,118,'1996-12-31',90,0,NULL,NULL,'C','\\N'),(972,118,'1997-12-31',90,0,NULL,NULL,'C','\\N'),(973,118,'1998-12-31',90,0,NULL,NULL,'C','\\N'),(974,118,'1999-12-31',90,0,NULL,NULL,'C','\\N'),(975,118,'2000-12-31',90,0,NULL,NULL,'C','\\N'),(976,118,'2001-12-31',90,0,NULL,NULL,'C','\\N'),(977,118,'2002-12-31',90,0,NULL,NULL,'C','\\N'),(978,118,'2003-12-31',90,0,NULL,NULL,'C','\\N'),(979,118,'2004-12-31',90,0,NULL,NULL,'C','\\N'),(980,118,'2005-12-31',90,0,NULL,NULL,'C','\\N'),(981,119,'1972-12-31',90,0,NULL,NULL,'C','\\N'),(982,119,'1973-12-31',90,0,NULL,NULL,'C','\\N'),(983,119,'1974-12-31',90,0,NULL,NULL,'C','\\N'),(984,119,'1975-12-31',90,0,NULL,NULL,'C','\\N'),(985,119,'1976-12-31',90,0,NULL,NULL,'C','\\N'),(986,119,'1977-12-31',90,0,NULL,NULL,'C','\\N'),(987,119,'1978-12-31',90,0,NULL,NULL,'C','\\N'),(988,119,'1979-12-31',90,0,NULL,NULL,'C','\\N'),(989,119,'1980-12-31',90,0,NULL,NULL,'C','\\N'),(990,119,'1981-12-31',90,0,NULL,NULL,'C','\\N'),(991,119,'1982-12-31',90,0,NULL,NULL,'C','\\N'),(992,119,'1983-12-31',90,0,NULL,NULL,'C','\\N'),(993,119,'1984-12-31',90,0,NULL,NULL,'C','\\N'),(994,119,'1985-12-31',90,0,NULL,NULL,'C','\\N'),(995,119,'1986-12-31',90,0,NULL,NULL,'C','\\N'),(996,119,'1987-12-31',90,0,NULL,NULL,'C','\\N'),(997,119,'1988-12-31',90,0,NULL,NULL,'C','\\N'),(998,119,'1989-12-31',90,0,NULL,NULL,'C','\\N'),(999,119,'1990-12-31',90,0,NULL,NULL,'C','\\N'),(1000,119,'1991-12-31',90,0,NULL,NULL,'C','\\N'),(1001,119,'1992-12-31',90,0,NULL,NULL,'C','\\N'),(1002,119,'1993-12-31',90,0,NULL,NULL,'C','\\N'),(1003,119,'1994-12-31',90,0,NULL,NULL,'C','\\N'),(1004,119,'1995-12-31',90,0,NULL,NULL,'C','\\N'),(1005,119,'1996-12-31',90,0,NULL,NULL,'C','\\N'),(1006,119,'1997-12-31',90,0,NULL,NULL,'C','\\N'),(1007,119,'1998-12-31',90,0,NULL,NULL,'C','\\N'),(1008,119,'1999-12-31',90,0,NULL,NULL,'C','\\N'),(1009,119,'2000-12-31',90,0,NULL,NULL,'C','\\N'),(1010,119,'2001-12-31',90,0,NULL,NULL,'C','\\N'),(1011,119,'2002-12-31',90,0,NULL,NULL,'C','\\N'),(1012,119,'2003-12-31',90,0,NULL,NULL,'C','\\N'),(1013,119,'2004-12-31',90,0,NULL,NULL,'C','\\N'),(1014,119,'2005-12-31',90,0,NULL,NULL,'C','\\N'),(1015,120,'1967-12-31',90,0,NULL,NULL,'C','\\N'),(1016,120,'1968-12-31',90,0,NULL,NULL,'C','\\N'),(1017,120,'1969-12-31',90,0,NULL,NULL,'C','\\N'),(1018,120,'1970-12-31',90,0,NULL,NULL,'C','\\N'),(1019,120,'1971-12-31',90,0,NULL,NULL,'C','\\N'),(1020,120,'1972-12-31',90,0,NULL,NULL,'C','\\N'),(1021,120,'1973-12-31',90,0,NULL,NULL,'C','\\N'),(1022,120,'1974-12-31',90,0,NULL,NULL,'C','\\N'),(1023,120,'1975-12-31',90,0,NULL,NULL,'C','\\N'),(1024,120,'1976-12-31',90,0,NULL,NULL,'C','\\N'),(1025,120,'1977-12-31',90,0,NULL,NULL,'C','\\N'),(1026,120,'1978-12-31',90,0,NULL,NULL,'C','\\N'),(1027,120,'1979-12-31',90,0,NULL,NULL,'C','\\N'),(1028,120,'1980-12-31',90,0,NULL,NULL,'C','\\N'),(1029,120,'1981-12-31',90,0,NULL,NULL,'C','\\N'),(1030,120,'1982-12-31',90,0,NULL,NULL,'C','\\N'),(1031,120,'1983-12-31',90,0,NULL,NULL,'C','\\N'),(1032,120,'1984-12-31',90,0,NULL,NULL,'C','\\N'),(1033,120,'1985-12-31',90,0,NULL,NULL,'C','\\N'),(1034,120,'1986-12-31',90,0,NULL,NULL,'C','\\N'),(1035,120,'1987-12-31',90,0,NULL,NULL,'C','\\N'),(1036,120,'1988-12-31',90,0,NULL,NULL,'C','\\N'),(1037,120,'1989-12-31',90,0,NULL,NULL,'C','\\N'),(1038,120,'1990-12-31',90,0,NULL,NULL,'C','\\N'),(1039,120,'1991-12-31',90,0,NULL,NULL,'C','\\N'),(1040,120,'1992-12-31',90,0,NULL,NULL,'C','\\N'),(1041,120,'1993-12-31',90,0,NULL,NULL,'C','\\N'),(1042,120,'1994-12-31',90,0,NULL,NULL,'C','\\N'),(1043,120,'1995-12-31',90,0,NULL,NULL,'C','\\N'),(1044,120,'1996-12-31',90,0,NULL,NULL,'C','\\N'),(1045,120,'1997-12-31',90,0,NULL,NULL,'C','\\N'),(1046,120,'1998-12-31',90,0,NULL,NULL,'C','\\N'),(1047,120,'1999-12-31',90,0,NULL,NULL,'C','\\N'),(1048,120,'2000-12-31',90,0,NULL,NULL,'C','\\N'),(1049,120,'2001-12-31',90,0,NULL,NULL,'C','\\N'),(1050,120,'2002-12-31',90,0,NULL,NULL,'C','\\N'),(1051,120,'2003-12-31',90,0,NULL,NULL,'C','\\N'),(1052,120,'2004-12-31',90,0,NULL,NULL,'C','\\N'),(1053,120,'2005-12-31',90,0,NULL,NULL,'C','\\N'),(1054,121,'1978-12-31',90,0,NULL,NULL,'C','\\N'),(1055,121,'1979-12-31',90,0,NULL,NULL,'C','\\N'),(1056,121,'1980-12-31',90,0,NULL,NULL,'C','\\N'),(1057,121,'1981-12-31',90,0,NULL,NULL,'C','\\N'),(1058,121,'1982-12-31',90,0,NULL,NULL,'C','\\N'),(1059,121,'1983-12-31',90,0,NULL,NULL,'C','\\N'),(1060,121,'1984-12-31',90,0,NULL,NULL,'C','\\N'),(1061,121,'1985-12-31',90,0,NULL,NULL,'C','\\N'),(1062,121,'1986-12-31',90,0,NULL,NULL,'C','\\N'),(1063,121,'1987-12-31',90,0,NULL,NULL,'C','\\N'),(1064,121,'1988-12-31',90,0,NULL,NULL,'C','\\N'),(1065,121,'1989-12-31',90,0,NULL,NULL,'C','\\N'),(1066,121,'1990-12-31',90,0,NULL,NULL,'C','\\N'),(1067,121,'1991-12-31',90,0,NULL,NULL,'C','\\N'),(1068,121,'1992-12-31',90,0,NULL,NULL,'C','\\N'),(1069,121,'1993-12-31',90,0,NULL,NULL,'C','\\N'),(1070,121,'1994-12-31',90,0,NULL,NULL,'C','\\N'),(1071,121,'1995-12-31',90,0,NULL,NULL,'C','\\N'),(1072,121,'1996-12-31',90,0,NULL,NULL,'C','\\N'),(1073,121,'1997-12-31',90,0,NULL,NULL,'C','\\N'),(1074,121,'1998-12-31',90,0,NULL,NULL,'C','\\N'),(1075,121,'1999-12-31',90,0,NULL,NULL,'C','\\N'),(1076,121,'2000-12-31',90,0,NULL,NULL,'C','\\N'),(1077,121,'2001-12-31',90,0,NULL,NULL,'C','\\N'),(1078,121,'2002-12-31',90,0,NULL,NULL,'C','\\N'),(1079,121,'2003-12-31',90,0,NULL,NULL,'C','\\N'),(1080,121,'2004-12-31',90,0,NULL,NULL,'C','\\N'),(1081,121,'2005-12-31',90,0,NULL,NULL,'C','\\N'),(1082,122,'1965-12-31',90,0,NULL,NULL,'C','\\N'),(1083,122,'1966-12-31',90,0,NULL,NULL,'C','\\N'),(1084,122,'1967-12-31',90,0,NULL,NULL,'C','\\N'),(1085,122,'1968-12-31',90,0,NULL,NULL,'C','\\N'),(1086,122,'1969-12-31',90,0,NULL,NULL,'C','\\N'),(1087,122,'1970-12-31',90,0,NULL,NULL,'C','\\N'),(1088,122,'1971-12-31',90,0,NULL,NULL,'C','\\N'),(1089,122,'1972-12-31',90,0,NULL,NULL,'C','\\N'),(1090,122,'1973-12-31',90,0,NULL,NULL,'C','\\N'),(1091,122,'1974-12-31',90,0,NULL,NULL,'C','\\N'),(1092,122,'1975-12-31',90,0,NULL,NULL,'C','\\N'),(1093,122,'1976-12-31',90,0,NULL,NULL,'C','\\N'),(1094,122,'1977-12-31',90,0,NULL,NULL,'C','\\N'),(1095,122,'1978-12-31',90,0,NULL,NULL,'C','\\N'),(1096,122,'1979-12-31',90,0,NULL,NULL,'C','\\N'),(1097,122,'1980-12-31',90,0,NULL,NULL,'C','\\N'),(1098,122,'1981-12-31',90,0,NULL,NULL,'C','\\N'),(1099,122,'1982-12-31',90,0,NULL,NULL,'C','\\N'),(1100,122,'1983-12-31',90,0,NULL,NULL,'C','\\N'),(1101,122,'1984-12-31',90,0,NULL,NULL,'C','\\N'),(1102,122,'1985-12-31',90,0,NULL,NULL,'C','\\N'),(1103,122,'1986-12-31',90,0,NULL,NULL,'C','\\N'),(1104,122,'1987-12-31',90,0,NULL,NULL,'C','\\N'),(1105,122,'1988-12-31',90,0,NULL,NULL,'C','\\N'),(1106,122,'1989-12-31',90,0,NULL,NULL,'C','\\N'),(1107,122,'1990-12-31',90,0,NULL,NULL,'C','\\N'),(1108,122,'1991-12-31',90,0,NULL,NULL,'C','\\N'),(1109,122,'1992-12-31',90,0,NULL,NULL,'C','\\N'),(1110,122,'1993-12-31',90,0,NULL,NULL,'C','\\N'),(1111,122,'1994-12-31',90,0,NULL,NULL,'C','\\N'),(1112,122,'1995-12-31',90,0,NULL,NULL,'C','\\N'),(1113,122,'1996-12-31',90,0,NULL,NULL,'C','\\N'),(1114,122,'1997-12-31',90,0,NULL,NULL,'C','\\N'),(1115,122,'1998-12-31',90,0,NULL,NULL,'C','\\N'),(1116,122,'1999-12-31',90,0,NULL,NULL,'C','\\N'),(1117,122,'2000-12-31',90,0,NULL,NULL,'C','\\N'),(1118,122,'2001-12-31',90,0,NULL,NULL,'C','\\N'),(1119,122,'2002-12-31',90,0,NULL,NULL,'C','\\N'),(1120,122,'2003-12-31',90,0,NULL,NULL,'C','\\N'),(1121,122,'2004-12-31',90,0,NULL,NULL,'C','\\N'),(1122,122,'2005-12-31',90,0,NULL,NULL,'C','\\N'),(1123,123,'1975-12-31',90,0,NULL,NULL,'C','\\N'),(1124,123,'1976-12-31',90,0,NULL,NULL,'C','\\N'),(1125,123,'1977-12-31',90,0,NULL,NULL,'C','\\N'),(1126,123,'1978-12-31',90,0,NULL,NULL,'C','\\N'),(1127,123,'1979-12-31',90,0,NULL,NULL,'C','\\N'),(1128,123,'1980-12-31',90,0,NULL,NULL,'C','\\N'),(1129,123,'1981-12-31',90,0,NULL,NULL,'C','\\N'),(1130,123,'1982-12-31',90,0,NULL,NULL,'C','\\N'),(1131,123,'1983-12-31',90,0,NULL,NULL,'C','\\N'),(1132,123,'1984-12-31',90,0,NULL,NULL,'C','\\N'),(1133,123,'1985-12-31',90,0,NULL,NULL,'C','\\N'),(1134,123,'1986-12-31',90,0,NULL,NULL,'C','\\N'),(1135,123,'1987-12-31',90,0,NULL,NULL,'C','\\N'),(1136,123,'1988-12-31',90,0,NULL,NULL,'C','\\N'),(1137,123,'1989-12-31',90,0,NULL,NULL,'C','\\N'),(1138,123,'1990-12-31',90,0,NULL,NULL,'C','\\N'),(1139,123,'1991-12-31',90,0,NULL,NULL,'C','\\N'),(1140,123,'1992-12-31',90,0,NULL,NULL,'C','\\N'),(1141,123,'1993-12-31',90,0,NULL,NULL,'C','\\N'),(1142,123,'1994-12-31',90,0,NULL,NULL,'C','\\N'),(1143,123,'1995-12-31',90,0,NULL,NULL,'C','\\N'),(1144,123,'1996-12-31',90,0,NULL,NULL,'C','\\N'),(1145,123,'1997-12-31',90,0,NULL,NULL,'C','\\N'),(1146,123,'1998-12-31',90,0,NULL,NULL,'C','\\N'),(1147,123,'1999-12-31',90,0,NULL,NULL,'C','\\N'),(1148,123,'2000-12-31',90,0,NULL,NULL,'C','\\N'),(1149,123,'2001-12-31',90,0,NULL,NULL,'C','\\N'),(1150,123,'2002-12-31',90,0,NULL,NULL,'C','\\N'),(1151,123,'2003-12-31',90,0,NULL,NULL,'C','\\N'),(1152,123,'2004-12-31',90,0,NULL,NULL,'C','\\N'),(1153,123,'2005-12-31',90,0,NULL,NULL,'C','\\N'),(1154,124,'1964-12-31',90,0,NULL,NULL,'C','\\N'),(1155,124,'1965-12-31',90,0,NULL,NULL,'C','\\N'),(1156,124,'1966-12-31',90,0,NULL,NULL,'C','\\N'),(1157,124,'1967-12-31',90,0,NULL,NULL,'C','\\N'),(1158,124,'1968-12-31',90,0,NULL,NULL,'C','\\N'),(1159,124,'1969-12-31',90,0,NULL,NULL,'C','\\N'),(1160,124,'1970-12-31',90,0,NULL,NULL,'C','\\N'),(1161,124,'1971-12-31',90,0,NULL,NULL,'C','\\N'),(1162,124,'1972-12-31',90,0,NULL,NULL,'C','\\N'),(1163,124,'1973-12-31',90,0,NULL,NULL,'C','\\N'),(1164,124,'1974-12-31',90,0,NULL,NULL,'C','\\N'),(1165,124,'1975-12-31',90,0,NULL,NULL,'C','\\N'),(1166,124,'1976-12-31',90,0,NULL,NULL,'C','\\N'),(1167,124,'1977-12-31',90,0,NULL,NULL,'C','\\N'),(1168,124,'1978-12-31',90,0,NULL,NULL,'C','\\N'),(1169,124,'1979-12-31',90,0,NULL,NULL,'C','\\N'),(1170,124,'1980-12-31',90,0,NULL,NULL,'C','\\N'),(1171,124,'1981-12-31',90,0,NULL,NULL,'C','\\N'),(1172,124,'1982-12-31',90,0,NULL,NULL,'C','\\N'),(1173,124,'1983-12-31',90,0,NULL,NULL,'C','\\N'),(1174,124,'1984-12-31',90,0,NULL,NULL,'C','\\N'),(1175,124,'1985-12-31',90,0,NULL,NULL,'C','\\N'),(1176,124,'1986-12-31',90,0,NULL,NULL,'C','\\N'),(1177,124,'1987-12-31',90,0,NULL,NULL,'C','\\N'),(1178,124,'1988-12-31',90,0,NULL,NULL,'C','\\N'),(1179,124,'1989-12-31',90,0,NULL,NULL,'C','\\N'),(1180,124,'1990-12-31',90,0,NULL,NULL,'C','\\N'),(1181,124,'1991-12-31',90,0,NULL,NULL,'C','\\N'),(1182,124,'1992-12-31',90,0,NULL,NULL,'C','\\N'),(1183,124,'1993-12-31',90,0,NULL,NULL,'C','\\N'),(1184,124,'1994-12-31',90,0,NULL,NULL,'C','\\N'),(1185,124,'1995-12-31',90,0,NULL,NULL,'C','\\N'),(1186,124,'1996-12-31',90,0,NULL,NULL,'C','\\N'),(1187,124,'1997-12-31',90,0,NULL,NULL,'C','\\N'),(1188,124,'1998-12-31',90,0,NULL,NULL,'C','\\N'),(1189,124,'1999-12-31',90,0,NULL,NULL,'C','\\N'),(1190,124,'2000-12-31',90,0,NULL,NULL,'C','\\N'),(1191,124,'2001-12-31',90,0,NULL,NULL,'C','\\N'),(1192,124,'2002-12-31',90,0,NULL,NULL,'C','\\N'),(1193,124,'2003-12-31',90,0,NULL,NULL,'C','\\N'),(1194,124,'2004-12-31',90,0,NULL,NULL,'C','\\N'),(1195,124,'2005-12-31',90,0,NULL,NULL,'C','\\N'),(1196,125,'1962-12-31',90,0,NULL,NULL,'C','\\N'),(1197,125,'1963-12-31',90,0,NULL,NULL,'C','\\N'),(1198,125,'1964-12-31',90,0,NULL,NULL,'C','\\N'),(1199,125,'1965-12-31',90,0,NULL,NULL,'C','\\N'),(1200,125,'1966-12-31',90,0,NULL,NULL,'C','\\N'),(1201,125,'1967-12-31',90,0,NULL,NULL,'C','\\N'),(1202,125,'1968-12-31',90,0,NULL,NULL,'C','\\N'),(1203,125,'1969-12-31',90,0,NULL,NULL,'C','\\N'),(1204,125,'1970-12-31',90,0,NULL,NULL,'C','\\N'),(1205,125,'1971-12-31',90,0,NULL,NULL,'C','\\N'),(1206,125,'1972-12-31',90,0,NULL,NULL,'C','\\N'),(1207,125,'1973-12-31',90,0,NULL,NULL,'C','\\N'),(1208,125,'1974-12-31',90,0,NULL,NULL,'C','\\N'),(1209,125,'1975-12-31',90,0,NULL,NULL,'C','\\N'),(1210,125,'1976-12-31',90,0,NULL,NULL,'C','\\N'),(1211,125,'1977-12-31',90,0,NULL,NULL,'C','\\N'),(1212,125,'1978-12-31',90,0,NULL,NULL,'C','\\N'),(1213,125,'1979-12-31',90,0,NULL,NULL,'C','\\N'),(1214,125,'1980-12-31',90,0,NULL,NULL,'C','\\N'),(1215,125,'1981-12-31',90,0,NULL,NULL,'C','\\N'),(1216,125,'1982-12-31',90,0,NULL,NULL,'C','\\N'),(1217,125,'1983-12-31',90,0,NULL,NULL,'C','\\N'),(1218,125,'1984-12-31',90,0,NULL,NULL,'C','\\N'),(1219,125,'1985-12-31',90,0,NULL,NULL,'C','\\N'),(1220,125,'1986-12-31',90,0,NULL,NULL,'C','\\N'),(1221,125,'1987-12-31',90,0,NULL,NULL,'C','\\N'),(1222,125,'1988-12-31',90,0,NULL,NULL,'C','\\N'),(1223,125,'1989-12-31',90,0,NULL,NULL,'C','\\N'),(1224,125,'1990-12-31',90,0,NULL,NULL,'C','\\N'),(1225,125,'1991-12-31',90,0,NULL,NULL,'C','\\N'),(1226,125,'1992-12-31',90,0,NULL,NULL,'C','\\N'),(1227,125,'1993-12-31',90,0,NULL,NULL,'C','\\N'),(1228,125,'1994-12-31',90,0,NULL,NULL,'C','\\N'),(1229,125,'1995-12-31',90,0,NULL,NULL,'C','\\N'),(1230,125,'1996-12-31',90,0,NULL,NULL,'C','\\N'),(1231,125,'1997-12-31',90,0,NULL,NULL,'C','\\N'),(1232,125,'1998-12-31',90,0,NULL,NULL,'C','\\N'),(1233,125,'1999-12-31',90,0,NULL,NULL,'C','\\N'),(1234,125,'2000-12-31',90,0,NULL,NULL,'C','\\N'),(1235,125,'2001-12-31',90,0,NULL,NULL,'C','\\N'),(1236,125,'2002-12-31',90,0,NULL,NULL,'C','\\N'),(1237,125,'2003-12-31',90,0,NULL,NULL,'C','\\N'),(1238,125,'2004-12-31',90,0,NULL,NULL,'C','\\N'),(1239,125,'2005-12-31',90,0,NULL,NULL,'C','\\N'),(1240,126,'1967-12-31',90,0,NULL,NULL,'C','\\N'),(1241,126,'1968-12-31',90,0,NULL,NULL,'C','\\N'),(1242,126,'1969-12-31',90,0,NULL,NULL,'C','\\N'),(1243,126,'1970-12-31',90,0,NULL,NULL,'C','\\N'),(1244,126,'1971-12-31',90,0,NULL,NULL,'C','\\N'),(1245,126,'1972-12-31',90,0,NULL,NULL,'C','\\N'),(1246,126,'1973-12-31',90,0,NULL,NULL,'C','\\N'),(1247,126,'1974-12-31',90,0,NULL,NULL,'C','\\N'),(1248,126,'1975-12-31',90,0,NULL,NULL,'C','\\N'),(1249,126,'1976-12-31',90,0,NULL,NULL,'C','\\N'),(1250,126,'1977-12-31',90,0,NULL,NULL,'C','\\N'),(1251,126,'1978-12-31',90,0,NULL,NULL,'C','\\N'),(1252,126,'1979-12-31',90,0,NULL,NULL,'C','\\N'),(1253,126,'1980-12-31',90,0,NULL,NULL,'C','\\N'),(1254,126,'1981-12-31',90,0,NULL,NULL,'C','\\N'),(1255,126,'1982-12-31',90,0,NULL,NULL,'C','\\N'),(1256,126,'1983-12-31',90,0,NULL,NULL,'C','\\N'),(1257,126,'1984-12-31',90,0,NULL,NULL,'C','\\N'),(1258,126,'1985-12-31',90,0,NULL,NULL,'C','\\N'),(1259,126,'1986-12-31',90,0,NULL,NULL,'C','\\N'),(1260,126,'1987-12-31',90,0,NULL,NULL,'C','\\N'),(1261,126,'1988-12-31',90,0,NULL,NULL,'C','\\N'),(1262,126,'1989-12-31',90,0,NULL,NULL,'C','\\N'),(1263,126,'1990-12-31',90,0,NULL,NULL,'C','\\N'),(1264,126,'1991-12-31',90,0,NULL,NULL,'C','\\N'),(1265,126,'1992-12-31',90,0,NULL,NULL,'C','\\N'),(1266,126,'1993-12-31',90,0,NULL,NULL,'C','\\N'),(1267,126,'1994-12-31',90,0,NULL,NULL,'C','\\N'),(1268,126,'1995-12-31',90,0,NULL,NULL,'C','\\N'),(1269,126,'1996-12-31',90,0,NULL,NULL,'C','\\N'),(1270,126,'1997-12-31',90,0,NULL,NULL,'C','\\N'),(1271,126,'1998-12-31',90,0,NULL,NULL,'C','\\N'),(1272,126,'1999-12-31',90,0,NULL,NULL,'C','\\N'),(1273,126,'2000-12-31',90,0,NULL,NULL,'C','\\N'),(1274,126,'2001-12-31',90,0,NULL,NULL,'C','\\N'),(1275,126,'2002-12-31',90,0,NULL,NULL,'C','\\N'),(1276,126,'2003-12-31',90,0,NULL,NULL,'C','\\N'),(1277,126,'2004-12-31',90,0,NULL,NULL,'C','\\N'),(1278,126,'2005-12-31',90,0,NULL,NULL,'C','\\N'),(1279,127,'1957-12-31',90,0,NULL,NULL,'C','\\N'),(1280,127,'1958-12-31',90,0,NULL,NULL,'C','\\N'),(1281,127,'1959-12-31',90,0,NULL,NULL,'C','\\N'),(1282,127,'1960-12-31',90,0,NULL,NULL,'C','\\N'),(1283,127,'1961-12-31',90,0,NULL,NULL,'C','\\N'),(1284,127,'1962-12-31',90,0,NULL,NULL,'C','\\N'),(1285,127,'1963-12-31',90,0,NULL,NULL,'C','\\N'),(1286,127,'1964-12-31',90,0,NULL,NULL,'C','\\N'),(1287,127,'1965-12-31',90,0,NULL,NULL,'C','\\N'),(1288,127,'1966-12-31',90,0,NULL,NULL,'C','\\N'),(1289,127,'1967-12-31',90,0,NULL,NULL,'C','\\N'),(1290,127,'1968-12-31',90,0,NULL,NULL,'C','\\N'),(1291,127,'1969-12-31',90,0,NULL,NULL,'C','\\N'),(1292,127,'1970-12-31',90,0,NULL,NULL,'C','\\N'),(1293,127,'1971-12-31',90,0,NULL,NULL,'C','\\N'),(1294,127,'1972-12-31',90,0,NULL,NULL,'C','\\N'),(1295,127,'1973-12-31',90,0,NULL,NULL,'C','\\N'),(1296,127,'1974-12-31',90,0,NULL,NULL,'C','\\N'),(1297,127,'1975-12-31',90,0,NULL,NULL,'C','\\N'),(1298,127,'1976-12-31',90,0,NULL,NULL,'C','\\N'),(1299,127,'1977-12-31',90,0,NULL,NULL,'C','\\N'),(1300,127,'1978-12-31',90,0,NULL,NULL,'C','\\N'),(1301,127,'1979-12-31',90,0,NULL,NULL,'C','\\N'),(1302,127,'1980-12-31',90,0,NULL,NULL,'C','\\N'),(1303,127,'1981-12-31',90,0,NULL,NULL,'C','\\N'),(1304,127,'1982-12-31',90,0,NULL,NULL,'C','\\N'),(1305,127,'1983-12-31',90,0,NULL,NULL,'C','\\N'),(1306,127,'1984-12-31',90,0,NULL,NULL,'C','\\N'),(1307,127,'1985-12-31',90,0,NULL,NULL,'C','\\N'),(1308,127,'1986-12-31',90,0,NULL,NULL,'C','\\N'),(1309,127,'1987-12-31',90,0,NULL,NULL,'C','\\N'),(1310,127,'1988-12-31',90,0,NULL,NULL,'C','\\N'),(1311,127,'1989-12-31',90,0,NULL,NULL,'C','\\N'),(1312,127,'1990-12-31',90,0,NULL,NULL,'C','\\N'),(1313,127,'1991-12-31',90,0,NULL,NULL,'C','\\N'),(1314,127,'1992-12-31',90,0,NULL,NULL,'C','\\N'),(1315,127,'1993-12-31',90,0,NULL,NULL,'C','\\N'),(1316,127,'1994-12-31',90,0,NULL,NULL,'C','\\N'),(1317,127,'1995-12-31',90,0,NULL,NULL,'C','\\N'),(1318,127,'1996-12-31',90,0,NULL,NULL,'C','\\N'),(1319,127,'1997-12-31',90,0,NULL,NULL,'C','\\N'),(1320,127,'1998-12-31',90,0,NULL,NULL,'C','\\N'),(1321,127,'1999-12-31',90,0,NULL,NULL,'C','\\N'),(1322,127,'2000-12-31',90,0,NULL,NULL,'C','\\N'),(1323,127,'2001-12-31',90,0,NULL,NULL,'C','\\N'),(1324,127,'2002-12-31',90,0,NULL,NULL,'C','\\N'),(1325,127,'2003-12-31',90,0,NULL,NULL,'C','\\N'),(1326,127,'2004-12-31',90,0,NULL,NULL,'C','\\N'),(1327,127,'2005-12-31',90,0,NULL,NULL,'C','\\N'),(1328,128,'1980-12-31',90,0,NULL,NULL,'C','\\N'),(1329,128,'1981-12-31',90,0,NULL,NULL,'C','\\N'),(1330,128,'1982-12-31',90,0,NULL,NULL,'C','\\N'),(1331,128,'1983-12-31',90,0,NULL,NULL,'C','\\N'),(1332,128,'1984-12-31',90,0,NULL,NULL,'C','\\N'),(1333,128,'1985-12-31',90,0,NULL,NULL,'C','\\N'),(1334,128,'1986-12-31',90,0,NULL,NULL,'C','\\N'),(1335,128,'1987-12-31',90,0,NULL,NULL,'C','\\N'),(1336,128,'1988-12-31',90,0,NULL,NULL,'C','\\N'),(1337,128,'1989-12-31',90,0,NULL,NULL,'C','\\N'),(1338,128,'1990-12-31',90,0,NULL,NULL,'C','\\N'),(1339,128,'1991-12-31',90,0,NULL,NULL,'C','\\N'),(1340,128,'1992-12-31',90,0,NULL,NULL,'C','\\N'),(1341,128,'1993-12-31',90,0,NULL,NULL,'C','\\N'),(1342,128,'1994-12-31',90,0,NULL,NULL,'C','\\N'),(1343,128,'1995-12-31',90,0,NULL,NULL,'C','\\N'),(1344,128,'1996-12-31',90,0,NULL,NULL,'C','\\N'),(1345,128,'1997-12-31',90,0,NULL,NULL,'C','\\N'),(1346,128,'1998-12-31',90,0,NULL,NULL,'C','\\N'),(1347,128,'1999-12-31',90,0,NULL,NULL,'C','\\N'),(1348,128,'2000-12-31',90,0,NULL,NULL,'C','\\N'),(1349,128,'2001-12-31',90,0,NULL,NULL,'C','\\N'),(1350,128,'2002-12-31',90,0,NULL,NULL,'C','\\N'),(1351,128,'2003-12-31',90,0,NULL,NULL,'C','\\N'),(1352,128,'2004-12-31',90,0,NULL,NULL,'C','\\N'),(1353,128,'2005-12-31',90,0,NULL,NULL,'C','\\N'),(1354,129,'1988-12-31',90,0,NULL,NULL,'C','\\N'),(1355,129,'1989-12-31',90,0,NULL,NULL,'C','\\N'),(1356,129,'1990-12-31',90,0,NULL,NULL,'C','\\N'),(1357,129,'1991-12-31',90,0,NULL,NULL,'C','\\N'),(1358,129,'1992-12-31',90,0,NULL,NULL,'C','\\N'),(1359,129,'1993-12-31',90,0,NULL,NULL,'C','\\N'),(1360,129,'1994-12-31',90,0,NULL,NULL,'C','\\N'),(1361,129,'1995-12-31',90,0,NULL,NULL,'C','\\N'),(1362,129,'1996-12-31',90,0,NULL,NULL,'C','\\N'),(1363,129,'1997-12-31',90,0,NULL,NULL,'C','\\N'),(1364,129,'1998-12-31',90,0,NULL,NULL,'C','\\N'),(1365,129,'1999-12-31',90,0,NULL,NULL,'C','\\N'),(1366,129,'2000-12-31',90,0,NULL,NULL,'C','\\N'),(1367,129,'2001-12-31',90,0,NULL,NULL,'C','\\N'),(1368,129,'2002-12-31',90,0,NULL,NULL,'C','\\N'),(1369,129,'2003-12-31',90,0,NULL,NULL,'C','\\N'),(1370,129,'2004-12-31',90,0,NULL,NULL,'C','\\N'),(1371,129,'2005-12-31',90,0,NULL,NULL,'C','\\N'),(1372,130,'1963-12-31',90,0,NULL,NULL,'C','\\N'),(1373,130,'1964-12-31',90,0,NULL,NULL,'C','\\N'),(1374,130,'1965-12-31',90,0,NULL,NULL,'C','\\N'),(1375,130,'1966-12-31',90,0,NULL,NULL,'C','\\N'),(1376,130,'1967-12-31',90,0,NULL,NULL,'C','\\N'),(1377,130,'1968-12-31',90,0,NULL,NULL,'C','\\N'),(1378,130,'1969-12-31',90,0,NULL,NULL,'C','\\N'),(1379,130,'1970-12-31',90,0,NULL,NULL,'C','\\N'),(1380,130,'1971-12-31',90,0,NULL,NULL,'C','\\N'),(1381,130,'1972-12-31',90,0,NULL,NULL,'C','\\N'),(1382,130,'1973-12-31',90,0,NULL,NULL,'C','\\N'),(1383,130,'1974-12-31',90,0,NULL,NULL,'C','\\N'),(1384,130,'1975-12-31',90,0,NULL,NULL,'C','\\N'),(1385,130,'1976-12-31',90,0,NULL,NULL,'C','\\N'),(1386,130,'1977-12-31',90,0,NULL,NULL,'C','\\N'),(1387,130,'1978-12-31',90,0,NULL,NULL,'C','\\N'),(1388,130,'1979-12-31',90,0,NULL,NULL,'C','\\N'),(1389,130,'1980-12-31',90,0,NULL,NULL,'C','\\N'),(1390,130,'1981-12-31',90,0,NULL,NULL,'C','\\N'),(1391,130,'1982-12-31',90,0,NULL,NULL,'C','\\N'),(1392,130,'1983-12-31',90,0,NULL,NULL,'C','\\N'),(1393,130,'1984-12-31',90,0,NULL,NULL,'C','\\N'),(1394,130,'1985-12-31',90,0,NULL,NULL,'C','\\N'),(1395,130,'1986-12-31',90,0,NULL,NULL,'C','\\N'),(1396,130,'1987-12-31',90,0,NULL,NULL,'C','\\N'),(1397,130,'1988-12-31',90,0,NULL,NULL,'C','\\N'),(1398,130,'1989-12-31',90,0,NULL,NULL,'C','\\N'),(1399,130,'1990-12-31',90,0,NULL,NULL,'C','\\N'),(1400,130,'1991-12-31',90,0,NULL,NULL,'C','\\N'),(1401,130,'1992-12-31',90,0,NULL,NULL,'C','\\N'),(1402,130,'1993-12-31',90,0,NULL,NULL,'C','\\N'),(1403,130,'1994-12-31',90,0,NULL,NULL,'C','\\N'),(1404,130,'1995-12-31',90,0,NULL,NULL,'C','\\N'),(1405,130,'1996-12-31',90,0,NULL,NULL,'C','\\N'),(1406,130,'1997-12-31',90,0,NULL,NULL,'C','\\N'),(1407,130,'1998-12-31',90,0,NULL,NULL,'C','\\N'),(1408,130,'1999-12-31',90,0,NULL,NULL,'C','\\N'),(1409,130,'2000-12-31',90,0,NULL,NULL,'C','\\N'),(1410,130,'2001-12-31',90,0,NULL,NULL,'C','\\N'),(1411,130,'2002-12-31',90,0,NULL,NULL,'C','\\N'),(1412,130,'2003-12-31',90,0,NULL,NULL,'C','\\N'),(1413,130,'2004-12-31',90,0,NULL,NULL,'C','\\N'),(1414,130,'2005-12-31',90,0,NULL,NULL,'C','\\N'),(1415,131,'1966-12-31',90,0,NULL,NULL,'C','\\N'),(1416,131,'1967-12-31',90,0,NULL,NULL,'C','\\N'),(1417,131,'1968-12-31',90,0,NULL,NULL,'C','\\N'),(1418,131,'1969-12-31',90,0,NULL,NULL,'C','\\N'),(1419,131,'1970-12-31',90,0,NULL,NULL,'C','\\N'),(1420,131,'1971-12-31',90,0,NULL,NULL,'C','\\N'),(1421,131,'1972-12-31',90,0,NULL,NULL,'C','\\N'),(1422,131,'1973-12-31',90,0,NULL,NULL,'C','\\N'),(1423,131,'1974-12-31',90,0,NULL,NULL,'C','\\N'),(1424,131,'1975-12-31',90,0,NULL,NULL,'C','\\N'),(1425,131,'1976-12-31',90,0,NULL,NULL,'C','\\N'),(1426,131,'1977-12-31',90,0,NULL,NULL,'C','\\N'),(1427,131,'1978-12-31',90,0,NULL,NULL,'C','\\N'),(1428,131,'1979-12-31',90,0,NULL,NULL,'C','\\N'),(1429,131,'1980-12-31',90,0,NULL,NULL,'C','\\N'),(1430,131,'1981-12-31',90,0,NULL,NULL,'C','\\N'),(1431,131,'1982-12-31',90,0,NULL,NULL,'C','\\N'),(1432,131,'1983-12-31',90,0,NULL,NULL,'C','\\N'),(1433,131,'1984-12-31',90,0,NULL,NULL,'C','\\N'),(1434,131,'1985-12-31',90,0,NULL,NULL,'C','\\N'),(1435,131,'1986-12-31',90,0,NULL,NULL,'C','\\N'),(1436,131,'1987-12-31',90,0,NULL,NULL,'C','\\N'),(1437,131,'1988-12-31',90,0,NULL,NULL,'C','\\N'),(1438,131,'1989-12-31',90,0,NULL,NULL,'C','\\N'),(1439,131,'1990-12-31',90,0,NULL,NULL,'C','\\N'),(1440,131,'1991-12-31',90,0,NULL,NULL,'C','\\N'),(1441,131,'1992-12-31',90,0,NULL,NULL,'C','\\N'),(1442,131,'1993-12-31',90,0,NULL,NULL,'C','\\N'),(1443,131,'1994-12-31',90,0,NULL,NULL,'C','\\N'),(1444,131,'1995-12-31',90,0,NULL,NULL,'C','\\N'),(1445,131,'1996-12-31',90,0,NULL,NULL,'C','\\N'),(1446,131,'1997-12-31',90,0,NULL,NULL,'C','\\N'),(1447,131,'1998-12-31',90,0,NULL,NULL,'C','\\N'),(1448,131,'1999-12-31',90,0,NULL,NULL,'C','\\N'),(1449,131,'2000-12-31',90,0,NULL,NULL,'C','\\N'),(1450,131,'2001-12-31',90,0,NULL,NULL,'C','\\N'),(1451,131,'2002-12-31',90,0,NULL,NULL,'C','\\N'),(1452,131,'2003-12-31',90,0,NULL,NULL,'C','\\N'),(1453,131,'2004-12-31',90,0,NULL,NULL,'C','\\N'),(1454,131,'2005-12-31',90,0,NULL,NULL,'C','\\N'),(1455,132,'1977-12-31',90,0,NULL,NULL,'C','\\N'),(1456,132,'1978-12-31',90,0,NULL,NULL,'C','\\N'),(1457,132,'1979-12-31',90,0,NULL,NULL,'C','\\N'),(1458,132,'1980-12-31',90,0,NULL,NULL,'C','\\N'),(1459,132,'1981-12-31',90,0,NULL,NULL,'C','\\N'),(1460,132,'1982-12-31',90,0,NULL,NULL,'C','\\N'),(1461,132,'1983-12-31',90,0,NULL,NULL,'C','\\N'),(1462,132,'1984-12-31',90,0,NULL,NULL,'C','\\N'),(1463,132,'1985-12-31',90,0,NULL,NULL,'C','\\N'),(1464,132,'1986-12-31',90,0,NULL,NULL,'C','\\N'),(1465,132,'1987-12-31',90,0,NULL,NULL,'C','\\N'),(1466,132,'1988-12-31',90,0,NULL,NULL,'C','\\N'),(1467,132,'1989-12-31',90,0,NULL,NULL,'C','\\N'),(1468,132,'1990-12-31',90,0,NULL,NULL,'C','\\N'),(1469,132,'1991-12-31',90,0,NULL,NULL,'C','\\N'),(1470,132,'1992-12-31',90,0,NULL,NULL,'C','\\N'),(1471,132,'1993-12-31',90,0,NULL,NULL,'C','\\N'),(1472,132,'1994-12-31',90,0,NULL,NULL,'C','\\N'),(1473,132,'1995-12-31',90,0,NULL,NULL,'C','\\N'),(1474,132,'1996-12-31',90,0,NULL,NULL,'C','\\N'),(1475,132,'1997-12-31',90,0,NULL,NULL,'C','\\N'),(1476,132,'1998-12-31',90,0,NULL,NULL,'C','\\N'),(1477,132,'1999-12-31',90,0,NULL,NULL,'C','\\N'),(1478,132,'2000-12-31',90,0,NULL,NULL,'C','\\N'),(1479,132,'2001-12-31',90,0,NULL,NULL,'C','\\N'),(1480,132,'2002-12-31',90,0,NULL,NULL,'C','\\N'),(1481,132,'2003-12-31',90,0,NULL,NULL,'C','\\N'),(1482,132,'2004-12-31',90,0,NULL,NULL,'C','\\N'),(1483,132,'2005-12-31',90,0,NULL,NULL,'C','\\N'),(1484,133,'1965-12-31',90,0,NULL,NULL,'C','\\N'),(1485,133,'1966-12-31',90,0,NULL,NULL,'C','\\N'),(1486,133,'1967-12-31',90,0,NULL,NULL,'C','\\N'),(1487,133,'1968-12-31',90,0,NULL,NULL,'C','\\N'),(1488,133,'1969-12-31',90,0,NULL,NULL,'C','\\N'),(1489,133,'1970-12-31',90,0,NULL,NULL,'C','\\N'),(1490,133,'1971-12-31',90,0,NULL,NULL,'C','\\N'),(1491,133,'1972-12-31',90,0,NULL,NULL,'C','\\N'),(1492,133,'1973-12-31',90,0,NULL,NULL,'C','\\N'),(1493,133,'1974-12-31',90,0,NULL,NULL,'C','\\N'),(1494,133,'1975-12-31',90,0,NULL,NULL,'C','\\N'),(1495,133,'1976-12-31',90,0,NULL,NULL,'C','\\N'),(1496,133,'1977-12-31',90,0,NULL,NULL,'C','\\N'),(1497,133,'1978-12-31',90,0,NULL,NULL,'C','\\N'),(1498,133,'1979-12-31',90,0,NULL,NULL,'C','\\N'),(1499,133,'1980-12-31',90,0,NULL,NULL,'C','\\N'),(1500,133,'1981-12-31',90,0,NULL,NULL,'C','\\N'),(1501,133,'1982-12-31',90,0,NULL,NULL,'C','\\N'),(1502,133,'1983-12-31',90,0,NULL,NULL,'C','\\N'),(1503,133,'1984-12-31',90,0,NULL,NULL,'C','\\N'),(1504,133,'1985-12-31',90,0,NULL,NULL,'C','\\N'),(1505,133,'1986-12-31',90,0,NULL,NULL,'C','\\N'),(1506,133,'1987-12-31',90,0,NULL,NULL,'C','\\N'),(1507,133,'1988-12-31',90,0,NULL,NULL,'C','\\N'),(1508,133,'1989-12-31',90,0,NULL,NULL,'C','\\N'),(1509,133,'1990-12-31',90,0,NULL,NULL,'C','\\N'),(1510,133,'1991-12-31',90,0,NULL,NULL,'C','\\N'),(1511,133,'1992-12-31',90,0,NULL,NULL,'C','\\N'),(1512,133,'1993-12-31',90,0,NULL,NULL,'C','\\N'),(1513,133,'1994-12-31',90,0,NULL,NULL,'C','\\N'),(1514,133,'1995-12-31',90,0,NULL,NULL,'C','\\N'),(1515,133,'1996-12-31',90,0,NULL,NULL,'C','\\N'),(1516,133,'1997-12-31',90,0,NULL,NULL,'C','\\N'),(1517,133,'1998-12-31',90,0,NULL,NULL,'C','\\N'),(1518,133,'1999-12-31',90,0,NULL,NULL,'C','\\N'),(1519,133,'2000-12-31',90,0,NULL,NULL,'C','\\N'),(1520,133,'2001-12-31',90,0,NULL,NULL,'C','\\N'),(1521,133,'2002-12-31',90,0,NULL,NULL,'C','\\N'),(1522,133,'2003-12-31',90,0,NULL,NULL,'C','\\N'),(1523,133,'2004-12-31',90,0,NULL,NULL,'C','\\N'),(1524,133,'2005-12-31',90,0,NULL,NULL,'C','\\N'),(1525,134,'1971-12-31',90,0,NULL,NULL,'C','\\N'),(1526,134,'1972-12-31',90,0,NULL,NULL,'C','\\N'),(1527,134,'1973-12-31',90,0,NULL,NULL,'C','\\N'),(1528,134,'1974-12-31',90,0,NULL,NULL,'C','\\N'),(1529,134,'1975-12-31',90,0,NULL,NULL,'C','\\N'),(1530,134,'1976-12-31',90,0,NULL,NULL,'C','\\N'),(1531,134,'1977-12-31',90,0,NULL,NULL,'C','\\N'),(1532,134,'1978-12-31',90,0,NULL,NULL,'C','\\N'),(1533,134,'1979-12-31',90,0,NULL,NULL,'C','\\N'),(1534,134,'1980-12-31',90,0,NULL,NULL,'C','\\N'),(1535,134,'1981-12-31',90,0,NULL,NULL,'C','\\N'),(1536,134,'1982-12-31',90,0,NULL,NULL,'C','\\N'),(1537,134,'1983-12-31',90,0,NULL,NULL,'C','\\N'),(1538,134,'1984-12-31',90,0,NULL,NULL,'C','\\N'),(1539,134,'1985-12-31',90,0,NULL,NULL,'C','\\N'),(1540,134,'1986-12-31',90,0,NULL,NULL,'C','\\N'),(1541,134,'1987-12-31',90,0,NULL,NULL,'C','\\N'),(1542,134,'1988-12-31',90,0,NULL,NULL,'C','\\N'),(1543,134,'1989-12-31',90,0,NULL,NULL,'C','\\N'),(1544,134,'1990-12-31',90,0,NULL,NULL,'C','\\N'),(1545,134,'1991-12-31',90,0,NULL,NULL,'C','\\N'),(1546,134,'1992-12-31',90,0,NULL,NULL,'C','\\N'),(1547,134,'1993-12-31',90,0,NULL,NULL,'C','\\N'),(1548,134,'1994-12-31',90,0,NULL,NULL,'C','\\N'),(1549,134,'1995-12-31',90,0,NULL,NULL,'C','\\N'),(1550,134,'1996-12-31',90,0,NULL,NULL,'C','\\N'),(1551,134,'1997-12-31',90,0,NULL,NULL,'C','\\N'),(1552,134,'1998-12-31',90,0,NULL,NULL,'C','\\N'),(1553,134,'1999-12-31',90,0,NULL,NULL,'C','\\N'),(1554,134,'2000-12-31',90,0,NULL,NULL,'C','\\N'),(1555,134,'2001-12-31',90,0,NULL,NULL,'C','\\N'),(1556,134,'2002-12-31',90,0,NULL,NULL,'C','\\N'),(1557,134,'2003-12-31',90,0,NULL,NULL,'C','\\N'),(1558,134,'2004-12-31',90,0,NULL,NULL,'C','\\N'),(1559,134,'2005-12-31',90,0,NULL,NULL,'C','\\N'),(1560,135,'1967-12-31',90,0,NULL,NULL,'C','\\N'),(1561,135,'1968-12-31',90,0,NULL,NULL,'C','\\N'),(1562,135,'1969-12-31',90,0,NULL,NULL,'C','\\N'),(1563,135,'1970-12-31',90,0,NULL,NULL,'C','\\N'),(1564,135,'1971-12-31',90,0,NULL,NULL,'C','\\N'),(1565,135,'1972-12-31',90,0,NULL,NULL,'C','\\N'),(1566,135,'1973-12-31',90,0,NULL,NULL,'C','\\N'),(1567,135,'1974-12-31',90,0,NULL,NULL,'C','\\N'),(1568,135,'1975-12-31',90,0,NULL,NULL,'C','\\N'),(1569,135,'1976-12-31',90,0,NULL,NULL,'C','\\N'),(1570,135,'1977-12-31',90,0,NULL,NULL,'C','\\N'),(1571,135,'1978-12-31',90,0,NULL,NULL,'C','\\N'),(1572,135,'1979-12-31',90,0,NULL,NULL,'C','\\N'),(1573,135,'1980-12-31',90,0,NULL,NULL,'C','\\N'),(1574,135,'1981-12-31',90,0,NULL,NULL,'C','\\N'),(1575,135,'1982-12-31',90,0,NULL,NULL,'C','\\N'),(1576,135,'1983-12-31',90,0,NULL,NULL,'C','\\N'),(1577,135,'1984-12-31',90,0,NULL,NULL,'C','\\N'),(1578,135,'1985-12-31',90,0,NULL,NULL,'C','\\N'),(1579,135,'1986-12-31',90,0,NULL,NULL,'C','\\N'),(1580,135,'1987-12-31',90,0,NULL,NULL,'C','\\N'),(1581,135,'1988-12-31',90,0,NULL,NULL,'C','\\N'),(1582,135,'1989-12-31',90,0,NULL,NULL,'C','\\N'),(1583,135,'1990-12-31',90,0,NULL,NULL,'C','\\N'),(1584,135,'1991-12-31',90,0,NULL,NULL,'C','\\N'),(1585,135,'1992-12-31',90,0,NULL,NULL,'C','\\N'),(1586,135,'1993-12-31',90,0,NULL,NULL,'C','\\N'),(1587,135,'1994-12-31',90,0,NULL,NULL,'C','\\N'),(1588,135,'1995-12-31',90,0,NULL,NULL,'C','\\N'),(1589,135,'1996-12-31',90,0,NULL,NULL,'C','\\N'),(1590,135,'1997-12-31',90,0,NULL,NULL,'C','\\N'),(1591,135,'1998-12-31',90,0,NULL,NULL,'C','\\N'),(1592,135,'1999-12-31',90,0,NULL,NULL,'C','\\N'),(1593,135,'2000-12-31',90,0,NULL,NULL,'C','\\N'),(1594,135,'2001-12-31',90,0,NULL,NULL,'C','\\N'),(1595,135,'2002-12-31',90,0,NULL,NULL,'C','\\N'),(1596,135,'2003-12-31',90,0,NULL,NULL,'C','\\N'),(1597,135,'2004-12-31',90,0,NULL,NULL,'C','\\N'),(1598,135,'2005-12-31',90,0,NULL,NULL,'C','\\N'),(1599,136,'1974-12-31',90,0,NULL,NULL,'C','\\N'),(1600,136,'1975-12-31',90,0,NULL,NULL,'C','\\N'),(1601,136,'1976-12-31',90,0,NULL,NULL,'C','\\N'),(1602,136,'1977-12-31',90,0,NULL,NULL,'C','\\N'),(1603,136,'1978-12-31',90,0,NULL,NULL,'C','\\N'),(1604,136,'1979-12-31',90,0,NULL,NULL,'C','\\N'),(1605,136,'1980-12-31',90,0,NULL,NULL,'C','\\N'),(1606,136,'1981-12-31',90,0,NULL,NULL,'C','\\N'),(1607,136,'1982-12-31',90,0,NULL,NULL,'C','\\N'),(1608,136,'1983-12-31',90,0,NULL,NULL,'C','\\N'),(1609,136,'1984-12-31',90,0,NULL,NULL,'C','\\N'),(1610,136,'1985-12-31',90,0,NULL,NULL,'C','\\N'),(1611,136,'1986-12-31',90,0,NULL,NULL,'C','\\N'),(1612,136,'1987-12-31',90,0,NULL,NULL,'C','\\N'),(1613,136,'1988-12-31',90,0,NULL,NULL,'C','\\N'),(1614,136,'1989-12-31',90,0,NULL,NULL,'C','\\N'),(1615,136,'1990-12-31',90,0,NULL,NULL,'C','\\N'),(1616,136,'1991-12-31',90,0,NULL,NULL,'C','\\N'),(1617,136,'1992-12-31',90,0,NULL,NULL,'C','\\N'),(1618,136,'1993-12-31',90,0,NULL,NULL,'C','\\N'),(1619,136,'1994-12-31',90,0,NULL,NULL,'C','\\N'),(1620,136,'1995-12-31',90,0,NULL,NULL,'C','\\N'),(1621,136,'1996-12-31',90,0,NULL,NULL,'C','\\N'),(1622,136,'1997-12-31',90,0,NULL,NULL,'C','\\N'),(1623,136,'1998-12-31',90,0,NULL,NULL,'C','\\N'),(1624,136,'1999-12-31',90,0,NULL,NULL,'C','\\N'),(1625,136,'2000-12-31',90,0,NULL,NULL,'C','\\N'),(1626,136,'2001-12-31',90,0,NULL,NULL,'C','\\N'),(1627,136,'2002-12-31',90,0,NULL,NULL,'C','\\N'),(1628,136,'2003-12-31',90,0,NULL,NULL,'C','\\N'),(1629,136,'2004-12-31',90,0,NULL,NULL,'C','\\N'),(1630,136,'2005-12-31',90,0,NULL,NULL,'C','\\N'),(1631,137,'1962-12-31',90,0,NULL,NULL,'C','\\N'),(1632,137,'1963-12-31',90,0,NULL,NULL,'C','\\N'),(1633,137,'1964-12-31',90,0,NULL,NULL,'C','\\N'),(1634,137,'1965-12-31',90,0,NULL,NULL,'C','\\N'),(1635,137,'1966-12-31',90,0,NULL,NULL,'C','\\N'),(1636,137,'1967-12-31',90,0,NULL,NULL,'C','\\N'),(1637,137,'1968-12-31',90,0,NULL,NULL,'C','\\N'),(1638,137,'1969-12-31',90,0,NULL,NULL,'C','\\N'),(1639,137,'1970-12-31',90,0,NULL,NULL,'C','\\N'),(1640,137,'1971-12-31',90,0,NULL,NULL,'C','\\N'),(1641,137,'1972-12-31',90,0,NULL,NULL,'C','\\N'),(1642,137,'1973-12-31',90,0,NULL,NULL,'C','\\N'),(1643,137,'1974-12-31',90,0,NULL,NULL,'C','\\N'),(1644,137,'1975-12-31',90,0,NULL,NULL,'C','\\N'),(1645,137,'1976-12-31',90,0,NULL,NULL,'C','\\N'),(1646,137,'1977-12-31',90,0,NULL,NULL,'C','\\N'),(1647,137,'1978-12-31',90,0,NULL,NULL,'C','\\N'),(1648,137,'1979-12-31',90,0,NULL,NULL,'C','\\N'),(1649,137,'1980-12-31',90,0,NULL,NULL,'C','\\N'),(1650,137,'1981-12-31',90,0,NULL,NULL,'C','\\N'),(1651,137,'1982-12-31',90,0,NULL,NULL,'C','\\N'),(1652,137,'1983-12-31',90,0,NULL,NULL,'C','\\N'),(1653,137,'1984-12-31',90,0,NULL,NULL,'C','\\N'),(1654,137,'1985-12-31',90,0,NULL,NULL,'C','\\N'),(1655,137,'1986-12-31',90,0,NULL,NULL,'C','\\N'),(1656,137,'1987-12-31',90,0,NULL,NULL,'C','\\N'),(1657,137,'1988-12-31',90,0,NULL,NULL,'C','\\N'),(1658,137,'1989-12-31',90,0,NULL,NULL,'C','\\N'),(1659,137,'1990-12-31',90,0,NULL,NULL,'C','\\N'),(1660,137,'1991-12-31',90,0,NULL,NULL,'C','\\N'),(1661,137,'1992-12-31',90,0,NULL,NULL,'C','\\N'),(1662,137,'1993-12-31',90,0,NULL,NULL,'C','\\N'),(1663,137,'1994-12-31',90,0,NULL,NULL,'C','\\N'),(1664,137,'1995-12-31',90,0,NULL,NULL,'C','\\N'),(1665,137,'1996-12-31',90,0,NULL,NULL,'C','\\N'),(1666,137,'1997-12-31',90,0,NULL,NULL,'C','\\N'),(1667,137,'1998-12-31',90,0,NULL,NULL,'C','\\N'),(1668,137,'1999-12-31',90,0,NULL,NULL,'C','\\N'),(1669,137,'2000-12-31',90,0,NULL,NULL,'C','\\N'),(1670,137,'2001-12-31',90,0,NULL,NULL,'C','\\N'),(1671,137,'2002-12-31',90,0,NULL,NULL,'C','\\N'),(1672,137,'2003-12-31',90,0,NULL,NULL,'C','\\N'),(1673,137,'2004-12-31',90,0,NULL,NULL,'C','\\N'),(1674,137,'2005-12-31',90,0,NULL,NULL,'C','\\N'),(1675,138,'1972-12-31',90,0,NULL,NULL,'C','\\N'),(1676,138,'1973-12-31',90,0,NULL,NULL,'C','\\N'),(1677,138,'1974-12-31',90,0,NULL,NULL,'C','\\N'),(1678,138,'1975-12-31',90,0,NULL,NULL,'C','\\N'),(1679,138,'1976-12-31',90,0,NULL,NULL,'C','\\N'),(1680,138,'1977-12-31',90,0,NULL,NULL,'C','\\N'),(1681,138,'1978-12-31',90,0,NULL,NULL,'C','\\N'),(1682,138,'1979-12-31',90,0,NULL,NULL,'C','\\N'),(1683,138,'1980-12-31',90,0,NULL,NULL,'C','\\N'),(1684,138,'1981-12-31',90,0,NULL,NULL,'C','\\N'),(1685,138,'1982-12-31',90,0,NULL,NULL,'C','\\N'),(1686,138,'1983-12-31',90,0,NULL,NULL,'C','\\N'),(1687,138,'1984-12-31',90,0,NULL,NULL,'C','\\N'),(1688,138,'1985-12-31',90,0,NULL,NULL,'C','\\N'),(1689,138,'1986-12-31',90,0,NULL,NULL,'C','\\N'),(1690,138,'1987-12-31',90,0,NULL,NULL,'C','\\N'),(1691,138,'1988-12-31',90,0,NULL,NULL,'C','\\N'),(1692,138,'1989-12-31',90,0,NULL,NULL,'C','\\N'),(1693,138,'1990-12-31',90,0,NULL,NULL,'C','\\N'),(1694,138,'1991-12-31',90,0,NULL,NULL,'C','\\N'),(1695,138,'1992-12-31',90,0,NULL,NULL,'C','\\N'),(1696,138,'1993-12-31',90,0,NULL,NULL,'C','\\N'),(1697,138,'1994-12-31',90,0,NULL,NULL,'C','\\N'),(1698,138,'1995-12-31',90,0,NULL,NULL,'C','\\N'),(1699,138,'1996-12-31',90,0,NULL,NULL,'C','\\N'),(1700,138,'1997-12-31',90,0,NULL,NULL,'C','\\N'),(1701,138,'1998-12-31',90,0,NULL,NULL,'C','\\N'),(1702,138,'1999-12-31',90,0,NULL,NULL,'C','\\N'),(1703,138,'2000-12-31',90,0,NULL,NULL,'C','\\N'),(1704,138,'2001-12-31',90,0,NULL,NULL,'C','\\N'),(1705,138,'2002-12-31',90,0,NULL,NULL,'C','\\N'),(1706,138,'2003-12-31',90,0,NULL,NULL,'C','\\N'),(1707,138,'2004-12-31',90,0,NULL,NULL,'C','\\N'),(1708,138,'2005-12-31',90,0,NULL,NULL,'C','\\N'),(1709,139,'1976-12-31',90,0,NULL,NULL,'C','\\N'),(1710,139,'1977-12-31',90,0,NULL,NULL,'C','\\N'),(1711,139,'1978-12-31',90,0,NULL,NULL,'C','\\N'),(1712,139,'1979-12-31',90,0,NULL,NULL,'C','\\N'),(1713,139,'1980-12-31',90,0,NULL,NULL,'C','\\N'),(1714,139,'1981-12-31',90,0,NULL,NULL,'C','\\N'),(1715,139,'1982-12-31',90,0,NULL,NULL,'C','\\N'),(1716,139,'1983-12-31',90,0,NULL,NULL,'C','\\N'),(1717,139,'1984-12-31',90,0,NULL,NULL,'C','\\N'),(1718,139,'1985-12-31',90,0,NULL,NULL,'C','\\N'),(1719,139,'1986-12-31',90,0,NULL,NULL,'C','\\N'),(1720,139,'1987-12-31',90,0,NULL,NULL,'C','\\N'),(1721,139,'1988-12-31',90,0,NULL,NULL,'C','\\N'),(1722,139,'1989-12-31',90,0,NULL,NULL,'C','\\N'),(1723,139,'1990-12-31',90,0,NULL,NULL,'C','\\N'),(1724,139,'1991-12-31',90,0,NULL,NULL,'C','\\N'),(1725,139,'1992-12-31',90,0,NULL,NULL,'C','\\N'),(1726,139,'1993-12-31',90,0,NULL,NULL,'C','\\N'),(1727,139,'1994-12-31',90,0,NULL,NULL,'C','\\N'),(1728,139,'1995-12-31',90,0,NULL,NULL,'C','\\N'),(1729,139,'1996-12-31',90,0,NULL,NULL,'C','\\N'),(1730,139,'1997-12-31',90,0,NULL,NULL,'C','\\N'),(1731,139,'1998-12-31',90,0,NULL,NULL,'C','\\N'),(1732,139,'1999-12-31',90,0,NULL,NULL,'C','\\N'),(1733,139,'2000-12-31',90,0,NULL,NULL,'C','\\N'),(1734,139,'2001-12-31',90,0,NULL,NULL,'C','\\N'),(1735,139,'2002-12-31',90,0,NULL,NULL,'C','\\N'),(1736,139,'2003-12-31',90,0,NULL,NULL,'C','\\N'),(1737,139,'2004-12-31',90,0,NULL,NULL,'C','\\N'),(1738,139,'2005-12-31',90,0,NULL,NULL,'C','\\N'),(1739,140,'1971-12-31',90,0,NULL,NULL,'C','\\N'),(1740,140,'1972-12-31',90,0,NULL,NULL,'C','\\N'),(1741,140,'1973-12-31',90,0,NULL,NULL,'C','\\N'),(1742,140,'1974-12-31',90,0,NULL,NULL,'C','\\N'),(1743,140,'1975-12-31',90,0,NULL,NULL,'C','\\N'),(1744,140,'1976-12-31',90,0,NULL,NULL,'C','\\N'),(1745,140,'1977-12-31',90,0,NULL,NULL,'C','\\N'),(1746,140,'1978-12-31',90,0,NULL,NULL,'C','\\N'),(1747,140,'1979-12-31',90,0,NULL,NULL,'C','\\N'),(1748,140,'1980-12-31',90,0,NULL,NULL,'C','\\N'),(1749,140,'1981-12-31',90,0,NULL,NULL,'C','\\N'),(1750,140,'1982-12-31',90,0,NULL,NULL,'C','\\N'),(1751,140,'1983-12-31',90,0,NULL,NULL,'C','\\N'),(1752,140,'1984-12-31',90,0,NULL,NULL,'C','\\N'),(1753,140,'1985-12-31',90,0,NULL,NULL,'C','\\N'),(1754,140,'1986-12-31',90,0,NULL,NULL,'C','\\N'),(1755,140,'1987-12-31',90,0,NULL,NULL,'C','\\N'),(1756,140,'1988-12-31',90,0,NULL,NULL,'C','\\N'),(1757,140,'1989-12-31',90,0,NULL,NULL,'C','\\N'),(1758,140,'1990-12-31',90,0,NULL,NULL,'C','\\N'),(1759,140,'1991-12-31',90,0,NULL,NULL,'C','\\N'),(1760,140,'1992-12-31',90,0,NULL,NULL,'C','\\N'),(1761,140,'1993-12-31',90,0,NULL,NULL,'C','\\N'),(1762,140,'1994-12-31',90,0,NULL,NULL,'C','\\N'),(1763,140,'1995-12-31',90,0,NULL,NULL,'C','\\N'),(1764,140,'1996-12-31',90,0,NULL,NULL,'C','\\N'),(1765,140,'1997-12-31',90,0,NULL,NULL,'C','\\N'),(1766,140,'1998-12-31',90,0,NULL,NULL,'C','\\N'),(1767,140,'1999-12-31',90,0,NULL,NULL,'C','\\N'),(1768,140,'2000-12-31',90,0,NULL,NULL,'C','\\N'),(1769,140,'2001-12-31',90,0,NULL,NULL,'C','\\N'),(1770,140,'2002-12-31',90,0,NULL,NULL,'C','\\N'),(1771,140,'2003-12-31',90,0,NULL,NULL,'C','\\N'),(1772,140,'2004-12-31',90,0,NULL,NULL,'C','\\N'),(1773,140,'2005-12-31',90,0,NULL,NULL,'C','\\N'),(1774,141,'1970-12-31',90,0,NULL,NULL,'C','\\N'),(1775,141,'1971-12-31',90,0,NULL,NULL,'C','\\N'),(1776,141,'1972-12-31',90,0,NULL,NULL,'C','\\N'),(1777,141,'1973-12-31',90,0,NULL,NULL,'C','\\N'),(1778,141,'1974-12-31',90,0,NULL,NULL,'C','\\N'),(1779,141,'1975-12-31',90,0,NULL,NULL,'C','\\N'),(1780,141,'1976-12-31',90,0,NULL,NULL,'C','\\N'),(1781,141,'1977-12-31',90,0,NULL,NULL,'C','\\N'),(1782,141,'1978-12-31',90,0,NULL,NULL,'C','\\N'),(1783,141,'1979-12-31',90,0,NULL,NULL,'C','\\N'),(1784,141,'1980-12-31',90,0,NULL,NULL,'C','\\N'),(1785,141,'1981-12-31',90,0,NULL,NULL,'C','\\N'),(1786,141,'1982-12-31',90,0,NULL,NULL,'C','\\N'),(1787,141,'1983-12-31',90,0,NULL,NULL,'C','\\N'),(1788,141,'1984-12-31',90,0,NULL,NULL,'C','\\N'),(1789,141,'1985-12-31',90,0,NULL,NULL,'C','\\N'),(1790,141,'1986-12-31',90,0,NULL,NULL,'C','\\N'),(1791,141,'1987-12-31',90,0,NULL,NULL,'C','\\N'),(1792,141,'1988-12-31',90,0,NULL,NULL,'C','\\N'),(1793,141,'1989-12-31',90,0,NULL,NULL,'C','\\N'),(1794,141,'1990-12-31',90,0,NULL,NULL,'C','\\N'),(1795,141,'1991-12-31',90,0,NULL,NULL,'C','\\N'),(1796,141,'1992-12-31',90,0,NULL,NULL,'C','\\N'),(1797,141,'1993-12-31',90,0,NULL,NULL,'C','\\N'),(1798,141,'1994-12-31',90,0,NULL,NULL,'C','\\N'),(1799,141,'1995-12-31',90,0,NULL,NULL,'C','\\N'),(1800,141,'1996-12-31',90,0,NULL,NULL,'C','\\N'),(1801,141,'1997-12-31',90,0,NULL,NULL,'C','\\N'),(1802,141,'1998-12-31',90,0,NULL,NULL,'C','\\N'),(1803,141,'1999-12-31',90,0,NULL,NULL,'C','\\N'),(1804,141,'2000-12-31',90,0,NULL,NULL,'C','\\N'),(1805,141,'2001-12-31',90,0,NULL,NULL,'C','\\N'),(1806,141,'2002-12-31',90,0,NULL,NULL,'C','\\N'),(1807,141,'2003-12-31',90,0,NULL,NULL,'C','\\N'),(1808,141,'2004-12-31',90,0,NULL,NULL,'C','\\N'),(1809,141,'2005-12-31',90,0,NULL,NULL,'C','\\N'),(1810,142,'1970-12-31',90,0,NULL,NULL,'C','\\N'),(1811,142,'1971-12-31',90,0,NULL,NULL,'C','\\N'),(1812,142,'1972-12-31',90,0,NULL,NULL,'C','\\N'),(1813,142,'1973-12-31',90,0,NULL,NULL,'C','\\N'),(1814,142,'1974-12-31',90,0,NULL,NULL,'C','\\N'),(1815,142,'1975-12-31',90,0,NULL,NULL,'C','\\N'),(1816,142,'1976-12-31',90,0,NULL,NULL,'C','\\N'),(1817,142,'1977-12-31',90,0,NULL,NULL,'C','\\N'),(1818,142,'1978-12-31',90,0,NULL,NULL,'C','\\N'),(1819,142,'1979-12-31',90,0,NULL,NULL,'C','\\N'),(1820,142,'1980-12-31',90,0,NULL,NULL,'C','\\N'),(1821,142,'1981-12-31',90,0,NULL,NULL,'C','\\N'),(1822,142,'1982-12-31',90,0,NULL,NULL,'C','\\N'),(1823,142,'1983-12-31',90,0,NULL,NULL,'C','\\N'),(1824,142,'1984-12-31',90,0,NULL,NULL,'C','\\N'),(1825,142,'1985-12-31',90,0,NULL,NULL,'C','\\N'),(1826,142,'1986-12-31',90,0,NULL,NULL,'C','\\N'),(1827,142,'1987-12-31',90,0,NULL,NULL,'C','\\N'),(1828,142,'1988-12-31',90,0,NULL,NULL,'C','\\N'),(1829,142,'1989-12-31',90,0,NULL,NULL,'C','\\N'),(1830,142,'1990-12-31',90,0,NULL,NULL,'C','\\N'),(1831,142,'1991-12-31',90,0,NULL,NULL,'C','\\N'),(1832,142,'1992-12-31',90,0,NULL,NULL,'C','\\N'),(1833,142,'1993-12-31',90,0,NULL,NULL,'C','\\N'),(1834,142,'1994-12-31',90,0,NULL,NULL,'C','\\N'),(1835,142,'1995-12-31',90,0,NULL,NULL,'C','\\N'),(1836,142,'1996-12-31',90,0,NULL,NULL,'C','\\N'),(1837,142,'1997-12-31',90,0,NULL,NULL,'C','\\N'),(1838,142,'1998-12-31',90,0,NULL,NULL,'C','\\N'),(1839,142,'1999-12-31',90,0,NULL,NULL,'C','\\N'),(1840,142,'2000-12-31',90,0,NULL,NULL,'C','\\N'),(1841,142,'2001-12-31',90,0,NULL,NULL,'C','\\N'),(1842,142,'2002-12-31',90,0,NULL,NULL,'C','\\N'),(1843,142,'2003-12-31',90,0,NULL,NULL,'C','\\N'),(1844,142,'2004-12-31',90,0,NULL,NULL,'C','\\N'),(1845,142,'2005-12-31',90,0,NULL,NULL,'C','\\N'),(1846,143,'1962-12-31',90,0,NULL,NULL,'C','\\N'),(1847,143,'1963-12-31',90,0,NULL,NULL,'C','\\N'),(1848,143,'1964-12-31',90,0,NULL,NULL,'C','\\N'),(1849,143,'1965-12-31',90,0,NULL,NULL,'C','\\N'),(1850,143,'1966-12-31',90,0,NULL,NULL,'C','\\N'),(1851,143,'1967-12-31',90,0,NULL,NULL,'C','\\N'),(1852,143,'1968-12-31',90,0,NULL,NULL,'C','\\N'),(1853,143,'1969-12-31',90,0,NULL,NULL,'C','\\N'),(1854,143,'1970-12-31',90,0,NULL,NULL,'C','\\N'),(1855,143,'1971-12-31',90,0,NULL,NULL,'C','\\N'),(1856,143,'1972-12-31',90,0,NULL,NULL,'C','\\N'),(1857,143,'1973-12-31',90,0,NULL,NULL,'C','\\N'),(1858,143,'1974-12-31',90,0,NULL,NULL,'C','\\N'),(1859,143,'1975-12-31',90,0,NULL,NULL,'C','\\N'),(1860,143,'1976-12-31',90,0,NULL,NULL,'C','\\N'),(1861,143,'1977-12-31',90,0,NULL,NULL,'C','\\N'),(1862,143,'1978-12-31',90,0,NULL,NULL,'C','\\N'),(1863,143,'1979-12-31',90,0,NULL,NULL,'C','\\N'),(1864,143,'1980-12-31',90,0,NULL,NULL,'C','\\N'),(1865,143,'1981-12-31',90,0,NULL,NULL,'C','\\N'),(1866,143,'1982-12-31',90,0,NULL,NULL,'C','\\N'),(1867,143,'1983-12-31',90,0,NULL,NULL,'C','\\N'),(1868,143,'1984-12-31',90,0,NULL,NULL,'C','\\N'),(1869,143,'1985-12-31',90,0,NULL,NULL,'C','\\N'),(1870,143,'1986-12-31',90,0,NULL,NULL,'C','\\N'),(1871,143,'1987-12-31',90,0,NULL,NULL,'C','\\N'),(1872,143,'1988-12-31',90,0,NULL,NULL,'C','\\N'),(1873,143,'1989-12-31',90,0,NULL,NULL,'C','\\N'),(1874,143,'1990-12-31',90,0,NULL,NULL,'C','\\N'),(1875,143,'1991-12-31',90,0,NULL,NULL,'C','\\N'),(1876,143,'1992-12-31',90,0,NULL,NULL,'C','\\N'),(1877,143,'1993-12-31',90,0,NULL,NULL,'C','\\N'),(1878,143,'1994-12-31',90,0,NULL,NULL,'C','\\N'),(1879,143,'1995-12-31',90,0,NULL,NULL,'C','\\N'),(1880,143,'1996-12-31',90,0,NULL,NULL,'C','\\N'),(1881,143,'1997-12-31',90,0,NULL,NULL,'C','\\N'),(1882,143,'1998-12-31',90,0,NULL,NULL,'C','\\N'),(1883,143,'1999-12-31',90,0,NULL,NULL,'C','\\N'),(1884,143,'2000-12-31',90,0,NULL,NULL,'C','\\N'),(1885,143,'2001-12-31',90,0,NULL,NULL,'C','\\N'),(1886,143,'2002-12-31',90,0,NULL,NULL,'C','\\N'),(1887,143,'2003-12-31',90,0,NULL,NULL,'C','\\N'),(1888,143,'2004-12-31',90,0,NULL,NULL,'C','\\N'),(1889,143,'2005-12-31',90,0,NULL,NULL,'C','\\N'),(1890,144,'2005-12-31',90,0,NULL,'nagaoka','M',NULL),(1891,144,'2005-12-31',50,0,NULL,'nagaoka','M',NULL),(1892,147,'2005-12-31',90,0,NULL,NULL,NULL,NULL),(1893,147,'2005-12-31',50,0,NULL,NULL,'V2',NULL),(1894,148,'2004-12-31',50,0,NULL,NULL,'V','\\N'),(1895,148,'2005-12-31',50,0,'2007-02-26 16:09:37','nagaoka','V',NULL),(1896,148,'2005-12-31',90,0,'2007-02-26 16:09:37','nagaoka',NULL,NULL),(1897,149,'2005-12-31',90,0,'2007-03-02 14:59:33','akita','C',NULL),(1898,149,'2005-12-31',50,0,'2007-03-02 14:59:33','akita',NULL,NULL),(1899,150,'2005-12-31',90,0,'2007-03-08 16:35:06','jpo','C',NULL),(1900,150,'2005-12-31',50,0,'2007-03-08 16:35:06','jpo','C',NULL),(1901,151,'2005-12-31',90,0,'2007-03-08 17:36:54','jpo','C',NULL),(1902,151,'2005-12-31',50,0,'2007-03-08 17:36:54','jpo','C',NULL),(1903,155,'2005-12-31',90,0,'2007-03-09 16:15:11','jpo','M',NULL),(1904,155,'2005-12-31',50,0,'2007-03-09 16:15:11','jpo','M',NULL),(1905,150,'2004-12-31',50,0,'2007-03-20 10:53:45','kumagai','C',NULL),(1906,150,'2004-12-31',90,0,'2007-03-20 10:53:45','kumagai','C',NULL),(1907,151,'2004-12-31',50,0,'2007-03-20 10:53:45','kumagai','C',NULL),(1908,151,'2004-12-31',90,0,'2007-03-20 10:53:45','kumagai','C',NULL),(1909,155,'2004-12-31',50,0,'2007-03-20 10:53:45','kumagai','C',NULL),(1910,155,'2004-12-31',90,0,'2007-03-20 10:53:45','kumagai','C',NULL),(1913,1,'2006-12-31',90,0,'2008-02-06 08:23:30',NULL,'S',''),(1914,1,'2006-12-31',50,0,NULL,NULL,'S',''),(1915,2,'2006-12-31',90,0,'2008-01-10 17:51:17',NULL,'V',''),(1916,2,'2006-12-31',50,0,'2008-01-10 17:51:17',NULL,'V',''),(1917,3,'2006-12-31',90,0,NULL,NULL,'D,C',NULL),(1918,3,'2006-12-31',50,0,NULL,NULL,'M',NULL),(1919,4,'2006-12-31',90,0,'2008-01-10 18:03:11',NULL,'C',''),(1920,4,'2006-12-31',50,0,NULL,NULL,'M',''),(1921,5,'2006-12-31',90,0,NULL,NULL,'C',' 採収終了'),(1922,5,'2006-12-31',50,0,NULL,NULL,'V2',' 採収終了'),(1923,6,'2006-12-31',90,0,'2008-01-10 18:03:58',NULL,'D',''),(1924,6,'2006-12-31',50,0,NULL,NULL,'M',''),(1925,7,'2006-12-31',90,0,NULL,NULL,'C','採収終了'),(1926,7,'2006-12-31',50,0,NULL,NULL,'V2','採収終了'),(1933,9,'2006-12-31',90,0,NULL,NULL,NULL,'上下層一括評価により、全鉱量を上層に入力（uchiyama)'),(1934,9,'2006-12-31',50,0,NULL,NULL,NULL,'上下層一括評価により、全鉱量を上層に入力（uchiyama）'),(1935,10,'2006-12-31',90,0,NULL,NULL,'C',' 採収終了'),(1936,10,'2006-12-31',50,0,NULL,NULL,'V2',' 採収終了'),(1937,11,'2006-12-31',90,0,'2008-01-10 18:06:25',NULL,'C',''),(1938,11,'2006-12-31',50,0,'2008-01-10 18:06:25',NULL,'M',''),(1939,12,'2006-12-31',90,0,'2008-01-10 18:07:47',NULL,'C',''),(1940,12,'2006-12-31',50,0,'2008-01-10 18:07:47',NULL,'M',''),(1941,13,'2006-12-31',90,0,'2008-01-10 18:08:38',NULL,'C',''),(1942,13,'2006-12-31',50,0,'2008-01-10 18:08:38',NULL,'M',''),(1943,14,'2006-12-31',90,0,'2008-01-10 18:09:27',NULL,'C',''),(1944,14,'2006-12-31',50,0,'2008-01-10 18:09:27',NULL,'M',''),(1945,15,'2006-12-31',90,0,NULL,NULL,'C',''),(1946,15,'2006-12-31',50,0,'2008-01-10 18:10:19',NULL,'M',''),(1947,16,'2006-12-31',90,0,NULL,NULL,'D',''),(1948,16,'2006-12-31',50,0,'2008-01-10 18:32:15',NULL,NULL,''),(1949,17,'2006-12-31',90,0,NULL,NULL,'C',' 採収終了'),(1950,17,'2006-12-31',50,0,NULL,NULL,'V2',' 採収終了'),(1951,18,'2006-12-31',90,0,NULL,NULL,'C','採収終了'),(1952,18,'2006-12-31',50,0,NULL,NULL,NULL,'採収終了'),(1953,19,'2006-12-31',90,0,'2008-01-10 18:49:10',NULL,'C','減退曲線見直し'),(1954,19,'2006-12-31',50,0,'2008-01-10 18:49:10',NULL,NULL,''),(1955,20,'2006-12-31',90,0,'2008-01-10 18:57:02',NULL,'D',''),(1956,20,'2006-12-31',50,0,'2008-01-10 18:57:02',NULL,'D',''),(1957,21,'2006-12-31',90,0,'2008-01-10 19:02:00',NULL,'D',''),(1958,21,'2006-12-31',50,0,'2008-01-10 19:02:00',NULL,'M',''),(1959,22,'2006-12-31',90,0,'2008-01-10 19:04:08',NULL,'D',''),(1960,22,'2006-12-31',50,0,NULL,NULL,'M',''),(1961,23,'2006-12-31',90,0,NULL,NULL,'C',NULL),(1962,23,'2006-12-31',50,0,NULL,NULL,'V3',NULL),(1963,24,'2006-12-31',90,0,NULL,NULL,'C',NULL),(1964,24,'2006-12-31',50,0,NULL,NULL,'V3',NULL),(1965,25,'2006-12-31',90,0,NULL,NULL,'C',NULL),(1966,25,'2006-12-31',50,0,NULL,NULL,'V3',NULL),(1967,26,'2006-12-31',90,0,NULL,NULL,'C',' 採収終了'),(1968,26,'2006-12-31',50,0,NULL,NULL,'V3',' 採収終了'),(1969,27,'2006-12-31',90,0,NULL,NULL,'D,C',' SK16水没,SK15減退見直し'),(1970,27,'2006-12-31',50,0,NULL,NULL,'V2,V3',' 採収終了'),(1971,28,'2006-12-31',90,0,NULL,NULL,'C',NULL),(1972,28,'2006-12-31',50,0,NULL,NULL,'V3',NULL),(1973,29,'2006-12-31',90,0,NULL,NULL,'D，C',NULL),(1974,29,'2006-12-31',50,0,NULL,NULL,'S',NULL),(1975,30,'2006-12-31',90,0,NULL,NULL,'C',' 採収終了'),(1976,30,'2006-12-31',50,0,NULL,NULL,NULL,' 採収終了'),(1977,31,'2006-12-31',90,0,NULL,NULL,'M',' 全坑井廃坑→採収終了'),(1978,31,'2006-12-31',50,0,NULL,NULL,'M',' 全坑井廃坑→採収終了'),(1979,32,'2006-12-31',90,0,NULL,NULL,'C',' 採収終了'),(1980,32,'2006-12-31',50,0,NULL,NULL,NULL,' 採収終了'),(1981,33,'2006-12-31',90,0,'2008-01-10 19:12:24',NULL,'C',''),(1982,33,'2006-12-31',50,0,NULL,NULL,'S','評価中'),(1983,34,'2006-12-31',90,0,NULL,NULL,'C',NULL),(1984,34,'2006-12-31',50,0,NULL,NULL,NULL,' 評価中'),(1985,35,'2006-12-31',90,0,'2008-01-10 19:13:22',NULL,'C',''),(1986,35,'2006-12-31',50,0,NULL,NULL,'S',''),(1987,36,'2006-12-31',90,0,'2008-01-10 19:14:25',NULL,'C',''),(1988,36,'2006-12-31',50,0,'2008-01-10 19:14:25',NULL,'D',''),(1989,37,'2006-12-31',90,0,NULL,NULL,'D',NULL),(1990,37,'2006-12-31',50,0,NULL,NULL,'M',NULL),(1991,38,'2006-12-31',90,0,NULL,NULL,'V',''),(1992,38,'2006-12-31',50,0,NULL,NULL,'M',''),(1993,39,'2006-12-31',90,0,'2008-12-09 13:50:38',NULL,'D, V',''),(1994,39,'2006-12-31',50,0,NULL,NULL,'M',''),(1995,40,'2006-12-31',90,0,'2008-01-10 19:17:07',NULL,'V',''),(1996,40,'2006-12-31',50,0,'2008-01-10 19:17:07',NULL,'S',''),(1997,41,'2006-12-31',90,0,'2008-01-10 19:18:34',NULL,'C',''),(1998,41,'2006-12-31',50,0,'2008-01-10 19:18:34',NULL,'S',''),(1999,42,'2006-12-31',90,0,NULL,NULL,'V,S',NULL),(2000,42,'2006-12-31',50,0,NULL,NULL,'S',NULL),(2001,43,'2006-12-31',90,0,'2008-01-10 19:19:52',NULL,'C',''),(2002,43,'2006-12-31',50,0,'2008-01-10 19:19:52',NULL,'M','SK-55 推定分'),(2003,44,'2006-12-31',90,0,'2008-01-10 19:21:03',NULL,'C',''),(2004,44,'2006-12-31',50,0,NULL,NULL,'M',''),(2005,45,'2006-12-31',90,0,NULL,NULL,'C',' 採収終了'),(2006,45,'2006-12-31',50,0,NULL,NULL,NULL,' 採収終了'),(2007,46,'2006-12-31',90,0,NULL,NULL,'D,C',NULL),(2008,46,'2006-12-31',50,0,NULL,NULL,'V',NULL),(2009,47,'2006-12-31',90,0,NULL,NULL,'C',' 採収終了'),(2010,47,'2006-12-31',50,0,NULL,NULL,NULL,' 採収終了'),(2011,48,'2006-12-31',90,0,NULL,NULL,'C','採収終了'),(2012,48,'2006-12-31',50,0,NULL,NULL,'C','採収終了'),(2013,49,'2006-12-31',90,0,NULL,NULL,'C','採収終了'),(2014,49,'2006-12-31',50,0,NULL,NULL,'C','採収終了'),(2015,50,'2006-12-31',90,0,NULL,NULL,'C','採収終了'),(2016,50,'2006-12-31',50,0,NULL,NULL,'C','採収終了'),(2017,51,'2006-12-31',90,0,NULL,NULL,'C','採収終了'),(2018,51,'2006-12-31',50,0,NULL,NULL,'C','採収終了'),(2019,52,'2006-12-31',90,0,NULL,NULL,'C','採収終了'),(2020,52,'2006-12-31',50,0,NULL,NULL,'C','採収終了'),(2021,53,'2006-12-31',90,0,NULL,NULL,'C','採収終了'),(2022,53,'2006-12-31',50,0,NULL,NULL,'C','採収終了'),(2023,54,'2006-12-31',90,0,'2008-01-10 20:08:57',NULL,'C','実績計上に変更'),(2024,54,'2006-12-31',50,0,NULL,NULL,NULL,''),(2025,55,'2006-12-31',90,0,NULL,NULL,'M',NULL),(2026,55,'2006-12-31',50,0,NULL,NULL,NULL,NULL),(2027,56,'2006-12-31',90,0,NULL,NULL,'M',NULL),(2028,56,'2006-12-31',50,0,NULL,NULL,NULL,'鉱量確定'),(2029,57,'2006-12-31',90,0,'2008-01-10 20:13:27',NULL,'D','実績計上に変更'),(2030,57,'2006-12-31',50,0,NULL,NULL,NULL,''),(2031,58,'2006-12-31',90,0,NULL,NULL,'C','採収済み'),(2032,58,'2006-12-31',50,0,NULL,NULL,NULL,''),(2033,59,'2006-12-31',90,0,NULL,NULL,'C','\\N'),(2034,59,'2006-12-31',50,0,NULL,NULL,'C','\\N'),(2035,60,'2006-12-31',90,0,NULL,NULL,'C','\\N'),(2036,60,'2006-12-31',50,0,NULL,NULL,'C','\\N'),(2037,61,'2006-12-31',90,0,NULL,NULL,'C','\\N'),(2038,61,'2006-12-31',50,0,NULL,NULL,'C','\\N'),(2039,62,'2006-12-31',90,0,NULL,NULL,'C','\\N'),(2040,62,'2006-12-31',50,0,NULL,NULL,'C','\\N'),(2041,63,'2006-12-31',90,0,NULL,NULL,'C','\\N'),(2042,63,'2006-12-31',50,0,NULL,NULL,'C','\\N'),(2043,64,'2006-12-31',90,0,NULL,NULL,'C','\\N'),(2044,64,'2006-12-31',50,0,NULL,NULL,'C','\\N'),(2045,65,'2006-12-31',90,0,NULL,NULL,'C','\\N'),(2046,65,'2006-12-31',50,0,NULL,NULL,'C','\\N'),(2047,66,'2006-12-31',90,0,NULL,NULL,'C','\\N'),(2048,66,'2006-12-31',50,0,NULL,NULL,'C','\\N'),(2049,67,'2006-12-31',90,0,NULL,NULL,'C','\\N'),(2050,67,'2006-12-31',50,0,NULL,NULL,'C','\\N'),(2051,68,'2006-12-31',90,0,NULL,NULL,'C',NULL),(2052,68,'2006-12-31',50,0,NULL,NULL,'C',NULL),(2053,69,'2006-12-31',90,0,NULL,NULL,'C',NULL),(2054,69,'2006-12-31',50,0,NULL,NULL,'C',NULL),(2055,70,'2006-12-31',90,0,NULL,NULL,'C',NULL),(2056,70,'2006-12-31',50,0,NULL,NULL,'C',NULL),(2057,71,'2006-12-31',90,0,NULL,NULL,'V','\\N'),(2058,71,'2006-12-31',50,0,NULL,NULL,'V','\\N'),(2059,72,'2006-12-31',90,0,NULL,NULL,'V','\\N'),(2060,72,'2006-12-31',50,0,NULL,NULL,'V','\\N'),(2061,73,'2006-12-31',90,0,'2008-01-10 20:20:57',NULL,'C','実績計上'),(2062,73,'2006-12-31',50,0,NULL,NULL,NULL,'実績計上'),(2063,74,'2006-12-31',90,0,NULL,NULL,'C',''),(2064,74,'2006-12-31',50,0,NULL,NULL,'C',''),(2065,75,'2006-12-31',90,0,NULL,NULL,'V',''),(2066,75,'2006-12-31',50,0,NULL,NULL,'V',''),(2067,76,'2006-12-31',90,0,NULL,NULL,'V',''),(2068,76,'2006-12-31',50,0,NULL,NULL,'V',''),(2069,77,'2006-12-31',90,0,NULL,NULL,'V',NULL),(2070,77,'2006-12-31',50,0,NULL,NULL,'V',NULL),(2071,78,'2006-12-31',90,0,NULL,NULL,'V',NULL),(2072,78,'2006-12-31',50,0,NULL,NULL,'V',NULL),(2073,79,'2006-12-31',90,0,NULL,NULL,'V',NULL),(2074,79,'2006-12-31',50,0,NULL,NULL,'V',NULL),(2075,80,'2006-12-31',90,0,NULL,NULL,'M',''),(2076,80,'2006-12-31',50,0,NULL,NULL,'M',''),(2077,81,'2006-12-31',90,0,'2008-01-10 20:35:40',NULL,'D','推定全量を確認にランクアップ'),(2078,81,'2006-12-31',50,0,'2008-01-10 20:35:40',NULL,'D','推定全量を確認にランクアップ'),(2079,82,'2006-12-31',90,0,NULL,NULL,'C','\\N'),(2080,82,'2006-12-31',50,0,NULL,NULL,'C','\\N'),(2081,83,'2006-12-31',90,0,'2008-01-10 20:37:00',NULL,'V',''),(2082,83,'2006-12-31',50,0,NULL,NULL,'V',''),(2083,84,'2006-12-31',90,0,NULL,NULL,'C','\\N'),(2084,84,'2006-12-31',50,0,NULL,NULL,'C','\\N'),(2085,85,'2006-12-31',90,0,NULL,NULL,'C','\\N'),(2086,85,'2006-12-31',50,0,NULL,NULL,'C','\\N'),(2087,86,'2006-12-31',90,0,'2008-01-10 20:59:53',NULL,'C','全構成実績形状'),(2088,86,'2006-12-31',50,0,NULL,NULL,'V',''),(2089,87,'2006-12-31',90,0,NULL,NULL,'M','H3/12以降生産実績無し'),(2090,87,'2006-12-31',50,0,NULL,NULL,'V',''),(2091,88,'2006-12-31',90,0,NULL,NULL,'D','H9/10保安対策実施'),(2092,88,'2006-12-31',50,0,NULL,NULL,'V',''),(2093,89,'2006-12-31',90,0,NULL,NULL,'V','H9/10保安対策実施'),(2094,89,'2006-12-31',50,0,NULL,NULL,'V',''),(2095,90,'2006-12-31',90,0,'2008-12-12 13:49:26',NULL,'M',''),(2096,90,'2006-12-31',50,0,NULL,NULL,'V',''),(2097,91,'2006-12-31',90,0,NULL,NULL,'見込み',''),(2098,91,'2006-12-31',50,0,NULL,NULL,'V',''),(2099,92,'2006-12-31',90,0,NULL,NULL,'C',''),(2100,92,'2006-12-31',50,0,NULL,NULL,NULL,''),(2101,93,'2006-12-31',90,0,NULL,NULL,'C','採収済'),(2102,93,'2006-12-31',50,0,NULL,NULL,NULL,''),(2103,94,'2006-12-31',90,0,NULL,NULL,'M',NULL),(2104,94,'2006-12-31',50,0,NULL,NULL,'M',NULL),(2105,95,'2006-12-31',90,0,NULL,NULL,'M',''),(2106,95,'2006-12-31',50,0,NULL,NULL,NULL,''),(2107,96,'2006-12-31',90,0,NULL,NULL,'C',''),(2108,96,'2006-12-31',50,0,NULL,NULL,'V',''),(2109,97,'2006-12-31',90,0,'2008-03-04 11:54:44',NULL,'V','\\N'),(2110,97,'2006-12-31',50,0,NULL,NULL,'V','\\N'),(2111,98,'2006-12-31',90,0,NULL,NULL,'V',''),(2112,98,'2006-12-31',50,0,NULL,NULL,'V',''),(2113,99,'2006-12-31',90,0,NULL,NULL,'V',''),(2114,99,'2006-12-31',50,0,NULL,NULL,'V',''),(2115,100,'2006-12-31',90,0,NULL,NULL,'None','GreenTuff一括評価'),(2116,100,'2006-12-31',50,0,NULL,NULL,'None','None'),(2117,101,'2006-12-31',90,0,NULL,NULL,'None','GreenTuff一括評価'),(2118,101,'2006-12-31',50,0,NULL,NULL,'None','None'),(2119,102,'2006-12-31',90,0,NULL,NULL,'None','GreenTuff一括評価'),(2120,102,'2006-12-31',50,0,NULL,NULL,'None','None'),(2121,103,'2006-12-31',90,0,NULL,NULL,'V','None'),(2122,103,'2006-12-31',50,0,NULL,NULL,'M','平成16年末推定 ： 20real-早期着水model'),(2123,104,'2006-12-31',90,0,NULL,NULL,'C',''),(2124,104,'2006-12-31',50,0,'2008-01-11 09:44:44',NULL,'M',''),(2125,105,'2006-12-31',90,0,'2008-01-11 13:50:58',NULL,'M','採算限界延長(?)による増加'),(2126,105,'2006-12-31',50,0,'2008-01-11 13:50:58',NULL,'M',''),(2127,106,'2006-12-31',90,0,NULL,NULL,'C',''),(2128,106,'2006-12-31',50,0,'2008-12-17 15:22:03',NULL,'S',''),(2129,107,'2006-12-31',90,0,'2008-01-11 15:19:31',NULL,'S','再評価、ガスリフト停止による減'),(2130,107,'2006-12-31',50,0,'2008-01-11 15:19:31',NULL,'S','再評価、新掘に伴い B10 の生産可能期間アップ'),(2131,108,'2006-12-31',90,0,'2008-01-11 15:21:50',NULL,'D','ガスリフト停止による減'),(2132,108,'2006-12-31',50,0,'2008-01-11 15:21:50',NULL,'D','ガスリフト停止による減'),(2133,109,'2006-12-31',90,0,'2008-01-11 15:24:14',NULL,'D','ガスリフト停止による減'),(2134,109,'2006-12-31',50,0,'2008-01-11 15:24:14',NULL,'D','Loc. V 新掘による増'),(2135,110,'2006-12-31',90,0,'2008-01-11 15:25:19',NULL,'D','ガスリフト停止による減'),(2136,110,'2006-12-31',50,0,'2008-01-11 15:25:19',NULL,'D',''),(2137,111,'2006-12-31',90,0,'2008-01-11 17:23:33',NULL,'S',''),(2138,111,'2006-12-31',50,0,'2008-01-11 17:23:33',NULL,'S',''),(2139,112,'2006-12-31',90,0,'2008-01-11 17:25:13',NULL,'M',''),(2140,112,'2006-12-31',50,0,'2008-01-11 17:25:13',NULL,'M',''),(2141,113,'2006-12-31',90,0,'2008-01-11 17:26:41',NULL,'M',''),(2142,113,'2006-12-31',50,0,'2008-01-11 17:26:41',NULL,'M',''),(2143,114,'2006-12-31',90,0,NULL,NULL,'C','廃層済み'),(2144,114,'2006-12-31',50,0,NULL,NULL,'C','廃層済み'),(2145,116,'2006-12-31',90,0,NULL,NULL,'C','\\N'),(2146,117,'2006-12-31',90,0,NULL,NULL,'C','ない'),(2147,117,'2006-12-31',50,0,NULL,NULL,'C','ない'),(2148,118,'2006-12-31',90,0,NULL,NULL,'C','\\N'),(2149,119,'2006-12-31',90,0,NULL,NULL,'C','\\N'),(2150,120,'2006-12-31',90,0,NULL,NULL,'C','\\N'),(2151,121,'2006-12-31',90,0,NULL,NULL,'C','\\N'),(2152,122,'2006-12-31',90,0,NULL,NULL,'C','\\N'),(2153,123,'2006-12-31',90,0,NULL,NULL,'C','\\N'),(2154,124,'2006-12-31',90,0,NULL,NULL,'C','\\N'),(2155,125,'2006-12-31',90,0,NULL,NULL,'C','\\N'),(2156,126,'2006-12-31',90,0,NULL,NULL,'C','\\N'),(2157,127,'2006-12-31',90,0,NULL,NULL,'C','\\N'),(2158,128,'2006-12-31',90,0,NULL,NULL,'C','\\N'),(2159,129,'2006-12-31',90,0,NULL,NULL,'C','\\N'),(2160,130,'2006-12-31',90,0,NULL,NULL,'C','\\N'),(2161,131,'2006-12-31',90,0,NULL,NULL,'C','\\N'),(2162,132,'2006-12-31',90,0,NULL,NULL,'C','\\N'),(2163,133,'2006-12-31',90,0,NULL,NULL,'C','\\N'),(2164,134,'2006-12-31',90,0,NULL,NULL,'C','\\N'),(2165,135,'2006-12-31',90,0,NULL,NULL,'C','\\N'),(2166,136,'2006-12-31',90,0,NULL,NULL,'C','\\N'),(2167,137,'2006-12-31',90,0,NULL,NULL,'C','\\N'),(2168,138,'2006-12-31',90,0,NULL,NULL,'C','\\N'),(2169,139,'2006-12-31',90,0,NULL,NULL,'C','\\N'),(2170,140,'2006-12-31',90,0,NULL,NULL,'C','\\N'),(2171,141,'2006-12-31',90,0,NULL,NULL,'C','\\N'),(2172,142,'2006-12-31',90,0,NULL,NULL,'C','\\N'),(2173,143,'2006-12-31',90,0,NULL,NULL,'C','\\N'),(2174,144,'2006-12-31',90,0,NULL,NULL,'M',NULL),(2175,144,'2006-12-31',50,0,NULL,NULL,'M',NULL),(2176,147,'2006-12-31',90,0,NULL,NULL,NULL,NULL),(2177,147,'2006-12-31',50,0,NULL,NULL,'V2',NULL),(2178,148,'2006-12-31',90,0,NULL,NULL,NULL,NULL),(2179,148,'2006-12-31',50,0,NULL,NULL,'V',NULL),(2180,149,'2006-12-31',90,0,NULL,NULL,'C',NULL),(2181,149,'2006-12-31',50,0,NULL,NULL,NULL,NULL),(2182,150,'2006-12-31',90,0,NULL,NULL,'C',NULL),(2183,150,'2006-12-31',50,0,NULL,NULL,'C',NULL),(2184,151,'2006-12-31',90,0,NULL,NULL,'C',''),(2185,151,'2006-12-31',50,0,NULL,NULL,'C',''),(2186,155,'2006-12-31',90,0,'2008-12-12 16:12:38',NULL,'C',''),(2187,155,'2006-12-31',50,0,NULL,NULL,'M',''),(2188,156,'2006-12-31',90,0,'2008-01-10 18:05:12',NULL,'C',''),(2189,156,'2006-12-31',50,0,NULL,NULL,'M',''),(2190,1,'2007-12-31',90,0,'2008-03-13 15:23:13',NULL,'S',''),(2191,1,'2007-12-31',50,0,'2008-03-05 14:13:31',NULL,'S',''),(2192,2,'2007-12-31',90,0,NULL,NULL,'V',''),(2193,2,'2007-12-31',50,0,NULL,NULL,'V',''),(2194,3,'2007-12-31',90,0,'2008-12-03 15:49:45',NULL,'D','可採鉱量（原油）ワード文章数値相違'),(2195,3,'2007-12-31',50,0,'2008-12-09 14:14:22',NULL,'M','H19末推定カット'),(2196,4,'2007-12-31',90,0,'2008-12-03 16:20:10',NULL,'D',''),(2197,4,'2007-12-31',50,0,NULL,NULL,'M',''),(2198,5,'2007-12-31',90,0,NULL,NULL,'C','採収終了'),(2199,5,'2007-12-31',50,0,NULL,NULL,'V2','採収終了'),(2200,6,'2007-12-31',90,0,'2008-12-03 16:09:16',NULL,'D',''),(2201,6,'2007-12-31',50,0,NULL,NULL,'V5',''),(2202,7,'2007-12-31',90,0,NULL,NULL,'C','採収終了'),(2203,7,'2007-12-31',50,0,NULL,NULL,'V2','採収終了'),(2206,9,'2007-12-31',90,0,NULL,NULL,NULL,'上下層一括評価により、全鉱量を上層に入力（uchiyama)'),(2207,9,'2007-12-31',50,0,NULL,NULL,NULL,'上下層一括評価により、全鉱量を上層に入力（uchiyama）'),(2208,10,'2007-12-31',90,0,NULL,NULL,'C','採収終了'),(2209,10,'2007-12-31',50,0,NULL,NULL,'V2','採収終了'),(2210,11,'2007-12-31',90,0,'2008-12-03 16:18:12',NULL,'D',''),(2211,11,'2007-12-31',50,0,NULL,NULL,'D','H18末推定カット'),(2212,12,'2007-12-31',90,0,'2009-02-16 14:32:10',NULL,'D','可採鉱量（原油）文章の数値相違'),(2213,12,'2007-12-31',50,0,NULL,NULL,'D','H18末推定カット'),(2214,13,'2007-12-31',90,0,'2008-12-03 17:16:14',NULL,'D',''),(2215,13,'2007-12-31',50,0,NULL,NULL,'V1','H18末推定カット'),(2216,14,'2007-12-31',90,0,'2008-12-03 17:17:36',NULL,'D',''),(2217,14,'2007-12-31',50,0,NULL,NULL,'V1','H18末推定カット'),(2218,15,'2007-12-31',90,0,'2008-12-03 17:19:25',NULL,'D',''),(2219,15,'2007-12-31',50,0,NULL,NULL,'V1','H18末推定カット'),(2220,16,'2007-12-31',90,0,NULL,NULL,'C',''),(2221,16,'2007-12-31',50,0,NULL,NULL,'V1','H18末推定カット'),(2222,17,'2007-12-31',90,0,NULL,NULL,'C','採収終了'),(2223,17,'2007-12-31',50,0,NULL,NULL,'V2','採収終了'),(2224,18,'2007-12-31',90,0,NULL,NULL,'C','採収終了'),(2225,18,'2007-12-31',50,0,NULL,NULL,'V1,V2','2004年で採収終了'),(2226,19,'2007-12-31',90,0,'2009-02-16 15:24:38',NULL,'D','減退曲線見直し'),(2227,19,'2007-12-31',50,0,'2008-12-09 14:38:56',NULL,'D','H19末推定カット　(容積法RF30%)'),(2228,20,'2007-12-31',90,0,'2008-12-04 14:01:48',NULL,'D','累計生産量（原油）の文書の数値相違'),(2229,20,'2007-12-31',50,0,'2008-12-09 14:39:42',NULL,'D','H19末推定カット　（減退評価）'),(2230,21,'2007-12-31',90,0,'2008-12-05 15:36:55',NULL,'D',''),(2231,21,'2007-12-31',50,0,'2008-12-09 14:40:17',NULL,'M','H19末推定カット(マテバラ:水押し変）'),(2232,22,'2007-12-31',90,0,'2008-12-04 14:04:07',NULL,'D',''),(2233,22,'2007-12-31',50,0,NULL,NULL,'V3',''),(2234,23,'2007-12-31',90,0,NULL,NULL,'C',NULL),(2235,23,'2007-12-31',50,0,NULL,NULL,'V3',NULL),(2236,24,'2007-12-31',90,0,NULL,NULL,'C',NULL),(2237,24,'2007-12-31',50,0,NULL,NULL,'V3',NULL),(2238,25,'2007-12-31',90,0,NULL,NULL,'C',NULL),(2239,25,'2007-12-31',50,0,NULL,NULL,'V3',NULL),(2240,26,'2007-12-31',90,0,NULL,NULL,'C',' 採収終了'),(2241,26,'2007-12-31',50,0,NULL,NULL,'V3',' 採収終了'),(2242,27,'2007-12-31',90,0,NULL,NULL,'D,C',' SK16水没,SK15減退見直し'),(2243,27,'2007-12-31',50,0,NULL,NULL,'V2,V3',' 採収終了'),(2244,28,'2007-12-31',90,0,NULL,NULL,'C',NULL),(2245,28,'2007-12-31',50,0,NULL,NULL,'V3',NULL),(2246,29,'2007-12-31',90,0,NULL,NULL,'D，C',NULL),(2247,29,'2007-12-31',50,0,NULL,NULL,'S',NULL),(2248,30,'2007-12-31',90,0,NULL,NULL,'C',' 採収終了'),(2249,30,'2007-12-31',50,0,NULL,NULL,NULL,' 採収終了'),(2250,31,'2007-12-31',90,0,NULL,NULL,'M',' 全坑井廃坑→採収終了'),(2251,31,'2007-12-31',50,0,NULL,NULL,'M',' 全坑井廃坑→採収終了'),(2252,32,'2007-12-31',90,0,NULL,NULL,'C',' 採収終了'),(2253,32,'2007-12-31',50,0,NULL,NULL,NULL,' 採収終了'),(2254,33,'2007-12-31',90,0,'2008-12-05 15:55:33',NULL,'C',''),(2255,33,'2007-12-31',50,0,NULL,NULL,'V','評価中'),(2256,34,'2007-12-31',90,0,NULL,NULL,'C',''),(2257,34,'2007-12-31',50,0,NULL,NULL,'V','評価中'),(2258,35,'2007-12-31',90,0,'2009-02-09 18:05:10',NULL,'C',''),(2259,35,'2007-12-31',50,0,NULL,NULL,'V',''),(2260,36,'2007-12-31',90,0,'2008-12-04 16:03:25',NULL,'D',''),(2261,36,'2007-12-31',50,0,'2009-02-10 16:28:54',NULL,'D','確認が増えた分推定が減'),(2262,37,'2007-12-31',90,0,'2008-12-04 16:14:14',NULL,'D',''),(2263,37,'2007-12-31',50,0,'2009-02-10 16:31:59',NULL,'M','SK-9水没に伴い確認鉱量実績計上へ'),(2264,38,'2007-12-31',90,0,NULL,NULL,'V',''),(2265,38,'2007-12-31',50,0,NULL,NULL,'V','確認鉱量増加(南鮎川+中鮎川)'),(2266,39,'2007-12-31',90,0,'2008-12-09 13:55:54',NULL,'V,D',''),(2267,39,'2007-12-31',50,0,'2009-02-10 18:18:40',NULL,'V',''),(2268,40,'2007-12-31',90,0,'2008-12-05 16:18:52',NULL,'V',''),(2269,40,'2007-12-31',50,0,'2009-02-10 18:55:08',NULL,'S','確認鉱量増加(SK12・SK-16DH)'),(2270,41,'2007-12-31',90,0,'2008-12-05 16:32:32',NULL,'S','累計生産量・可採鉱量(ｶﾞｽ)が文章と相違'),(2271,41,'2007-12-31',50,0,'2009-02-25 14:24:31',NULL,'S','GORの見直しで確認が増減した分'),(2272,42,'2007-12-31',90,0,'2009-02-16 11:18:43',NULL,'V,S',''),(2273,42,'2007-12-31',50,0,NULL,NULL,'S','OOIP: 3,409.2'),(2274,43,'2007-12-31',90,0,'2009-02-26 19:09:40',NULL,'D','累計生産量・可採鉱量（ｶﾞｽ)が文章の数値と相違'),(2275,43,'2007-12-31',50,0,'2008-12-09 15:43:27',NULL,'D','SK-55 推定分    GOR'),(2276,44,'2007-12-31',90,0,'2008-12-05 16:49:05',NULL,'D',''),(2277,44,'2007-12-31',50,0,NULL,NULL,NULL,''),(2278,45,'2007-12-31',90,0,NULL,NULL,'C','採収終了'),(2279,45,'2007-12-31',50,0,NULL,NULL,NULL,'採収終了'),(2280,46,'2007-12-31',90,0,'2009-02-26 19:18:15',NULL,'D','可採鉱量(ｶﾞｽ)文章の数値相違'),(2281,46,'2007-12-31',50,0,NULL,NULL,'D','1991時点の容積法評価を追加'),(2282,47,'2007-12-31',90,0,NULL,NULL,'C',' 採収終了'),(2283,47,'2007-12-31',50,0,NULL,NULL,NULL,' 採収終了'),(2284,48,'2007-12-31',90,0,NULL,NULL,'C','採収終了'),(2285,48,'2007-12-31',50,0,NULL,NULL,'C','採収終了'),(2286,49,'2007-12-31',90,0,NULL,NULL,'C','採収終了'),(2287,49,'2007-12-31',50,0,NULL,NULL,'C','採収終了'),(2288,50,'2007-12-31',90,0,NULL,NULL,'C','採収終了'),(2289,50,'2007-12-31',50,0,NULL,NULL,'C','採収終了'),(2290,51,'2007-12-31',90,0,NULL,NULL,'C','採収終了'),(2291,51,'2007-12-31',50,0,NULL,NULL,'C','採収終了'),(2292,52,'2007-12-31',90,0,NULL,NULL,'C','採収終了'),(2293,52,'2007-12-31',50,0,NULL,NULL,'C','採収終了'),(2294,53,'2007-12-31',90,0,NULL,NULL,'C','採収終了'),(2295,53,'2007-12-31',50,0,NULL,NULL,'C','採収終了'),(2296,54,'2007-12-31',90,0,'2008-12-10 11:18:07',NULL,'V','実績計上に変更'),(2297,54,'2007-12-31',50,0,NULL,NULL,NULL,''),(2298,55,'2007-12-31',90,0,NULL,NULL,'M',''),(2299,55,'2007-12-31',50,0,NULL,NULL,'V',''),(2300,56,'2007-12-31',90,0,NULL,NULL,'M',''),(2301,56,'2007-12-31',50,0,NULL,NULL,'V',''),(2302,57,'2007-12-31',90,0,NULL,NULL,'C','実績計上に変更'),(2303,57,'2007-12-31',50,0,NULL,NULL,NULL,''),(2304,58,'2007-12-31',90,0,NULL,NULL,'C','採収済み'),(2305,58,'2007-12-31',50,0,NULL,NULL,NULL,''),(2306,59,'2007-12-31',90,0,NULL,NULL,'C','\\N'),(2307,59,'2007-12-31',50,0,NULL,NULL,'C','\\N'),(2308,60,'2007-12-31',90,0,NULL,NULL,'C','\\N'),(2309,60,'2007-12-31',50,0,NULL,NULL,'C','\\N'),(2310,61,'2007-12-31',90,0,NULL,NULL,'C','\\N'),(2311,61,'2007-12-31',50,0,NULL,NULL,'C','\\N'),(2312,62,'2007-12-31',90,0,NULL,NULL,'C','\\N'),(2313,62,'2007-12-31',50,0,NULL,NULL,'C','\\N'),(2314,63,'2007-12-31',90,0,NULL,NULL,'C','\\N'),(2315,63,'2007-12-31',50,0,NULL,NULL,'C','\\N'),(2316,64,'2007-12-31',90,0,NULL,NULL,'C','\\N'),(2317,64,'2007-12-31',50,0,NULL,NULL,'C','\\N'),(2318,65,'2007-12-31',90,0,NULL,NULL,'C','\\N'),(2319,65,'2007-12-31',50,0,NULL,NULL,'C','\\N'),(2320,66,'2007-12-31',90,0,NULL,NULL,'C','\\N'),(2321,66,'2007-12-31',50,0,NULL,NULL,'C','\\N'),(2322,67,'2007-12-31',90,0,NULL,NULL,'C','\\N'),(2323,67,'2007-12-31',50,0,NULL,NULL,'C','\\N'),(2324,68,'2007-12-31',90,0,NULL,NULL,'C',''),(2325,68,'2007-12-31',50,0,NULL,NULL,'C',''),(2326,69,'2007-12-31',90,0,NULL,NULL,'C',NULL),(2327,69,'2007-12-31',50,0,NULL,NULL,'C',NULL),(2328,70,'2007-12-31',90,0,NULL,NULL,'C',''),(2329,70,'2007-12-31',50,0,NULL,NULL,'C',''),(2330,71,'2007-12-31',90,0,NULL,NULL,'V','\\N'),(2331,71,'2007-12-31',50,0,NULL,NULL,'V','\\N'),(2332,72,'2007-12-31',90,0,NULL,NULL,'V','\\N'),(2333,72,'2007-12-31',50,0,NULL,NULL,'V','\\N'),(2334,73,'2007-12-31',90,0,NULL,NULL,'D','実績計上'),(2335,73,'2007-12-31',50,0,NULL,NULL,'V','実績計上'),(2336,74,'2007-12-31',90,0,NULL,NULL,'C',''),(2337,74,'2007-12-31',50,0,NULL,NULL,'C',''),(2338,75,'2007-12-31',90,0,NULL,NULL,'V',''),(2339,75,'2007-12-31',50,0,NULL,NULL,'V',''),(2340,76,'2007-12-31',90,0,NULL,NULL,'V',''),(2341,76,'2007-12-31',50,0,NULL,NULL,'V',''),(2342,77,'2007-12-31',90,0,NULL,NULL,'V','累計生産量相違'),(2343,77,'2007-12-31',50,0,NULL,NULL,'V',''),(2344,78,'2007-12-31',90,0,NULL,NULL,'V',''),(2345,78,'2007-12-31',50,0,NULL,NULL,'V',''),(2346,79,'2007-12-31',90,0,NULL,NULL,'V','累計生産量相違'),(2347,79,'2007-12-31',50,0,NULL,NULL,'V',''),(2348,80,'2007-12-31',90,0,NULL,NULL,'M',''),(2349,80,'2007-12-31',50,0,NULL,NULL,'M',''),(2350,81,'2007-12-31',90,0,'2008-12-17 17:18:10',NULL,'D','推定全量を確認にランクアップ'),(2351,81,'2007-12-31',50,0,NULL,NULL,'D','推定全量を確認にランクアップ'),(2352,82,'2007-12-31',90,0,NULL,NULL,'C','\\N'),(2353,82,'2007-12-31',50,0,NULL,NULL,'C','\\N'),(2354,83,'2007-12-31',90,0,NULL,NULL,'V',''),(2355,83,'2007-12-31',50,0,NULL,NULL,'V',''),(2356,84,'2007-12-31',90,0,NULL,NULL,'C','\\N'),(2357,84,'2007-12-31',50,0,NULL,NULL,'C','\\N'),(2358,85,'2007-12-31',90,0,NULL,NULL,'C','\\N'),(2359,85,'2007-12-31',50,0,NULL,NULL,'C','\\N'),(2360,86,'2007-12-31',90,0,'2008-12-10 14:09:46',NULL,'C','全構成実績形状'),(2361,86,'2007-12-31',50,0,NULL,NULL,NULL,'該当する鉱量なし（98評価）'),(2362,87,'2007-12-31',90,0,'2008-12-10 14:13:12',NULL,'M',''),(2363,87,'2007-12-31',50,0,NULL,NULL,NULL,'評価作業準備中'),(2364,88,'2007-12-31',90,0,'2008-12-10 14:14:47',NULL,'D',''),(2365,88,'2007-12-31',50,0,NULL,NULL,NULL,'評価作業準備中'),(2366,89,'2007-12-31',90,0,'2008-12-10 14:16:57',NULL,'V',''),(2367,89,'2007-12-31',50,0,NULL,NULL,NULL,'評価作業準備中'),(2368,90,'2007-12-31',90,0,'2008-12-12 13:50:07',NULL,'M',''),(2369,90,'2007-12-31',50,0,NULL,NULL,NULL,'評価作業準備中'),(2370,91,'2007-12-31',90,0,'2008-12-12 13:51:31',NULL,'M',''),(2371,91,'2007-12-31',50,0,NULL,NULL,NULL,'評価作業準備中'),(2372,92,'2007-12-31',90,0,NULL,NULL,'C',''),(2373,92,'2007-12-31',50,0,NULL,NULL,NULL,'雲出SK20：H13末条件付鉱量へ計上'),(2374,93,'2007-12-31',90,0,NULL,NULL,'C','採収済'),(2375,93,'2007-12-31',50,0,NULL,NULL,NULL,'評価作業準備中'),(2376,94,'2007-12-31',90,0,NULL,NULL,'M',''),(2377,94,'2007-12-31',50,0,NULL,NULL,'M','シミュレーションスタディ結果  H14フォローアップ（japex150)'),(2378,95,'2007-12-31',90,0,NULL,NULL,'M',''),(2379,95,'2007-12-31',50,0,NULL,NULL,NULL,'鉱量確定'),(2380,96,'2007-12-31',90,0,NULL,NULL,'C',''),(2381,96,'2007-12-31',50,0,NULL,NULL,'V','H13末地質スタディ見直し'),(2382,97,'2007-12-31',90,0,'2008-12-10 13:07:29',NULL,'V',''),(2383,97,'2007-12-31',50,0,NULL,NULL,'V',''),(2384,98,'2007-12-31',90,0,'2008-12-10 13:10:04',NULL,'V',''),(2385,98,'2007-12-31',50,0,NULL,NULL,'V','南2&桜町：計上'),(2386,99,'2007-12-31',90,0,NULL,NULL,'V',''),(2387,99,'2007-12-31',50,0,NULL,NULL,'V',''),(2388,100,'2007-12-31',90,0,NULL,NULL,'None','GreenTuff一括評価'),(2389,100,'2007-12-31',50,0,NULL,NULL,'None','None'),(2390,101,'2007-12-31',90,0,NULL,NULL,'None','GreenTuff一括評価'),(2391,101,'2007-12-31',50,0,NULL,NULL,'None','None'),(2392,102,'2007-12-31',90,0,NULL,NULL,'None','GreenTuff一括評価'),(2393,102,'2007-12-31',50,0,NULL,NULL,'None','None'),(2394,103,'2007-12-31',90,0,'2008-12-10 13:13:42',NULL,'V',''),(2395,103,'2007-12-31',50,0,NULL,NULL,NULL,'20real-早期着水ﾓﾃﾞﾙ'),(2396,104,'2007-12-31',90,0,'2009-02-03 09:46:59',NULL,'C',''),(2397,104,'2007-12-31',50,1,'2009-02-03 09:46:59',NULL,'M',''),(2398,105,'2007-12-31',90,0,'2008-12-12 15:29:40',NULL,'M','採算限界延長(?)による増加'),(2399,105,'2007-12-31',50,1,'2008-12-16 17:09:13',NULL,'M',''),(2400,106,'2007-12-31',90,0,NULL,NULL,'C',''),(2401,106,'2007-12-31',50,1,'2008-12-17 15:26:26',NULL,'S',''),(2402,107,'2007-12-31',90,0,'2008-12-12 15:32:05',NULL,'S','再評価、ガスリフト停止による減'),(2403,107,'2007-12-31',50,1,'2008-12-17 16:06:56',NULL,'S','再評価、新掘に伴い B10 の生産可能期間アップ'),(2404,108,'2007-12-31',90,0,'2008-12-12 16:00:39',NULL,'D','ガスリフト停止による減'),(2405,108,'2007-12-31',50,1,'2008-12-17 14:02:14',NULL,'D','ガスリフト停止による減'),(2406,109,'2007-12-31',90,0,'2008-12-12 16:01:54',NULL,'D','ガスリフト停止による減'),(2407,109,'2007-12-31',50,1,'2008-12-17 16:09:31',NULL,'D','Loc. V 新掘による増'),(2408,110,'2007-12-31',90,0,'2008-12-12 16:02:52',NULL,'D','ガスリフト停止による減'),(2409,110,'2007-12-31',50,1,'2008-12-16 17:16:38',NULL,'D',''),(2410,111,'2007-12-31',90,1,'2008-12-12 16:06:41',NULL,'S',''),(2411,111,'2007-12-31',50,1,'2009-07-28 13:36:41',NULL,'S',''),(2412,112,'2007-12-31',90,0,'2008-12-12 16:09:15',NULL,'M',''),(2413,112,'2007-12-31',50,0,'2008-12-17 16:05:32',NULL,'M',''),(2414,113,'2007-12-31',90,1,'2009-01-26 12:00:38',NULL,'M',''),(2415,113,'2007-12-31',50,1,'2009-01-26 12:00:38',NULL,'M',''),(2416,114,'2007-12-31',90,0,NULL,NULL,'C','廃層済み'),(2417,114,'2007-12-31',50,1,NULL,NULL,'C','廃層済み'),(2418,116,'2007-12-31',90,0,NULL,NULL,'C','\\N'),(2419,117,'2007-12-31',90,0,NULL,NULL,'C','ない'),(2420,117,'2007-12-31',50,0,NULL,NULL,'C','ない'),(2421,118,'2007-12-31',90,0,NULL,NULL,'C','\\N'),(2422,119,'2007-12-31',90,0,NULL,NULL,'C','\\N'),(2423,120,'2007-12-31',90,0,NULL,NULL,'C','\\N'),(2424,121,'2007-12-31',90,0,NULL,NULL,'C','\\N'),(2425,122,'2007-12-31',90,0,NULL,NULL,'C','\\N'),(2426,123,'2007-12-31',90,0,NULL,NULL,'C','\\N'),(2427,124,'2007-12-31',90,0,NULL,NULL,'C','\\N'),(2428,125,'2007-12-31',90,0,NULL,NULL,'C','\\N'),(2429,126,'2007-12-31',90,0,NULL,NULL,'C','\\N'),(2430,127,'2007-12-31',90,0,NULL,NULL,'C','\\N'),(2431,128,'2007-12-31',90,0,NULL,NULL,'C','\\N'),(2432,129,'2007-12-31',90,0,NULL,NULL,'C','\\N'),(2433,130,'2007-12-31',90,0,NULL,NULL,'C','\\N'),(2434,131,'2007-12-31',90,0,NULL,NULL,'C','\\N'),(2435,132,'2007-12-31',90,0,NULL,NULL,'C','\\N'),(2436,133,'2007-12-31',90,0,NULL,NULL,'C','\\N'),(2437,134,'2007-12-31',90,0,NULL,NULL,'C','\\N'),(2438,135,'2007-12-31',90,0,NULL,NULL,'C','\\N'),(2439,136,'2007-12-31',90,0,NULL,NULL,'C','\\N'),(2440,137,'2007-12-31',90,0,NULL,NULL,'C','\\N'),(2441,138,'2007-12-31',90,0,NULL,NULL,'C','\\N'),(2442,139,'2007-12-31',90,0,NULL,NULL,'C','\\N'),(2443,140,'2007-12-31',90,0,NULL,NULL,'C','\\N'),(2444,141,'2007-12-31',90,0,NULL,NULL,'C','\\N'),(2445,142,'2007-12-31',90,0,NULL,NULL,'C','\\N'),(2446,143,'2007-12-31',90,0,NULL,NULL,'C','\\N'),(2447,144,'2007-12-31',90,0,NULL,NULL,'M',''),(2448,144,'2007-12-31',50,0,NULL,NULL,'M','GreenTuff一括シミュレーションスタディ'),(2449,147,'2007-12-31',90,0,NULL,NULL,'C',''),(2450,147,'2007-12-31',50,0,NULL,NULL,'V2','2004年で採収終了'),(2451,148,'2007-12-31',90,0,NULL,NULL,NULL,NULL),(2452,148,'2007-12-31',50,0,NULL,NULL,'V',NULL),(2453,149,'2007-12-31',90,0,NULL,NULL,'C',''),(2454,149,'2007-12-31',50,0,NULL,NULL,'C',''),(2455,150,'2007-12-31',90,0,NULL,NULL,'C',''),(2456,150,'2007-12-31',50,1,NULL,NULL,'C',''),(2457,151,'2007-12-31',90,0,NULL,NULL,'C',''),(2458,151,'2007-12-31',50,1,NULL,NULL,'C',''),(2459,155,'2007-12-31',90,0,'2008-12-12 16:13:42',NULL,'C',''),(2460,155,'2007-12-31',50,0,NULL,NULL,'M',''),(2461,156,'2007-12-31',90,0,'2008-12-03 16:15:34',NULL,'D',''),(2462,156,'2007-12-31',50,0,'2008-12-09 14:21:52',NULL,'V5','H19末推定カット'),(2483,160,'2007-12-31',90,0,NULL,'naoyuki.kumagai','V',''),(2484,160,'2007-12-31',50,0,NULL,'naoyuki.kumagai','S',''),(2485,162,'2007-12-31',90,0,NULL,'naoyuki.kumagai','C','新規計上'),(2486,162,'2007-12-31',50,0,NULL,'naoyuki.kumagai','C',''),(2487,1,'2008-12-31',90,0,'2009-03-18 11:49:41',NULL,'S','微修正'),(2488,1,'2008-12-31',50,0,'2009-03-18 11:49:41',NULL,'S','下方修正'),(2489,2,'2008-12-31',90,0,'2009-08-19 13:14:39',NULL,'V',''),(2490,2,'2008-12-31',50,0,'2009-08-19 13:14:39',NULL,'ETC',''),(2491,3,'2008-12-31',90,0,'2009-02-16 14:05:48',NULL,'D','再評価'),(2492,3,'2008-12-31',50,0,NULL,NULL,'D','見込まず'),(2493,4,'2008-12-31',90,0,'2009-02-16 14:10:16',NULL,'D','再評価'),(2494,4,'2008-12-31',50,0,NULL,NULL,'D','見込まず'),(2495,5,'2008-12-31',90,0,'2009-02-16 14:17:26',NULL,'D','再評価'),(2496,5,'2008-12-31',50,0,NULL,NULL,'D','見込まず'),(2497,6,'2008-12-31',90,0,'2009-02-16 14:18:33',NULL,'D','再評価'),(2498,6,'2008-12-31',50,0,NULL,NULL,'D','見込まず'),(2499,7,'2008-12-31',90,0,NULL,NULL,'C','採収終了'),(2500,7,'2008-12-31',50,0,NULL,NULL,'C','採収終了'),(2503,9,'2008-12-31',90,0,NULL,NULL,NULL,'上下層一括評価により、全鉱量を上層に入力（uchiyama)'),(2504,9,'2008-12-31',50,0,NULL,NULL,NULL,'上下層一括評価により、全鉱量を上層に入力（uchiyama）'),(2505,10,'2008-12-31',90,0,NULL,NULL,'C','採収終了'),(2506,10,'2008-12-31',50,0,NULL,NULL,'C','採収終了'),(2507,11,'2008-12-31',90,0,'2009-02-16 14:25:33',NULL,'D','再評価'),(2508,11,'2008-12-31',50,0,NULL,NULL,'D','見込まず'),(2509,12,'2008-12-31',90,0,'2009-02-16 14:30:17',NULL,'D','再評価'),(2510,12,'2008-12-31',50,0,NULL,NULL,'D','見込まず'),(2511,13,'2008-12-31',90,0,'2009-02-16 14:34:21',NULL,'D','再評価'),(2512,13,'2008-12-31',50,0,NULL,NULL,'D','見込まず'),(2513,14,'2008-12-31',90,0,'2009-02-16 14:35:14',NULL,'D','再評価'),(2514,14,'2008-12-31',50,0,NULL,NULL,'D','見込まず'),(2515,15,'2008-12-31',90,0,'2009-02-16 14:36:16',NULL,'D','再評価'),(2516,15,'2008-12-31',50,0,NULL,NULL,'D','見込まず'),(2517,16,'2008-12-31',90,0,NULL,NULL,'C','再評価　採収終了'),(2518,16,'2008-12-31',50,0,NULL,NULL,'C','見込まず'),(2519,17,'2008-12-31',90,0,NULL,NULL,'C','採収終了'),(2520,17,'2008-12-31',50,0,NULL,NULL,'C','採収終了'),(2521,18,'2008-12-31',90,0,NULL,NULL,'C','採収終了'),(2522,18,'2008-12-31',50,0,NULL,NULL,'C','採収終了'),(2523,19,'2008-12-31',90,0,'2009-02-16 15:25:29',NULL,'D','再評価'),(2524,19,'2008-12-31',50,0,NULL,NULL,'D','見込まず'),(2525,20,'2008-12-31',90,0,'2009-02-16 15:27:08',NULL,'D','再評価'),(2526,20,'2008-12-31',50,0,NULL,NULL,'D','見込まず'),(2527,21,'2008-12-31',90,0,'2009-02-16 15:28:20',NULL,'D','再評価'),(2528,21,'2008-12-31',50,0,NULL,NULL,'D','見込まず'),(2529,22,'2008-12-31',90,0,'2009-02-16 15:29:12',NULL,'D','再評価'),(2530,22,'2008-12-31',50,0,NULL,NULL,'D','見込まず'),(2531,23,'2008-12-31',90,0,NULL,NULL,'C','採収終了'),(2532,23,'2008-12-31',50,0,NULL,NULL,'C','採収終了'),(2533,24,'2008-12-31',90,0,NULL,NULL,'C','採収終了'),(2534,24,'2008-12-31',50,0,NULL,NULL,'C','採収終了'),(2535,25,'2008-12-31',90,0,NULL,NULL,'C','採収終了'),(2536,25,'2008-12-31',50,0,NULL,NULL,'C','採収終了'),(2537,26,'2008-12-31',90,0,NULL,NULL,'C','採収終了'),(2538,26,'2008-12-31',50,0,NULL,NULL,NULL,'採収終了'),(2539,27,'2008-12-31',90,0,NULL,NULL,'C','採収終了'),(2540,27,'2008-12-31',50,0,NULL,NULL,'C','採収終了'),(2541,28,'2008-12-31',90,0,NULL,NULL,'C','採収終了'),(2542,28,'2008-12-31',50,0,NULL,NULL,'C','採収終了'),(2543,29,'2008-12-31',90,0,NULL,NULL,'C','採収終了'),(2544,29,'2008-12-31',50,0,NULL,NULL,'C','採収終了'),(2545,30,'2008-12-31',90,0,NULL,NULL,'C','採収終了'),(2546,30,'2008-12-31',50,0,NULL,NULL,'C','採収終了'),(2547,31,'2008-12-31',90,0,NULL,NULL,'C','採収終了'),(2548,31,'2008-12-31',50,0,NULL,NULL,'C','採収終了'),(2549,32,'2008-12-31',90,0,NULL,NULL,'C','採収終了'),(2550,32,'2008-12-31',50,0,NULL,NULL,'C','採収終了'),(2551,33,'2008-12-31',90,0,NULL,NULL,'C','実績計上'),(2552,33,'2008-12-31',50,0,NULL,NULL,'C','見込まず'),(2553,34,'2008-12-31',90,0,NULL,NULL,'C','実績計上'),(2554,34,'2008-12-31',50,0,NULL,NULL,'C','見込まず'),(2555,35,'2008-12-31',90,0,'2009-02-10 09:17:48',NULL,'C','再評価　実績計上'),(2556,35,'2008-12-31',50,0,NULL,NULL,'C','見込まず'),(2557,36,'2008-12-31',90,0,'2009-02-10 16:18:01',NULL,'D','再評価　(GWR下限 2000）'),(2558,36,'2008-12-31',50,0,'2009-02-10 16:18:01',NULL,'D','再評価　（GWR下限 1500)'),(2559,37,'2008-12-31',90,0,'2009-02-10 16:59:45',NULL,'M','再評価　物質収支法を採用　'),(2560,37,'2008-12-31',50,0,'2009-02-25 14:17:51',NULL,'M','再評価　物質収支法を採用　'),(2561,38,'2008-12-31',90,0,'2009-02-25 14:19:19',NULL,'S','再評価　新規モデルの構築'),(2562,38,'2008-12-31',50,0,'2009-02-25 14:19:19',NULL,'S','再評価　新規モデルの構築'),(2563,39,'2008-12-31',90,0,'2009-02-25 14:21:11',NULL,'S','再評価　新規モデルの構築'),(2564,39,'2008-12-31',50,0,'2009-02-25 14:21:11',NULL,'S','再評価　新規モデルの構築'),(2565,40,'2008-12-31',90,0,'2009-02-25 14:22:17',NULL,'S','再評価　モデル修正'),(2566,40,'2008-12-31',50,0,'2009-02-25 14:22:17',NULL,'S','再評価　モデル修正'),(2567,41,'2008-12-31',90,0,'2009-02-25 14:24:19',NULL,'S','再評価　推定鉱量のランクアップ'),(2568,41,'2008-12-31',50,0,'2009-02-25 14:24:19',NULL,'S','再評価　モデルの修正'),(2569,42,'2008-12-31',90,0,'2009-02-25 14:25:57',NULL,'M','再評価　物質収支法を採用'),(2570,42,'2008-12-31',50,0,'2009-02-25 14:25:57',NULL,'M','再評価　物質収支法を採用'),(2571,43,'2008-12-31',90,0,'2009-02-26 19:08:35',NULL,'D','再評価'),(2572,43,'2008-12-31',50,0,'2009-02-26 19:08:35',NULL,'D','再評価'),(2573,44,'2008-12-31',90,0,'2009-02-26 19:11:03',NULL,'D','再評価'),(2574,44,'2008-12-31',50,0,'2009-02-26 19:11:03',NULL,'D','再評価'),(2575,45,'2008-12-31',90,0,NULL,NULL,'C','採収終了'),(2576,45,'2008-12-31',50,0,NULL,NULL,'C','採収終了'),(2577,46,'2008-12-31',90,0,'2009-02-26 19:12:17',NULL,'D','再評価'),(2578,46,'2008-12-31',50,0,'2009-02-26 19:12:17',NULL,'D','再評価'),(2579,47,'2008-12-31',90,0,NULL,NULL,'C','採収終了'),(2580,47,'2008-12-31',50,0,NULL,NULL,'C','採収終了'),(2581,48,'2008-12-31',90,0,NULL,NULL,'C','採収終了'),(2582,48,'2008-12-31',50,0,NULL,NULL,'C','採収終了'),(2583,49,'2008-12-31',90,0,NULL,NULL,'C','採収終了'),(2584,49,'2008-12-31',50,0,NULL,NULL,'C','採収終了'),(2585,50,'2008-12-31',90,0,NULL,NULL,'C','採収終了'),(2586,50,'2008-12-31',50,0,NULL,NULL,'C','採収終了'),(2587,51,'2008-12-31',90,0,NULL,NULL,'C','採収終了'),(2588,51,'2008-12-31',50,0,NULL,NULL,'C','採収終了'),(2589,52,'2008-12-31',90,0,NULL,NULL,'C','採収終了'),(2590,52,'2008-12-31',50,0,NULL,NULL,'C','採収終了'),(2591,53,'2008-12-31',90,0,NULL,NULL,'C','採収終了'),(2592,53,'2008-12-31',50,0,NULL,NULL,'C','採収終了'),(2593,54,'2008-12-31',90,0,'2009-06-02 16:38:57',NULL,'C','実績計上に変更'),(2594,54,'2008-12-31',50,0,NULL,NULL,'V',''),(2595,55,'2008-12-31',90,0,NULL,NULL,'M',''),(2596,55,'2008-12-31',50,0,NULL,NULL,'V',''),(2597,56,'2008-12-31',90,0,NULL,NULL,'M',''),(2598,56,'2008-12-31',50,0,NULL,NULL,'V',''),(2599,57,'2008-12-31',90,0,NULL,NULL,'C','実績計上に変更'),(2600,57,'2008-12-31',50,0,NULL,NULL,NULL,''),(2601,58,'2008-12-31',90,0,NULL,NULL,'C','採収済み'),(2602,58,'2008-12-31',50,0,NULL,NULL,NULL,''),(2603,59,'2008-12-31',90,0,'2009-06-04 09:33:15',NULL,'C','\\N'),(2604,59,'2008-12-31',50,0,NULL,NULL,'C','\\N'),(2605,60,'2008-12-31',90,0,NULL,NULL,'C','\\N'),(2606,60,'2008-12-31',50,0,NULL,NULL,'C','\\N'),(2607,61,'2008-12-31',90,0,NULL,NULL,'C','\\N'),(2608,61,'2008-12-31',50,0,NULL,NULL,'C','\\N'),(2609,62,'2008-12-31',90,0,NULL,NULL,'C','\\N'),(2610,62,'2008-12-31',50,0,NULL,NULL,'C','\\N'),(2611,63,'2008-12-31',90,0,NULL,NULL,'C','\\N'),(2612,63,'2008-12-31',50,0,NULL,NULL,'C','\\N'),(2613,64,'2008-12-31',90,0,NULL,NULL,'C','\\N'),(2614,64,'2008-12-31',50,0,NULL,NULL,'C','\\N'),(2615,65,'2008-12-31',90,0,NULL,NULL,'C','\\N'),(2616,65,'2008-12-31',50,0,NULL,NULL,'C','\\N'),(2617,66,'2008-12-31',90,0,NULL,NULL,'C','\\N'),(2618,66,'2008-12-31',50,0,NULL,NULL,'C','\\N'),(2619,67,'2008-12-31',90,0,NULL,NULL,'C','\\N'),(2620,67,'2008-12-31',50,0,NULL,NULL,'C','\\N'),(2621,68,'2008-12-31',90,0,NULL,NULL,'C',''),(2622,68,'2008-12-31',50,0,NULL,NULL,'C',''),(2623,69,'2008-12-31',90,0,'2009-07-31 09:00:40',NULL,'C',''),(2624,69,'2008-12-31',50,0,NULL,NULL,'C',NULL),(2625,70,'2008-12-31',90,0,NULL,NULL,'C',''),(2626,70,'2008-12-31',50,0,NULL,NULL,'C',''),(2627,71,'2008-12-31',90,0,NULL,NULL,'V','\\N'),(2628,71,'2008-12-31',50,0,NULL,NULL,'V','\\N'),(2629,72,'2008-12-31',90,0,'2009-05-26 16:42:57',NULL,'V','MS-31中 生産中'),(2630,72,'2008-12-31',50,0,NULL,NULL,'V',''),(2631,73,'2008-12-31',90,0,'2009-05-26 16:44:14',NULL,'D','NS-4 生産中'),(2632,73,'2008-12-31',50,0,NULL,NULL,'V',''),(2633,74,'2008-12-31',90,0,NULL,NULL,'C',''),(2634,74,'2008-12-31',50,0,NULL,NULL,'C',''),(2635,75,'2008-12-31',90,0,'2009-05-26 16:45:43',NULL,'C','MS-23下 密閉中'),(2636,75,'2008-12-31',50,0,NULL,NULL,'V',''),(2637,76,'2008-12-31',90,0,'2009-05-26 16:46:42',NULL,'C','MS-42 生産中'),(2638,76,'2008-12-31',50,0,NULL,NULL,'V',''),(2645,80,'2008-12-31',90,0,'2009-05-27 10:21:58',NULL,'M','MS-22 追加'),(2646,80,'2008-12-31',50,0,NULL,NULL,'M',''),(2647,81,'2008-12-31',90,0,'2009-05-27 10:23:01',NULL,'D','NS-13下、MS-22 除外'),(2648,81,'2008-12-31',50,0,NULL,NULL,'D',''),(2649,82,'2008-12-31',90,0,NULL,NULL,'C','\\N'),(2650,82,'2008-12-31',50,0,NULL,NULL,'C','\\N'),(2651,83,'2008-12-31',90,0,NULL,NULL,'V',''),(2652,83,'2008-12-31',50,0,NULL,NULL,'V',''),(2653,84,'2008-12-31',90,0,NULL,NULL,'C','\\N'),(2654,84,'2008-12-31',50,0,NULL,NULL,'C','\\N'),(2655,85,'2008-12-31',90,0,NULL,NULL,'C','\\N'),(2656,85,'2008-12-31',50,0,NULL,NULL,'C','\\N'),(2657,86,'2008-12-31',90,0,'2009-06-02 16:43:49',NULL,'C','全構成実績形状'),(2658,86,'2008-12-31',50,0,NULL,NULL,'V','該当する鉱量なし（98評価）'),(2659,87,'2008-12-31',90,0,'2009-06-02 16:46:50',NULL,'C',''),(2660,87,'2008-12-31',50,0,NULL,NULL,'V',''),(2661,88,'2008-12-31',90,0,'2009-06-02 16:47:22',NULL,'C',''),(2662,88,'2008-12-31',50,0,NULL,NULL,'V',''),(2663,89,'2008-12-31',90,0,'2009-06-02 16:48:00',NULL,'C',''),(2664,89,'2008-12-31',50,0,NULL,NULL,'V',''),(2665,90,'2008-12-31',90,0,NULL,NULL,'M',''),(2666,90,'2008-12-31',50,0,NULL,NULL,NULL,'評価作業準備中'),(2667,91,'2008-12-31',90,0,'2009-06-02 16:49:01',NULL,'C',''),(2668,91,'2008-12-31',50,0,NULL,NULL,'V',''),(2669,92,'2008-12-31',90,0,NULL,NULL,'C',''),(2670,92,'2008-12-31',50,0,NULL,NULL,'V',''),(2671,93,'2008-12-31',90,0,NULL,NULL,'C','採収済'),(2672,93,'2008-12-31',50,0,NULL,NULL,NULL,'評価作業準備中'),(2673,94,'2008-12-31',90,0,'2009-06-02 14:41:32',NULL,'M',''),(2674,94,'2008-12-31',50,0,'2009-06-02 14:41:32',NULL,'ETC',''),(2675,95,'2008-12-31',90,0,NULL,NULL,'M',''),(2676,95,'2008-12-31',50,0,NULL,NULL,NULL,'鉱量確定'),(2677,96,'2008-12-31',90,0,NULL,NULL,'C',''),(2678,96,'2008-12-31',50,0,'2009-06-02 15:58:51',NULL,'V',''),(2679,97,'2008-12-31',90,0,'2009-06-02 15:21:40',NULL,'V',''),(2680,97,'2008-12-31',50,0,'2009-06-02 15:21:40',NULL,'V',''),(2681,98,'2008-12-31',90,0,'2009-06-02 15:23:02',NULL,'V',''),(2682,98,'2008-12-31',50,0,'2009-06-02 15:23:02',NULL,'V',''),(2683,99,'2008-12-31',90,0,'2009-06-02 15:24:03',NULL,'V',''),(2684,99,'2008-12-31',50,0,'2009-06-02 15:24:03',NULL,'V',''),(2685,100,'2008-12-31',90,0,NULL,NULL,'None','GreenTuff一括評価'),(2686,100,'2008-12-31',50,0,NULL,NULL,'None','None'),(2687,101,'2008-12-31',90,0,NULL,NULL,'None','GreenTuff一括評価'),(2688,101,'2008-12-31',50,0,NULL,NULL,'None','None'),(2689,102,'2008-12-31',90,0,NULL,NULL,'None','GreenTuff一括評価'),(2690,102,'2008-12-31',50,0,NULL,NULL,'None','None'),(2691,103,'2008-12-31',90,0,'2009-06-02 15:30:10',NULL,'C',''),(2692,103,'2008-12-31',50,0,NULL,NULL,'V',''),(2693,104,'2008-12-31',90,1,NULL,NULL,'C',''),(2694,104,'2008-12-31',50,1,NULL,NULL,'M',''),(2695,105,'2008-12-31',90,1,NULL,NULL,'M','採算限界延長(?)による増加'),(2696,105,'2008-12-31',50,1,NULL,NULL,'M',''),(2697,106,'2008-12-31',90,1,NULL,NULL,'C',''),(2698,106,'2008-12-31',50,1,NULL,NULL,'S',''),(2699,107,'2008-12-31',90,1,NULL,NULL,'S','再評価、ガスリフト停止による減'),(2700,107,'2008-12-31',50,1,NULL,NULL,'S','再評価、新掘に伴い B10 の生産可能期間アップ'),(2701,108,'2008-12-31',90,1,NULL,NULL,'D','ガスリフト停止による減'),(2702,108,'2008-12-31',50,1,NULL,NULL,'D','ガスリフト停止による減'),(2703,109,'2008-12-31',90,1,NULL,NULL,'D','ガスリフト停止による減'),(2704,109,'2008-12-31',50,1,NULL,NULL,'D','Loc. V 新掘による増'),(2705,110,'2008-12-31',90,1,NULL,NULL,'D','ガスリフト停止による減'),(2706,110,'2008-12-31',50,1,NULL,NULL,'D',''),(2707,111,'2008-12-31',90,1,NULL,NULL,'S',''),(2708,111,'2008-12-31',50,1,NULL,NULL,'S',''),(2709,112,'2008-12-31',90,1,NULL,NULL,'M',''),(2710,112,'2008-12-31',50,1,NULL,NULL,'M',''),(2711,113,'2008-12-31',90,1,'2009-06-05 15:17:41',NULL,'M',''),(2712,113,'2008-12-31',50,1,'2009-06-05 15:17:41',NULL,'M',''),(2713,114,'2008-12-31',90,1,NULL,NULL,'C','廃層済み'),(2714,114,'2008-12-31',50,1,NULL,NULL,'C','廃層済み'),(2715,116,'2008-12-31',90,0,NULL,NULL,'C','\\N'),(2716,117,'2008-12-31',90,0,NULL,NULL,'C','ない'),(2717,117,'2008-12-31',50,0,NULL,NULL,'C','ない'),(2718,118,'2008-12-31',90,0,NULL,NULL,'C','採収終了'),(2719,119,'2008-12-31',90,0,NULL,NULL,'C','\\N'),(2720,120,'2008-12-31',90,0,NULL,NULL,'C','\\N'),(2721,121,'2008-12-31',90,0,NULL,NULL,'C','採収終了'),(2722,122,'2008-12-31',90,0,NULL,NULL,'C','\\N'),(2723,123,'2008-12-31',90,0,NULL,NULL,'C','採収終了'),(2724,124,'2008-12-31',90,0,NULL,NULL,'C','\\N'),(2725,125,'2008-12-31',90,0,NULL,NULL,'C','\\N'),(2726,126,'2008-12-31',90,0,NULL,NULL,'C','\\N'),(2727,127,'2008-12-31',90,0,NULL,NULL,'C','\\N'),(2728,128,'2008-12-31',90,0,NULL,NULL,'C','\\N'),(2729,129,'2008-12-31',90,0,NULL,NULL,'C','採収終了'),(2730,130,'2008-12-31',90,0,NULL,NULL,'C','\\N'),(2731,131,'2008-12-31',90,0,NULL,NULL,'C','\\N'),(2732,132,'2008-12-31',90,0,NULL,NULL,'C','\\N'),(2733,133,'2008-12-31',90,0,NULL,NULL,'C','\\N'),(2734,134,'2008-12-31',90,0,NULL,NULL,'C','\\N'),(2735,135,'2008-12-31',90,0,NULL,NULL,'C','\\N'),(2736,136,'2008-12-31',90,0,NULL,NULL,'C','\\N'),(2737,137,'2008-12-31',90,0,NULL,NULL,'C','\\N'),(2738,138,'2008-12-31',90,0,NULL,NULL,'C','\\N'),(2739,139,'2008-12-31',90,0,NULL,NULL,'C','\\N'),(2740,140,'2008-12-31',90,0,NULL,NULL,'C','\\N'),(2741,141,'2008-12-31',90,0,NULL,NULL,'C','\\N'),(2742,142,'2008-12-31',90,0,NULL,NULL,'C','\\N'),(2743,143,'2008-12-31',90,0,NULL,NULL,'C','\\N'),(2744,144,'2008-12-31',90,0,'2009-06-02 15:19:38',NULL,'S',''),(2745,144,'2008-12-31',50,0,'2009-06-02 15:19:38',NULL,'S',''),(2746,147,'2008-12-31',90,0,NULL,NULL,'C','採収終了'),(2747,147,'2008-12-31',50,0,NULL,NULL,'C','採収終了'),(2748,148,'2008-12-31',90,0,NULL,NULL,NULL,NULL),(2749,148,'2008-12-31',50,0,NULL,NULL,'V',NULL),(2750,149,'2008-12-31',90,0,NULL,NULL,'C','実績計上 《採収終了》'),(2751,149,'2008-12-31',50,0,NULL,NULL,'C','見込まず'),(2752,150,'2008-12-31',90,1,NULL,NULL,'C',''),(2753,150,'2008-12-31',50,1,NULL,NULL,'C',''),(2754,151,'2008-12-31',90,1,NULL,NULL,'C',''),(2755,151,'2008-12-31',50,1,NULL,NULL,'C',''),(2756,155,'2008-12-31',90,1,NULL,NULL,'C',''),(2757,155,'2008-12-31',50,1,NULL,NULL,'M',''),(2758,156,'2008-12-31',90,0,'2009-02-16 14:21:17',NULL,'D','再評価'),(2759,156,'2008-12-31',50,0,NULL,NULL,'D','見込まず'),(2762,160,'2008-12-31',90,0,'2009-05-26 16:48:19',NULL,'S','H19 JOEモデル（供給限界 2041年）'),(2763,160,'2008-12-31',50,0,'2009-05-27 10:29:05',NULL,'S',''),(2764,162,'2008-12-31',90,1,NULL,NULL,'C','新規計上'),(2765,162,'2008-12-31',50,1,NULL,NULL,'C',''),(2766,118,'2008-12-31',50,0,NULL,'hiroshi.yamamoto','C','採収終了'),(2767,121,'2008-12-31',50,0,NULL,'hiroshi.yamamoto','C','採収終了'),(2768,123,'2008-12-31',50,0,NULL,'hiroshi.yamamoto','C','採収終了'),(2769,129,'2008-12-31',50,0,NULL,'hiroshi.yamamoto','C','採収終了'),(2770,157,'2008-12-31',90,0,NULL,'naoyuki.kumagai','V',''),(2771,157,'2008-12-31',50,0,NULL,'naoyuki.kumagai','V',''),(3435,1,'2009-12-31',90,0,NULL,NULL,'S','微修正'),(3436,1,'2009-12-31',50,0,NULL,NULL,'S','下方修正'),(3437,2,'2009-12-31',90,0,NULL,NULL,'V',''),(3438,2,'2009-12-31',50,0,NULL,NULL,'ETC',''),(3439,3,'2009-12-31',90,0,NULL,NULL,'D','再評価'),(3440,3,'2009-12-31',50,0,NULL,NULL,'D','見込まず'),(3441,4,'2009-12-31',90,0,NULL,NULL,'D','再評価'),(3442,4,'2009-12-31',50,0,NULL,NULL,'D','見込まず'),(3443,5,'2009-12-31',90,0,NULL,NULL,'D','再評価'),(3444,5,'2009-12-31',50,0,NULL,NULL,'D','見込まず'),(3445,6,'2009-12-31',90,0,NULL,NULL,'D','再評価'),(3446,6,'2009-12-31',50,0,NULL,NULL,'D','見込まず'),(3447,7,'2009-12-31',90,0,NULL,NULL,'C','採収終了'),(3448,7,'2009-12-31',50,0,NULL,NULL,'C','採収終了'),(3449,9,'2009-12-31',90,0,NULL,NULL,NULL,'上下層一括評価により、全鉱量を上層に入力（uchiyama)'),(3450,9,'2009-12-31',50,0,NULL,NULL,NULL,'上下層一括評価により、全鉱量を上層に入力（uchiyama）'),(3451,10,'2009-12-31',90,0,NULL,NULL,'C','採収終了'),(3452,10,'2009-12-31',50,0,NULL,NULL,'C','採収終了'),(3453,11,'2009-12-31',90,0,NULL,NULL,'D','再評価'),(3454,11,'2009-12-31',50,0,NULL,NULL,'D','見込まず'),(3455,12,'2009-12-31',90,0,NULL,NULL,'D','再評価'),(3456,12,'2009-12-31',50,0,NULL,NULL,'D','見込まず'),(3457,13,'2009-12-31',90,0,NULL,NULL,'D','再評価'),(3458,13,'2009-12-31',50,0,NULL,NULL,'D','見込まず'),(3459,14,'2009-12-31',90,0,NULL,NULL,'D','再評価'),(3460,14,'2009-12-31',50,0,NULL,NULL,'D','見込まず'),(3461,15,'2009-12-31',90,0,NULL,NULL,'D','再評価'),(3462,15,'2009-12-31',50,0,NULL,NULL,'D','見込まず'),(3463,16,'2009-12-31',90,0,NULL,NULL,'C','再評価　採収終了'),(3464,16,'2009-12-31',50,0,NULL,NULL,'C','見込まず'),(3465,17,'2009-12-31',90,0,NULL,NULL,'C','採収終了'),(3466,17,'2009-12-31',50,0,NULL,NULL,'C','採収終了'),(3467,18,'2009-12-31',90,0,NULL,NULL,'C','採収終了'),(3468,18,'2009-12-31',50,0,NULL,NULL,'C','採収終了'),(3469,19,'2009-12-31',90,0,NULL,NULL,'D','再評価'),(3470,19,'2009-12-31',50,0,NULL,NULL,'D','見込まず'),(3471,20,'2009-12-31',90,0,NULL,NULL,'D','再評価'),(3472,20,'2009-12-31',50,0,NULL,NULL,'D','見込まず'),(3473,21,'2009-12-31',90,0,NULL,NULL,'D','再評価'),(3474,21,'2009-12-31',50,0,NULL,NULL,'D','見込まず'),(3475,22,'2009-12-31',90,0,NULL,NULL,'D','再評価'),(3476,22,'2009-12-31',50,0,NULL,NULL,'D','見込まず'),(3477,23,'2009-12-31',90,0,NULL,NULL,'C','採収終了'),(3478,23,'2009-12-31',50,0,NULL,NULL,'C','採収終了'),(3479,24,'2009-12-31',90,0,NULL,NULL,'C','採収終了'),(3480,24,'2009-12-31',50,0,NULL,NULL,'C','採収終了'),(3481,25,'2009-12-31',90,0,NULL,NULL,'C','採収終了'),(3482,25,'2009-12-31',50,0,NULL,NULL,'C','採収終了'),(3483,26,'2009-12-31',90,0,NULL,NULL,'C','採収終了'),(3484,26,'2009-12-31',50,0,NULL,NULL,NULL,'採収終了'),(3485,27,'2009-12-31',90,0,NULL,NULL,'C','採収終了'),(3486,27,'2009-12-31',50,0,NULL,NULL,'C','採収終了'),(3487,28,'2009-12-31',90,0,NULL,NULL,'C','採収終了'),(3488,28,'2009-12-31',50,0,NULL,NULL,'C','採収終了'),(3489,29,'2009-12-31',90,0,NULL,NULL,'C','採収終了'),(3490,29,'2009-12-31',50,0,NULL,NULL,'C','採収終了'),(3491,30,'2009-12-31',90,0,NULL,NULL,'C','採収終了'),(3492,30,'2009-12-31',50,0,NULL,NULL,'C','採収終了'),(3493,31,'2009-12-31',90,0,NULL,NULL,'C','採収終了'),(3494,31,'2009-12-31',50,0,NULL,NULL,'C','採収終了'),(3495,32,'2009-12-31',90,0,NULL,NULL,'C','採収終了'),(3496,32,'2009-12-31',50,0,NULL,NULL,'C','採収終了'),(3497,33,'2009-12-31',90,0,NULL,NULL,'C','実績計上'),(3498,33,'2009-12-31',50,0,NULL,NULL,'C','見込まず'),(3499,34,'2009-12-31',90,0,NULL,NULL,'C','実績計上'),(3500,34,'2009-12-31',50,0,NULL,NULL,'C','見込まず'),(3501,35,'2009-12-31',90,0,NULL,NULL,'C','再評価　実績計上'),(3502,35,'2009-12-31',50,0,NULL,NULL,'C','見込まず'),(3503,36,'2009-12-31',90,0,NULL,NULL,'D','再評価　(GWR下限 2000）'),(3504,36,'2009-12-31',50,0,NULL,NULL,'D','再評価　（GWR下限 1500)'),(3505,37,'2009-12-31',90,0,NULL,NULL,'M','再評価　物質収支法を採用　'),(3506,37,'2009-12-31',50,0,NULL,NULL,'M','再評価　物質収支法を採用　'),(3507,38,'2009-12-31',90,0,NULL,NULL,'S','再評価　新規モデルの構築'),(3508,38,'2009-12-31',50,0,NULL,NULL,'S','再評価　新規モデルの構築'),(3509,39,'2009-12-31',90,0,NULL,NULL,'S','再評価　新規モデルの構築'),(3510,39,'2009-12-31',50,0,NULL,NULL,'S','再評価　新規モデルの構築'),(3511,40,'2009-12-31',90,0,NULL,NULL,'S','再評価　モデル修正'),(3512,40,'2009-12-31',50,0,NULL,NULL,'S','再評価　モデル修正'),(3513,41,'2009-12-31',90,0,NULL,NULL,'S','再評価　推定鉱量のランクアップ'),(3514,41,'2009-12-31',50,0,NULL,NULL,'S','再評価　モデルの修正'),(3515,42,'2009-12-31',90,0,NULL,NULL,'M','再評価　物質収支法を採用'),(3516,42,'2009-12-31',50,0,NULL,NULL,'M','再評価　物質収支法を採用'),(3517,43,'2009-12-31',90,0,NULL,NULL,'D','再評価'),(3518,43,'2009-12-31',50,0,NULL,NULL,'D','再評価'),(3519,44,'2009-12-31',90,0,NULL,NULL,'D','再評価'),(3520,44,'2009-12-31',50,0,NULL,NULL,'D','再評価'),(3521,45,'2009-12-31',90,0,NULL,NULL,'C','採収終了'),(3522,45,'2009-12-31',50,0,NULL,NULL,'C','採収終了'),(3523,46,'2009-12-31',90,0,NULL,NULL,'D','再評価'),(3524,46,'2009-12-31',50,0,NULL,NULL,'D','再評価'),(3525,47,'2009-12-31',90,0,NULL,NULL,'C','採収終了'),(3526,47,'2009-12-31',50,0,NULL,NULL,'C','採収終了'),(3527,48,'2009-12-31',90,0,NULL,NULL,'C','採収終了'),(3528,48,'2009-12-31',50,0,NULL,NULL,'C','採収終了'),(3529,49,'2009-12-31',90,0,NULL,NULL,'C','採収終了'),(3530,49,'2009-12-31',50,0,NULL,NULL,'C','採収終了'),(3531,50,'2009-12-31',90,0,NULL,NULL,'C','採収終了'),(3532,50,'2009-12-31',50,0,NULL,NULL,'C','採収終了'),(3533,51,'2009-12-31',90,0,NULL,NULL,'C','採収終了'),(3534,51,'2009-12-31',50,0,NULL,NULL,'C','採収終了'),(3535,52,'2009-12-31',90,0,NULL,NULL,'C','採収終了'),(3536,52,'2009-12-31',50,0,NULL,NULL,'C','採収終了'),(3537,53,'2009-12-31',90,0,NULL,NULL,'C','採収終了'),(3538,53,'2009-12-31',50,0,NULL,NULL,'C','採収終了'),(3539,54,'2009-12-31',90,0,NULL,NULL,'C','実績計上に変更'),(3540,54,'2009-12-31',50,0,NULL,NULL,'V',''),(3541,55,'2009-12-31',90,0,NULL,NULL,'M',''),(3542,55,'2009-12-31',50,0,NULL,NULL,'V',''),(3543,56,'2009-12-31',90,0,NULL,NULL,'M',''),(3544,56,'2009-12-31',50,0,NULL,NULL,'V',''),(3545,57,'2009-12-31',90,0,NULL,NULL,'C','実績計上に変更'),(3546,57,'2009-12-31',50,0,NULL,NULL,NULL,''),(3547,58,'2009-12-31',90,0,NULL,NULL,'C','採収済み'),(3548,58,'2009-12-31',50,0,NULL,NULL,NULL,''),(3549,59,'2009-12-31',90,0,NULL,NULL,'C','\\N'),(3550,59,'2009-12-31',50,0,NULL,NULL,'C','\\N'),(3551,60,'2009-12-31',90,0,NULL,NULL,'C','\\N'),(3552,60,'2009-12-31',50,0,NULL,NULL,'C','\\N'),(3553,61,'2009-12-31',90,0,NULL,NULL,'C','\\N'),(3554,61,'2009-12-31',50,0,NULL,NULL,'C','\\N'),(3555,62,'2009-12-31',90,0,NULL,NULL,'C','\\N'),(3556,62,'2009-12-31',50,0,NULL,NULL,'C','\\N'),(3557,63,'2009-12-31',90,0,NULL,NULL,'C','\\N'),(3558,63,'2009-12-31',50,0,NULL,NULL,'C','\\N'),(3559,64,'2009-12-31',90,0,NULL,NULL,'C','\\N'),(3560,64,'2009-12-31',50,0,NULL,NULL,'C','\\N'),(3561,65,'2009-12-31',90,0,NULL,NULL,'C','\\N'),(3562,65,'2009-12-31',50,0,NULL,NULL,'C','\\N'),(3563,66,'2009-12-31',90,0,NULL,NULL,'C','\\N'),(3564,66,'2009-12-31',50,0,NULL,NULL,'C','\\N'),(3565,67,'2009-12-31',90,0,NULL,NULL,'C','\\N'),(3566,67,'2009-12-31',50,0,NULL,NULL,'C','\\N'),(3567,68,'2009-12-31',90,0,NULL,NULL,'C',''),(3568,68,'2009-12-31',50,0,NULL,NULL,'C',''),(3569,69,'2009-12-31',90,0,NULL,NULL,'C',''),(3570,69,'2009-12-31',50,0,NULL,NULL,'C',NULL),(3571,70,'2009-12-31',90,0,NULL,NULL,'C',''),(3572,70,'2009-12-31',50,0,NULL,NULL,'C',''),(3573,71,'2009-12-31',90,0,NULL,NULL,'V','\\N'),(3574,71,'2009-12-31',50,0,NULL,NULL,'V','\\N'),(3575,72,'2009-12-31',90,0,NULL,NULL,'V','MS-31中 生産中'),(3576,72,'2009-12-31',50,0,NULL,NULL,'V',''),(3577,73,'2009-12-31',90,0,NULL,NULL,'D','NS-4 生産中'),(3578,73,'2009-12-31',50,0,NULL,NULL,'V',''),(3579,74,'2009-12-31',90,0,NULL,NULL,'C',''),(3580,74,'2009-12-31',50,0,NULL,NULL,'C',''),(3581,75,'2009-12-31',90,0,NULL,NULL,'C','MS-23下 密閉中'),(3582,75,'2009-12-31',50,0,NULL,NULL,'V',''),(3583,76,'2009-12-31',90,0,NULL,NULL,'C','MS-42 生産中'),(3584,76,'2009-12-31',50,0,NULL,NULL,'V',''),(3585,80,'2009-12-31',90,0,NULL,NULL,'M','MS-22 追加'),(3586,80,'2009-12-31',50,0,NULL,NULL,'M',''),(3587,81,'2009-12-31',90,0,NULL,NULL,'D','NS-13下、MS-22 除外'),(3588,81,'2009-12-31',50,0,NULL,NULL,'D',''),(3589,82,'2009-12-31',90,0,NULL,NULL,'C','\\N'),(3590,82,'2009-12-31',50,0,NULL,NULL,'C','\\N'),(3591,83,'2009-12-31',90,0,NULL,NULL,'V',''),(3592,83,'2009-12-31',50,0,NULL,NULL,'V',''),(3593,84,'2009-12-31',90,0,NULL,NULL,'C','\\N'),(3594,84,'2009-12-31',50,0,NULL,NULL,'C','\\N'),(3595,85,'2009-12-31',90,0,NULL,NULL,'C','\\N'),(3596,85,'2009-12-31',50,0,NULL,NULL,'C','\\N'),(3597,86,'2009-12-31',90,0,NULL,NULL,'C','全構成実績形状'),(3598,86,'2009-12-31',50,0,NULL,NULL,'V','該当する鉱量なし（98評価）'),(3599,87,'2009-12-31',90,0,NULL,NULL,'C',''),(3600,87,'2009-12-31',50,0,NULL,NULL,'V',''),(3601,88,'2009-12-31',90,0,NULL,NULL,'C',''),(3602,88,'2009-12-31',50,0,NULL,NULL,'V',''),(3603,89,'2009-12-31',90,0,NULL,NULL,'C',''),(3604,89,'2009-12-31',50,0,NULL,NULL,'V',''),(3605,90,'2009-12-31',90,0,NULL,NULL,'M',''),(3606,90,'2009-12-31',50,0,NULL,NULL,NULL,'評価作業準備中'),(3607,91,'2009-12-31',90,0,NULL,NULL,'C',''),(3608,91,'2009-12-31',50,0,NULL,NULL,'V',''),(3609,92,'2009-12-31',90,0,NULL,NULL,'C',''),(3610,92,'2009-12-31',50,0,NULL,NULL,'V',''),(3611,93,'2009-12-31',90,0,NULL,NULL,'C','採収済'),(3612,93,'2009-12-31',50,0,NULL,NULL,NULL,'評価作業準備中'),(3613,94,'2009-12-31',90,0,NULL,NULL,'M',''),(3614,94,'2009-12-31',50,0,NULL,NULL,'ETC',''),(3615,95,'2009-12-31',90,0,NULL,NULL,'M',''),(3616,95,'2009-12-31',50,0,NULL,NULL,NULL,'鉱量確定'),(3617,96,'2009-12-31',90,0,NULL,NULL,'C',''),(3618,96,'2009-12-31',50,0,NULL,NULL,'V',''),(3619,97,'2009-12-31',90,0,NULL,NULL,'V',''),(3620,97,'2009-12-31',50,0,NULL,NULL,'V',''),(3621,98,'2009-12-31',90,0,NULL,NULL,'V',''),(3622,98,'2009-12-31',50,0,NULL,NULL,'V',''),(3623,99,'2009-12-31',90,0,NULL,NULL,'V',''),(3624,99,'2009-12-31',50,0,NULL,NULL,'V',''),(3625,100,'2009-12-31',90,0,NULL,NULL,'None','GreenTuff一括評価'),(3626,100,'2009-12-31',50,0,NULL,NULL,'None','None'),(3627,101,'2009-12-31',90,0,NULL,NULL,'None','GreenTuff一括評価'),(3628,101,'2009-12-31',50,0,NULL,NULL,'None','None'),(3629,102,'2009-12-31',90,0,NULL,NULL,'None','GreenTuff一括評価'),(3630,102,'2009-12-31',50,0,NULL,NULL,'None','None'),(3631,103,'2009-12-31',90,0,NULL,NULL,'C',''),(3632,103,'2009-12-31',50,0,NULL,NULL,'V',''),(3633,104,'2009-12-31',90,1,NULL,NULL,'C',''),(3634,104,'2009-12-31',50,1,NULL,NULL,'M',''),(3635,105,'2009-12-31',90,1,NULL,NULL,'M','採算限界延長(?)による増加'),(3636,105,'2009-12-31',50,1,NULL,NULL,'M',''),(3637,106,'2009-12-31',90,1,NULL,NULL,'C',''),(3638,106,'2009-12-31',50,1,NULL,NULL,'S',''),(3639,107,'2009-12-31',90,1,NULL,NULL,'S','再評価、ガスリフト停止による減'),(3640,107,'2009-12-31',50,1,NULL,NULL,'S','再評価、新掘に伴い B10 の生産可能期間アップ'),(3641,108,'2009-12-31',90,1,NULL,NULL,'D','ガスリフト停止による減'),(3642,108,'2009-12-31',50,1,NULL,NULL,'D','ガスリフト停止による減'),(3643,109,'2009-12-31',90,1,NULL,NULL,'D','ガスリフト停止による減'),(3644,109,'2009-12-31',50,1,NULL,NULL,'D','Loc. V 新掘による増'),(3645,110,'2009-12-31',90,1,NULL,NULL,'D','ガスリフト停止による減'),(3646,110,'2009-12-31',50,1,NULL,NULL,'D',''),(3647,111,'2009-12-31',90,1,NULL,NULL,'S',''),(3648,111,'2009-12-31',50,1,NULL,NULL,'S',''),(3649,112,'2009-12-31',90,1,NULL,NULL,'M',''),(3650,112,'2009-12-31',50,1,NULL,NULL,'M',''),(3651,113,'2009-12-31',90,1,NULL,NULL,'M',''),(3652,113,'2009-12-31',50,1,NULL,NULL,'M',''),(3653,114,'2009-12-31',90,1,NULL,NULL,'C','廃層済み'),(3654,114,'2009-12-31',50,1,NULL,NULL,'C','廃層済み'),(3655,116,'2009-12-31',90,0,NULL,NULL,'C','\\N'),(3656,117,'2009-12-31',90,0,NULL,NULL,'C','ない'),(3657,117,'2009-12-31',50,0,NULL,NULL,'C','ない'),(3658,118,'2009-12-31',90,0,NULL,NULL,'C','採収終了'),(3659,118,'2009-12-31',50,0,NULL,NULL,'C','採収終了'),(3660,119,'2009-12-31',90,0,NULL,NULL,'C','\\N'),(3661,120,'2009-12-31',90,0,NULL,NULL,'C','\\N'),(3662,121,'2009-12-31',90,0,NULL,NULL,'C','採収終了'),(3663,121,'2009-12-31',50,0,NULL,NULL,'C','採収終了'),(3664,122,'2009-12-31',90,0,NULL,NULL,'C','\\N'),(3665,123,'2009-12-31',90,0,NULL,NULL,'C','採収終了'),(3666,123,'2009-12-31',50,0,NULL,NULL,'C','採収終了'),(3667,124,'2009-12-31',90,0,NULL,NULL,'C','\\N'),(3668,125,'2009-12-31',90,0,NULL,NULL,'C','\\N'),(3669,126,'2009-12-31',90,0,NULL,NULL,'C','\\N'),(3670,127,'2009-12-31',90,0,NULL,NULL,'C','\\N'),(3671,128,'2009-12-31',90,0,NULL,NULL,'C','\\N'),(3672,129,'2009-12-31',90,0,NULL,NULL,'C','採収終了'),(3673,129,'2009-12-31',50,0,NULL,NULL,'C','採収終了'),(3674,130,'2009-12-31',90,0,NULL,NULL,'C','\\N'),(3675,131,'2009-12-31',90,0,NULL,NULL,'C','\\N'),(3676,132,'2009-12-31',90,0,NULL,NULL,'C','\\N'),(3677,133,'2009-12-31',90,0,NULL,NULL,'C','\\N'),(3678,134,'2009-12-31',90,0,NULL,NULL,'C','\\N'),(3679,135,'2009-12-31',90,0,NULL,NULL,'C','\\N'),(3680,136,'2009-12-31',90,0,NULL,NULL,'C','\\N'),(3681,137,'2009-12-31',90,0,NULL,NULL,'C','\\N'),(3682,138,'2009-12-31',90,0,NULL,NULL,'C','\\N'),(3683,139,'2009-12-31',90,0,NULL,NULL,'C','\\N'),(3684,140,'2009-12-31',90,0,NULL,NULL,'C','\\N'),(3685,141,'2009-12-31',90,0,NULL,NULL,'C','\\N'),(3686,142,'2009-12-31',90,0,NULL,NULL,'C','\\N'),(3687,143,'2009-12-31',90,0,NULL,NULL,'C','\\N'),(3688,144,'2009-12-31',90,0,NULL,NULL,'S',''),(3689,144,'2009-12-31',50,0,NULL,NULL,'S',''),(3690,147,'2009-12-31',90,0,NULL,NULL,'C','採収終了'),(3691,147,'2009-12-31',50,0,NULL,NULL,'C','採収終了'),(3692,148,'2009-12-31',90,0,NULL,NULL,NULL,NULL),(3693,148,'2009-12-31',50,0,NULL,NULL,'V',NULL),(3694,149,'2009-12-31',90,0,NULL,NULL,'C','実績計上 《採収終了》'),(3695,149,'2009-12-31',50,0,NULL,NULL,'C','見込まず'),(3696,150,'2009-12-31',90,1,NULL,NULL,'C',''),(3697,150,'2009-12-31',50,1,NULL,NULL,'C',''),(3698,151,'2009-12-31',90,1,NULL,NULL,'C',''),(3699,151,'2009-12-31',50,1,NULL,NULL,'C',''),(3700,155,'2009-12-31',90,1,NULL,NULL,'C',''),(3701,155,'2009-12-31',50,1,NULL,NULL,'M',''),(3702,156,'2009-12-31',90,0,NULL,NULL,'D','再評価'),(3703,156,'2009-12-31',50,0,NULL,NULL,'D','見込まず'),(3704,157,'2009-12-31',90,0,NULL,NULL,'V',''),(3705,157,'2009-12-31',50,0,NULL,NULL,'V',''),(3706,160,'2009-12-31',90,0,NULL,NULL,'S','H19 JOEモデル（供給限界 2041年）'),(3707,160,'2009-12-31',50,0,NULL,NULL,'S',''),(3708,162,'2009-12-31',90,1,NULL,NULL,'C','新規計上'),(3709,162,'2009-12-31',50,1,NULL,NULL,'C','');
/*!40000 ALTER TABLE `reserve_header` ENABLE KEYS */;
UNLOCK TABLES;

--
-- Table structure for table `reservoir`
--

DROP TABLE IF EXISTS `reservoir`;
SET @saved_cs_client     = @@character_set_client;
SET character_set_client = utf8;
CREATE TABLE `reservoir` (
  `reservoir_id` int(10) unsigned NOT NULL auto_increment,
  `reservoir` varchar(40) NOT NULL default '' COMMENT '全角文字を入力しないこと',
  `reservoir_zen` varchar(40) NOT NULL default '' COMMENT 'なるだけ全角文字のみ入力すること',
  `date_rsvr_aban` date default NULL COMMENT '採収終了となった日付',
  `date_added` date default NULL,
  `date_removed` date default NULL,
  `waterflooding` tinyint(1) NOT NULL default '0' COMMENT '水攻中か、どうか',
  `shallower` int(10) unsigned NOT NULL default '0' COMMENT '原則、浅いほど小さい値になる',
  `field_id` int(10) unsigned NOT NULL default '0',
  PRIMARY KEY  (`reservoir_id`),
  UNIQUE KEY `reservoir_id` (`reservoir_id`),
  UNIQUE KEY `reservoir` (`reservoir`,`field_id`),
  UNIQUE KEY `shallower_and_field` (`shallower`,`field_id`),
  KEY `field_id` (`field_id`),
  CONSTRAINT `reservoir_ibfk_1` FOREIGN KEY (`field_id`) REFERENCES `field` (`field_id`) ON UPDATE CASCADE
) ENGINE=InnoDB AUTO_INCREMENT=163 DEFAULT CHARSET=utf8;
SET character_set_client = @saved_cs_client;

--
-- Dumping data for table `reservoir`
--

LOCK TABLES `reservoir` WRITE;
/*!40000 ALTER TABLE `reservoir` DISABLE KEYS */;
INSERT INTO `reservoir` VALUES (1,'Yufutsu','勇払',NULL,NULL,NULL,0,100,1),(2,'Akebono Asasou','あけぼの浅層',NULL,NULL,NULL,0,200,2),(3,'1(AB Block)','1(ABブロック)',NULL,NULL,NULL,0,100,3),(4,'2ab(AB Block)','2ab(ABブロック)',NULL,NULL,NULL,1,110,3),(5,'3(AB Block)','3(ABブロック)',NULL,NULL,NULL,0,120,3),(6,'1,2,3, Upper(C)','1,2,3,上(C)',NULL,NULL,NULL,1,130,3),(7,'3 Lower(C)','3下(C)',NULL,NULL,NULL,1,140,3),(8,'1,2,3, Upper(DE)','1,2,3,上(DE)',NULL,NULL,'2003-12-31',0,150,3),(9,'1,2,3, Lower(DE)','1,2,3,下(DE)',NULL,NULL,'2003-12-31',1,155,3),(10,'4(North)','4(北部)',NULL,NULL,NULL,0,170,3),(11,'5(North)','5(北部)',NULL,NULL,NULL,0,180,3),(12,'6(North)','6(北部)',NULL,NULL,NULL,0,190,3),(13,'7(North)','7(北部)',NULL,NULL,NULL,0,200,3),(14,'8b(North)','8b(北部)',NULL,NULL,NULL,0,210,3),(15,'10(North)','10(北部)',NULL,NULL,NULL,0,220,3),(16,'11(North)','11(北部)',NULL,NULL,NULL,0,230,3),(17,'9+12(North)','9+12(北部)',NULL,NULL,NULL,0,240,3),(18,'South','申川南部',NULL,NULL,NULL,0,250,3),(19,'13+14+15(North)','13+14+15(北部)',NULL,NULL,NULL,0,100,4),(20,'14(Middle)','14(中部)',NULL,NULL,NULL,0,110,4),(21,'14+15(Main Block)','14+15(メインブロック)',NULL,NULL,NULL,0,120,4),(22,'13(South)','13(南部)',NULL,NULL,NULL,0,130,4),(23,'700M','700M',NULL,NULL,NULL,0,100,5),(24,'750+800M','750+800M',NULL,NULL,NULL,0,110,5),(25,'900MA+B','900MA+B',NULL,NULL,NULL,0,120,5),(26,'530+550M','530+550M',NULL,NULL,NULL,0,100,6),(27,'900MA+B(North)','900MA+B(北部)',NULL,NULL,NULL,0,110,6),(28,'900MA(South)','900MA(南部)',NULL,NULL,NULL,1,120,6),(29,'900MB(South)','900MB(南部)',NULL,NULL,NULL,1,130,6),(30,'900MC','900MC',NULL,NULL,NULL,0,140,6),(31,'900M上','900M上',NULL,NULL,NULL,0,100,7),(32,'900M下','900M下',NULL,NULL,NULL,0,110,7),(33,'Asasou North','浅層北部',NULL,NULL,NULL,0,100,8),(34,'Asasou South','浅層南部',NULL,NULL,NULL,0,110,8),(35,'Asasou West','浅層西部',NULL,NULL,NULL,0,120,8),(36,'Onnagawa1,2','女川1,2',NULL,NULL,NULL,0,130,8),(37,'A','A',NULL,NULL,NULL,0,140,8),(38,'B1','B1',NULL,NULL,NULL,0,150,8),(39,'B2','B2',NULL,NULL,NULL,0,160,8),(40,'B3','B3',NULL,NULL,NULL,0,170,8),(41,'Ayukawa All Layers','鮎川 全層',NULL,NULL,NULL,0,100,9),(42,'Koyoshigawa','子吉川',NULL,NULL,NULL,0,110,9),(43,'SK-48 Structure','SK-48構造',NULL,NULL,NULL,0,100,10),(44,'Light Oil All Layers','軽質油全層',NULL,NULL,NULL,0,110,10),(45,'Medium Oil All Layers','中質油全層',NULL,NULL,NULL,0,120,10),(46,'600M+620M','600M+620M',NULL,NULL,NULL,0,130,10),(47,'Higashi-Amarume SK-2,5','東余目SK-2,5',NULL,NULL,NULL,0,140,10),(48,'SK-7(Re)','SK-7(改)',NULL,NULL,NULL,0,100,11),(49,'SK-8(Re)','SK-8(改)',NULL,NULL,NULL,0,110,11),(50,'SK-11Upper(Re)','SK-11上(改)',NULL,NULL,NULL,0,120,11),(51,'SK-11Lower(Re)','SK-11下(改)',NULL,NULL,NULL,0,130,11),(52,'SK-12(Re)','SK-12(改)',NULL,NULL,NULL,0,140,11),(53,'Rest','その他(休廃)',NULL,NULL,NULL,0,150,11),(54,'600M','600M',NULL,NULL,NULL,0,100,12),(55,'I','I層',NULL,NULL,NULL,0,110,12),(56,'II','II層',NULL,NULL,NULL,0,120,12),(57,'2950M+3100M','2950M+3100M',NULL,NULL,NULL,0,140,12),(58,'Rest','その他',NULL,NULL,NULL,0,150,12),(59,'B2','B2',NULL,NULL,NULL,0,100,13),(60,'A','A',NULL,NULL,NULL,0,110,13),(61,'A1','A1',NULL,NULL,NULL,0,120,13),(62,'900m','900m',NULL,NULL,NULL,0,130,13),(63,'North S1','北部S1',NULL,NULL,NULL,0,140,13),(64,'North S2','北部S2',NULL,NULL,NULL,0,150,13),(65,'North S3','北部S3',NULL,NULL,NULL,0,160,13),(66,'South','南部計',NULL,NULL,NULL,0,170,13),(67,'1185m','1185m',NULL,NULL,NULL,0,100,14),(68,'1450m','1450m',NULL,NULL,NULL,0,110,14),(69,'1600m','1600m',NULL,NULL,NULL,0,120,14),(70,'2000m+2100m','2000m+2100m',NULL,NULL,NULL,0,130,14),(71,'2340mA1','2340mA1',NULL,NULL,NULL,0,140,14),(72,'2340mA,B1,B2','2340mA,B1,B2',NULL,NULL,NULL,0,150,14),(73,'2340mBC(NS-4)','2340mBC(NS-4)',NULL,NULL,NULL,0,160,14),(74,'2340mC(SK-6,MS-31)','2340mC(SK-6,MS-31)',NULL,NULL,NULL,0,170,14),(75,'2340mC(MS-23U)','2340mC(MS-23U)',NULL,NULL,NULL,0,180,14),(76,'2340mC(MS-42)','2340mC(MS-42)',NULL,NULL,NULL,0,190,14),(77,'2900mA','2900mA',NULL,NULL,'2007-12-31',0,200,14),(78,'2900mA3','2900mA3',NULL,NULL,'2007-12-31',0,210,14),(79,'2900mA4','2900mA4',NULL,NULL,'2007-12-31',0,220,14),(80,'2900mB','2900mB',NULL,NULL,NULL,0,230,14),(81,'2900mC,D','2900mC,D',NULL,NULL,NULL,0,240,14),(82,'3100m','3100m',NULL,NULL,NULL,0,250,14),(83,'3200m','3200m',NULL,NULL,NULL,0,260,14),(84,'3400m','3400m',NULL,NULL,NULL,0,270,14),(85,'3500m','3500m',NULL,NULL,NULL,0,280,14),(86,'Mitsuke All Layers','見附 全層',NULL,NULL,NULL,0,100,15),(87,'I','I層',NULL,NULL,NULL,0,100,16),(88,'III(SK-16)','III層(SK-16)',NULL,NULL,NULL,0,110,16),(89,'III(North)','III層(北部)',NULL,NULL,NULL,0,120,16),(90,'V','V層',NULL,NULL,NULL,0,100,17),(91,'V\'','V\'層',NULL,NULL,NULL,0,110,17),(92,'Fujikawa I(SK-20)','藤川I層(SK-20)',NULL,NULL,NULL,0,120,17),(93,'I,I\',III','I,I\',III層',NULL,NULL,NULL,0,130,17),(94,'Yoshii All Layers','吉井 全層',NULL,NULL,NULL,0,100,18),(95,'1000m','1000m',NULL,NULL,NULL,0,100,19),(96,'2700m(South)','2700m(南部)',NULL,NULL,NULL,0,110,19),(97,'2700m(North)','2700m(北部)',NULL,NULL,NULL,0,120,19),(98,'3200m(South)','3200m(南部)',NULL,NULL,NULL,0,130,19),(99,'3200m(North)','3200m(北部)',NULL,NULL,NULL,0,140,19),(100,'G0','G0',NULL,NULL,'2004-12-31',0,150,19),(101,'G2','G2',NULL,NULL,'2004-12-31',0,160,19),(102,'G3','G3',NULL,NULL,'2004-12-31',0,170,19),(103,'GX(Sakuramachi SK-1)','GX(桜町SK-1)',NULL,NULL,NULL,0,180,19),(104,'1200m','1200m',NULL,NULL,NULL,0,100,20),(105,'1500m','1500m',NULL,NULL,NULL,0,110,20),(106,'1550m','1550m',NULL,NULL,NULL,0,120,20),(107,'1600m','1600m',NULL,NULL,NULL,0,130,20),(108,'1900m','1900m',NULL,NULL,NULL,0,140,20),(109,'2000m','2000m',NULL,NULL,NULL,0,150,20),(110,'2050m','2050m',NULL,NULL,NULL,0,160,20),(111,'2100m','2100m',NULL,NULL,NULL,0,170,20),(112,'2800m','2800m',NULL,NULL,NULL,0,230,20),(113,'2900m','2900m',NULL,NULL,NULL,0,270,20),(114,'North 1900+2000m','北部1900+2000m',NULL,NULL,NULL,0,145,20),(115,'Aga-Oki All Layers','阿賀沖 全層',NULL,NULL,NULL,0,100,21),(116,'Biratori All Layers','平取 全層',NULL,NULL,NULL,0,100,22),(117,'Barato All Layers','茨戸 全層',NULL,NULL,NULL,0,100,23),(118,'Hashimoto All Layers','橋本 全層',NULL,NULL,NULL,0,100,24),(119,'Watanabe All Layers','渡部 全層',NULL,NULL,NULL,0,100,25),(120,'Katanishi All Layers','潟西 全層',NULL,NULL,NULL,0,100,26),(121,'Tsuchizaki-Oki All Layers','土崎沖 全層',NULL,NULL,NULL,0,100,27),(122,'Kitamichikawa-Oki All Layers','北道川沖 全層',NULL,NULL,NULL,0,100,28),(123,'Shimohama All Layers','下浜 全層',NULL,NULL,NULL,0,100,29),(124,'Futada All Layers','二田 全層',NULL,NULL,NULL,0,100,30),(125,'Kitakonoura All Layers','北金浦 全層',NULL,NULL,NULL,0,100,31),(126,'Nishioguni All Layers','西小国 全層',NULL,NULL,NULL,0,100,32),(127,'Daihangou All Layers','大飯郷 全層',NULL,NULL,NULL,0,100,33),(128,'Mega All Layers','女鹿 全層',NULL,NULL,NULL,0,100,34),(129,'Fukura All Layers','吹浦 全層',NULL,NULL,NULL,0,100,35),(130,'Oishi All Layers','生石 全層',NULL,NULL,NULL,0,100,36),(131,'Seki All Layers','関 全層',NULL,NULL,NULL,0,100,37),(132,'Minamisuibara All Layers','南水原 全層',NULL,NULL,NULL,0,100,38),(133,'Higashisanjou All Layers','東三条 全層',NULL,NULL,NULL,0,100,39),(134,'Honjouji All Layers','本成寺 全層',NULL,NULL,NULL,0,100,40),(135,'Kurosaka All Layers','黒坂 全層',NULL,NULL,NULL,0,100,41),(136,'Nagasawa All Layers','長沢 全層',NULL,NULL,NULL,0,100,42),(137,'Ohkouzu All Layers','大河津 全層',NULL,NULL,NULL,0,100,43),(138,'Tamugiyama All Layers','田麦山 全層',NULL,NULL,NULL,0,100,44),(139,'Serita All Layers','芹田 全層',NULL,NULL,NULL,0,100,45),(140,'Nakanomiya All Layers','中之宮 全層',NULL,NULL,NULL,0,100,46),(141,'Bessho All Layers','別所 全層',NULL,NULL,NULL,0,100,47),(142,'Maya All Layers','馬屋 全層',NULL,NULL,NULL,0,100,48),(143,'Sekihara All Layers','関原 全層',NULL,NULL,NULL,0,100,49),(144,'Green Tuff All','GreenTuff一括',NULL,'2004-12-31',NULL,0,174,19),(147,'SK-68','SK-68分',NULL,NULL,NULL,0,260,3),(148,'Shiiya','椎谷層',NULL,NULL,NULL,0,80,15),(149,'B4','B4',NULL,NULL,NULL,0,180,8),(150,'1300m','1300m',NULL,NULL,NULL,0,103,20),(151,'1850m','1850m',NULL,NULL,NULL,0,137,20),(152,'2100m Primary','2100m一次量',NULL,NULL,'1900-01-01',0,180,20),(153,'2100m Secondary','2100m二次量',NULL,NULL,'1900-01-01',0,183,20),(154,'2100m Gas Injection','2100mガス圧入・再生産',NULL,NULL,'1900-01-01',0,188,20),(155,'2800m West MS-1','2800m西MS-1',NULL,NULL,NULL,0,240,20),(156,'1,2,3,(DE)','1,2,3,(DE)',NULL,'2003-12-31',NULL,1,160,3),(157,'N','N層',NULL,NULL,NULL,0,130,12),(160,'2900mA All','2900mA一括',NULL,'2007-12-31',NULL,0,197,14),(162,'2850mB','2850mB',NULL,NULL,NULL,0,263,20);
/*!40000 ALTER TABLE `reservoir` ENABLE KEYS */;
UNLOCK TABLES;

DROP TABLE IF EXISTS `unit`;
SET @saved_cs_client     = @@character_set_client;
SET character_set_client = utf8;
CREATE TABLE `unit` (
  `unit_id` int(10) unsigned NOT NULL auto_increment,
  `unit` varchar(40) NOT NULL default '' COMMENT '全角文字を入力しないこと',
  `unit_zen` varchar(40) default NULL,
  `base_unit_id` int(10) unsigned default NULL,
  `unit_order` int(10) unsigned NOT NULL default '1' COMMENT '次数、位数などのオーダー（順序ではなく）',
  PRIMARY KEY  (`unit_id`),
  UNIQUE KEY `unit_id` (`unit_id`),
  UNIQUE KEY `unit` (`unit`),
  UNIQUE KEY `unique_unit_1` (`base_unit_id`,`unit_order`),
  CONSTRAINT `FK_unit_1` FOREIGN KEY (`base_unit_id`) REFERENCES `base_unit` (`base_unit_id`) ON DELETE CASCADE ON UPDATE CASCADE
) ENGINE=InnoDB AUTO_INCREMENT=8 DEFAULT CHARSET=utf8 COMMENT='unit, unit_zen には液体、ガス両方の単位を明記';
SET character_set_client = @saved_cs_client;

--
-- Dumping data for table `unit`
--

LOCK TABLES `unit` WRITE;
/*!40000 ALTER TABLE `unit` DISABLE KEYS */;
INSERT INTO `unit` VALUES (1,'KL','KL',1,1),(2,'10**3 m3','千m3',2,1000),(3,'10**3 KL','千KL',1,1000),(4,'10**6 m3','百万m3',2,1000000),(5,'m3','m3',2,1),(6,'STB','STB',3,1),(7,'SCF','SCF',4,1);
/*!40000 ALTER TABLE `unit` ENABLE KEYS */;
UNLOCK TABLES;

-- Dump completed on 2010-03-16  6:59:14
